exercise_id,exercise_name_de,muscle_id,muscle_name_de,role,contribution_weight_1_5,role_order,muscle_size_1_5,region
EX000001,Air Bike moderat,FULL_BODY,Ganzkörper,primary,5,1,5,Ganzkörper
EX000001,Air Bike moderat,QUADS,Quadrizeps,secondary,3,1,5,Unterkörper
EX000001,Air Bike moderat,GLUTES,Gesässmuskulatur,secondary,3,2,5,Unterkörper
EX000001,Air Bike moderat,HAMSTRINGS,Hintere Oberschenkelmuskulatur,secondary,3,3,4,Unterkörper
EX000001,Air Bike moderat,FRONT_DELTS,Vordere Schulter,secondary,2,4,2,Oberkörper
EX000001,Air Bike moderat,LATS,Latissimus,secondary,2,5,4,Oberkörper
EX000001,Air Bike moderat,TRICEPS,Trizeps,secondary,2,6,3,Oberkörper
EX000002,Air Bike Sprint,FULL_BODY,Ganzkörper,primary,5,1,5,Ganzkörper
EX000002,Air Bike Sprint,QUADS,Quadrizeps,secondary,3,1,5,Unterkörper
EX000002,Air Bike Sprint,GLUTES,Gesässmuskulatur,secondary,3,2,5,Unterkörper
EX000002,Air Bike Sprint,HAMSTRINGS,Hintere Oberschenkelmuskulatur,secondary,3,3,4,Unterkörper
EX000002,Air Bike Sprint,FRONT_DELTS,Vordere Schulter,secondary,2,4,2,Oberkörper
EX000002,Air Bike Sprint,LATS,Latissimus,secondary,2,5,4,Oberkörper
EX000002,Air Bike Sprint,TRICEPS,Trizeps,secondary,2,6,3,Oberkörper
EX000003,Aquajogging,FULL_BODY,Ganzkörper,primary,5,1,5,Ganzkörper
EX000003,Aquajogging,QUADS,Quadrizeps,secondary,3,1,5,Unterkörper
EX000003,Aquajogging,GLUTES,Gesässmuskulatur,secondary,3,2,5,Unterkörper
EX000003,Aquajogging,HAMSTRINGS,Hintere Oberschenkelmuskulatur,secondary,3,3,4,Unterkörper
EX000003,Aquajogging,HIP_FLEXORS,Hüftbeuger,secondary,2,4,2,Unterkörper
EX000003,Aquajogging,ABS,Gerade Bauchmuskulatur,secondary,2,5,3,Rumpf
EX000004,Bergauflauf im Freien,FULL_BODY,Ganzkörper,primary,5,1,5,Ganzkörper
EX000004,Bergauflauf im Freien,GLUTES,Gesässmuskulatur,secondary,3,1,5,Unterkörper
EX000004,Bergauflauf im Freien,QUADS,Quadrizeps,secondary,3,2,5,Unterkörper
EX000004,Bergauflauf im Freien,HAMSTRINGS,Hintere Oberschenkelmuskulatur,secondary,3,3,4,Unterkörper
EX000004,Bergauflauf im Freien,CALVES,Wadenmuskulatur,secondary,2,4,3,Unterkörper
EX000004,Bergauflauf im Freien,ABS,Gerade Bauchmuskulatur,secondary,2,5,3,Rumpf
EX000005,Crosstrainer rückwärts,QUADS,Quadrizeps,primary,5,1,5,Unterkörper
EX000005,Crosstrainer rückwärts,GLUTES,Gesässmuskulatur,secondary,3,1,5,Unterkörper
EX000005,Crosstrainer rückwärts,HAMSTRINGS,Hintere Oberschenkelmuskulatur,secondary,3,2,4,Unterkörper
EX000005,Crosstrainer rückwärts,CALVES,Wadenmuskulatur,secondary,3,3,3,Unterkörper
EX000006,Crosstrainer vorwärts,FULL_BODY,Ganzkörper,primary,5,1,5,Ganzkörper
EX000006,Crosstrainer vorwärts,QUADS,Quadrizeps,secondary,3,1,5,Unterkörper
EX000006,Crosstrainer vorwärts,GLUTES,Gesässmuskulatur,secondary,3,2,5,Unterkörper
EX000006,Crosstrainer vorwärts,HAMSTRINGS,Hintere Oberschenkelmuskulatur,secondary,3,3,4,Unterkörper
EX000006,Crosstrainer vorwärts,CALVES,Wadenmuskulatur,secondary,2,4,3,Unterkörper
EX000006,Crosstrainer vorwärts,FRONT_DELTS,Vordere Schulter,secondary,2,5,2,Oberkörper
EX000006,Crosstrainer vorwärts,LATS,Latissimus,secondary,2,6,4,Oberkörper
EX000007,Ergometer im Stehen,QUADS,Quadrizeps,primary,5,1,5,Unterkörper
EX000007,Ergometer im Stehen,GLUTES,Gesässmuskulatur,secondary,3,1,5,Unterkörper
EX000007,Ergometer im Stehen,HAMSTRINGS,Hintere Oberschenkelmuskulatur,secondary,3,2,4,Unterkörper
EX000007,Ergometer im Stehen,CALVES,Wadenmuskulatur,secondary,3,3,3,Unterkörper
EX000007,Ergometer im Stehen,ABS,Gerade Bauchmuskulatur,secondary,2,4,3,Rumpf
EX000008,Ergometer locker,QUADS,Quadrizeps,primary,5,1,5,Unterkörper
EX000008,Ergometer locker,GLUTES,Gesässmuskulatur,secondary,3,1,5,Unterkörper
EX000008,Ergometer locker,HAMSTRINGS,Hintere Oberschenkelmuskulatur,secondary,3,2,4,Unterkörper
EX000008,Ergometer locker,CALVES,Wadenmuskulatur,secondary,3,3,3,Unterkörper
EX000009,Ergometer moderat,QUADS,Quadrizeps,primary,5,1,5,Unterkörper
EX000009,Ergometer moderat,GLUTES,Gesässmuskulatur,secondary,3,1,5,Unterkörper
EX000009,Ergometer moderat,HAMSTRINGS,Hintere Oberschenkelmuskulatur,secondary,3,2,4,Unterkörper
EX000009,Ergometer moderat,CALVES,Wadenmuskulatur,secondary,3,3,3,Unterkörper
EX000010,Ergometer-Sprint,QUADS,Quadrizeps,primary,5,1,5,Unterkörper
EX000010,Ergometer-Sprint,GLUTES,Gesässmuskulatur,secondary,3,1,5,Unterkörper
EX000010,Ergometer-Sprint,HAMSTRINGS,Hintere Oberschenkelmuskulatur,secondary,3,2,4,Unterkörper
EX000010,Ergometer-Sprint,CALVES,Wadenmuskulatur,secondary,3,3,3,Unterkörper
EX000011,Gehen im Freien,FULL_BODY,Ganzkörper,primary,5,1,5,Ganzkörper
EX000011,Gehen im Freien,QUADS,Quadrizeps,secondary,3,1,5,Unterkörper
EX000011,Gehen im Freien,GLUTES,Gesässmuskulatur,secondary,3,2,5,Unterkörper
EX000011,Gehen im Freien,HAMSTRINGS,Hintere Oberschenkelmuskulatur,secondary,3,3,4,Unterkörper
EX000011,Gehen im Freien,CALVES,Wadenmuskulatur,secondary,2,4,3,Unterkörper
EX000012,Joggen im Freien,FULL_BODY,Ganzkörper,primary,5,1,5,Ganzkörper
EX000012,Joggen im Freien,QUADS,Quadrizeps,secondary,3,1,5,Unterkörper
EX000012,Joggen im Freien,GLUTES,Gesässmuskulatur,secondary,3,2,5,Unterkörper
EX000012,Joggen im Freien,HAMSTRINGS,Hintere Oberschenkelmuskulatur,secondary,3,3,4,Unterkörper
EX000012,Joggen im Freien,CALVES,Wadenmuskulatur,secondary,2,4,3,Unterkörper
EX000012,Joggen im Freien,ABS,Gerade Bauchmuskulatur,secondary,2,5,3,Rumpf
EX000013,Laufband-Gehen,QUADS,Quadrizeps,primary,5,1,5,Unterkörper
EX000013,Laufband-Gehen,GLUTES,Gesässmuskulatur,secondary,3,1,5,Unterkörper
EX000013,Laufband-Gehen,HAMSTRINGS,Hintere Oberschenkelmuskulatur,secondary,3,2,4,Unterkörper
EX000013,Laufband-Gehen,CALVES,Wadenmuskulatur,secondary,3,3,3,Unterkörper
EX000014,Laufband-Gehen mit Steigung,GLUTES,Gesässmuskulatur,primary,5,1,5,Unterkörper
EX000014,Laufband-Gehen mit Steigung,QUADS,Quadrizeps,secondary,3,1,5,Unterkörper
EX000014,Laufband-Gehen mit Steigung,HAMSTRINGS,Hintere Oberschenkelmuskulatur,secondary,3,2,4,Unterkörper
EX000014,Laufband-Gehen mit Steigung,CALVES,Wadenmuskulatur,secondary,3,3,3,Unterkörper
EX000015,Laufband-Joggen,FULL_BODY,Ganzkörper,primary,5,1,5,Ganzkörper
EX000015,Laufband-Joggen,QUADS,Quadrizeps,secondary,3,1,5,Unterkörper
EX000015,Laufband-Joggen,GLUTES,Gesässmuskulatur,secondary,3,2,5,Unterkörper
EX000015,Laufband-Joggen,HAMSTRINGS,Hintere Oberschenkelmuskulatur,secondary,3,3,4,Unterkörper
EX000015,Laufband-Joggen,CALVES,Wadenmuskulatur,secondary,2,4,3,Unterkörper
EX000016,Laufband-Laufen,FULL_BODY,Ganzkörper,primary,5,1,5,Ganzkörper
EX000016,Laufband-Laufen,QUADS,Quadrizeps,secondary,3,1,5,Unterkörper
EX000016,Laufband-Laufen,GLUTES,Gesässmuskulatur,secondary,3,2,5,Unterkörper
EX000016,Laufband-Laufen,HAMSTRINGS,Hintere Oberschenkelmuskulatur,secondary,3,3,4,Unterkörper
EX000016,Laufband-Laufen,CALVES,Wadenmuskulatur,secondary,2,4,3,Unterkörper
EX000017,Laufband-Schlittenmodus,FULL_BODY,Ganzkörper,primary,5,1,5,Ganzkörper
EX000017,Laufband-Schlittenmodus,QUADS,Quadrizeps,secondary,3,1,5,Unterkörper
EX000017,Laufband-Schlittenmodus,GLUTES,Gesässmuskulatur,secondary,3,2,5,Unterkörper
EX000017,Laufband-Schlittenmodus,CALVES,Wadenmuskulatur,secondary,3,3,3,Unterkörper
EX000017,Laufband-Schlittenmodus,ABS,Gerade Bauchmuskulatur,secondary,2,4,3,Rumpf
EX000017,Laufband-Schlittenmodus,FRONT_DELTS,Vordere Schulter,secondary,2,5,2,Oberkörper
EX000018,Laufband-Sprint,FULL_BODY,Ganzkörper,primary,5,1,5,Ganzkörper
EX000018,Laufband-Sprint,GLUTES,Gesässmuskulatur,secondary,3,1,5,Unterkörper
EX000018,Laufband-Sprint,HAMSTRINGS,Hintere Oberschenkelmuskulatur,secondary,3,2,4,Unterkörper
EX000018,Laufband-Sprint,QUADS,Quadrizeps,secondary,3,3,5,Unterkörper
EX000018,Laufband-Sprint,CALVES,Wadenmuskulatur,secondary,2,4,3,Unterkörper
EX000019,Laufen im Freien,FULL_BODY,Ganzkörper,primary,5,1,5,Ganzkörper
EX000019,Laufen im Freien,QUADS,Quadrizeps,secondary,3,1,5,Unterkörper
EX000019,Laufen im Freien,GLUTES,Gesässmuskulatur,secondary,3,2,5,Unterkörper
EX000019,Laufen im Freien,HAMSTRINGS,Hintere Oberschenkelmuskulatur,secondary,3,3,4,Unterkörper
EX000019,Laufen im Freien,CALVES,Wadenmuskulatur,secondary,2,4,3,Unterkörper
EX000019,Laufen im Freien,ABS,Gerade Bauchmuskulatur,secondary,2,5,3,Rumpf
EX000020,Nordic-Walking ohne spezifische Stöcke,FULL_BODY,Ganzkörper,primary,5,1,5,Ganzkörper
EX000020,Nordic-Walking ohne spezifische Stöcke,QUADS,Quadrizeps,secondary,3,1,5,Unterkörper
EX000020,Nordic-Walking ohne spezifische Stöcke,GLUTES,Gesässmuskulatur,secondary,3,2,5,Unterkörper
EX000020,Nordic-Walking ohne spezifische Stöcke,HAMSTRINGS,Hintere Oberschenkelmuskulatur,secondary,3,3,4,Unterkörper
EX000020,Nordic-Walking ohne spezifische Stöcke,CALVES,Wadenmuskulatur,secondary,2,4,3,Unterkörper
EX000020,Nordic-Walking ohne spezifische Stöcke,ABS,Gerade Bauchmuskulatur,secondary,2,5,3,Rumpf
EX000021,Ruderergometer locker,FULL_BODY,Ganzkörper,primary,5,1,5,Ganzkörper
EX000021,Ruderergometer locker,QUADS,Quadrizeps,secondary,3,1,5,Unterkörper
EX000021,Ruderergometer locker,GLUTES,Gesässmuskulatur,secondary,3,2,5,Unterkörper
EX000021,Ruderergometer locker,HAMSTRINGS,Hintere Oberschenkelmuskulatur,secondary,3,3,4,Unterkörper
EX000021,Ruderergometer locker,LATS,Latissimus,secondary,2,4,4,Oberkörper
EX000021,Ruderergometer locker,BICEPS,Bizeps,secondary,2,5,2,Oberkörper
EX000021,Ruderergometer locker,ABS,Gerade Bauchmuskulatur,secondary,2,6,3,Rumpf
EX000022,Ruderergometer moderat,FULL_BODY,Ganzkörper,primary,5,1,5,Ganzkörper
EX000022,Ruderergometer moderat,QUADS,Quadrizeps,secondary,3,1,5,Unterkörper
EX000022,Ruderergometer moderat,GLUTES,Gesässmuskulatur,secondary,3,2,5,Unterkörper
EX000022,Ruderergometer moderat,HAMSTRINGS,Hintere Oberschenkelmuskulatur,secondary,3,3,4,Unterkörper
EX000022,Ruderergometer moderat,LATS,Latissimus,secondary,2,4,4,Oberkörper
EX000022,Ruderergometer moderat,BICEPS,Bizeps,secondary,2,5,2,Oberkörper
EX000022,Ruderergometer moderat,ABS,Gerade Bauchmuskulatur,secondary,2,6,3,Rumpf
EX000023,Ruderergometer Sprint,FULL_BODY,Ganzkörper,primary,5,1,5,Ganzkörper
EX000023,Ruderergometer Sprint,QUADS,Quadrizeps,secondary,3,1,5,Unterkörper
EX000023,Ruderergometer Sprint,GLUTES,Gesässmuskulatur,secondary,3,2,5,Unterkörper
EX000023,Ruderergometer Sprint,HAMSTRINGS,Hintere Oberschenkelmuskulatur,secondary,3,3,4,Unterkörper
EX000023,Ruderergometer Sprint,LATS,Latissimus,secondary,2,4,4,Oberkörper
EX000023,Ruderergometer Sprint,BICEPS,Bizeps,secondary,2,5,2,Oberkörper
EX000023,Ruderergometer Sprint,ABS,Gerade Bauchmuskulatur,secondary,2,6,3,Rumpf
EX000024,Schwimmen Brust,FULL_BODY,Ganzkörper,primary,5,1,5,Ganzkörper
EX000024,Schwimmen Brust,CHEST,Brustmuskulatur,secondary,3,1,4,Oberkörper
EX000024,Schwimmen Brust,LATS,Latissimus,secondary,3,2,4,Oberkörper
EX000024,Schwimmen Brust,ADDUCTORS,Adduktoren,secondary,3,3,4,Unterkörper
EX000024,Schwimmen Brust,GLUTES,Gesässmuskulatur,secondary,2,4,5,Unterkörper
EX000024,Schwimmen Brust,ABS,Gerade Bauchmuskulatur,secondary,2,5,3,Rumpf
EX000025,Schwimmen Freistil,FULL_BODY,Ganzkörper,primary,5,1,5,Ganzkörper
EX000025,Schwimmen Freistil,LATS,Latissimus,secondary,3,1,4,Oberkörper
EX000025,Schwimmen Freistil,FRONT_DELTS,Vordere Schulter,secondary,3,2,2,Oberkörper
EX000025,Schwimmen Freistil,TRICEPS,Trizeps,secondary,3,3,3,Oberkörper
EX000025,Schwimmen Freistil,GLUTES,Gesässmuskulatur,secondary,2,4,5,Unterkörper
EX000025,Schwimmen Freistil,ABS,Gerade Bauchmuskulatur,secondary,2,5,3,Rumpf
EX000026,Schwimmen Rücken,FULL_BODY,Ganzkörper,primary,5,1,5,Ganzkörper
EX000026,Schwimmen Rücken,LATS,Latissimus,secondary,3,1,4,Oberkörper
EX000026,Schwimmen Rücken,REAR_DELTS,Hintere Schulter,secondary,3,2,2,Oberkörper
EX000026,Schwimmen Rücken,TRICEPS,Trizeps,secondary,3,3,3,Oberkörper
EX000026,Schwimmen Rücken,GLUTES,Gesässmuskulatur,secondary,2,4,5,Unterkörper
EX000026,Schwimmen Rücken,ABS,Gerade Bauchmuskulatur,secondary,2,5,3,Rumpf
EX000027,Schwimmen Schmetterling,FULL_BODY,Ganzkörper,primary,5,1,5,Ganzkörper
EX000027,Schwimmen Schmetterling,LATS,Latissimus,secondary,3,1,4,Oberkörper
EX000027,Schwimmen Schmetterling,CHEST,Brustmuskulatur,secondary,3,2,4,Oberkörper
EX000027,Schwimmen Schmetterling,FRONT_DELTS,Vordere Schulter,secondary,3,3,2,Oberkörper
EX000027,Schwimmen Schmetterling,TRICEPS,Trizeps,secondary,2,4,3,Oberkörper
EX000027,Schwimmen Schmetterling,ABS,Gerade Bauchmuskulatur,secondary,2,5,3,Rumpf
EX000027,Schwimmen Schmetterling,GLUTES,Gesässmuskulatur,secondary,2,6,5,Unterkörper
EX000028,SkiErg alternierend,FULL_BODY,Ganzkörper,primary,5,1,5,Ganzkörper
EX000028,SkiErg alternierend,LATS,Latissimus,secondary,3,1,4,Oberkörper
EX000028,SkiErg alternierend,TRICEPS,Trizeps,secondary,3,2,3,Oberkörper
EX000028,SkiErg alternierend,OBLIQUES,Seitliche Bauchmuskulatur,secondary,3,3,3,Rumpf
EX000028,SkiErg alternierend,GLUTES,Gesässmuskulatur,secondary,2,4,5,Unterkörper
EX000028,SkiErg alternierend,HAMSTRINGS,Hintere Oberschenkelmuskulatur,secondary,2,5,4,Unterkörper
EX000029,SkiErg beidarmig,FULL_BODY,Ganzkörper,primary,5,1,5,Ganzkörper
EX000029,SkiErg beidarmig,LATS,Latissimus,secondary,3,1,4,Oberkörper
EX000029,SkiErg beidarmig,TRICEPS,Trizeps,secondary,3,2,3,Oberkörper
EX000029,SkiErg beidarmig,ABS,Gerade Bauchmuskulatur,secondary,3,3,3,Rumpf
EX000029,SkiErg beidarmig,GLUTES,Gesässmuskulatur,secondary,2,4,5,Unterkörper
EX000029,SkiErg beidarmig,HAMSTRINGS,Hintere Oberschenkelmuskulatur,secondary,2,5,4,Unterkörper
EX000030,SkiErg im Kniestand,LATS,Latissimus,primary,5,1,4,Oberkörper
EX000030,SkiErg im Kniestand,TRICEPS,Trizeps,secondary,3,1,3,Oberkörper
EX000030,SkiErg im Kniestand,ABS,Gerade Bauchmuskulatur,secondary,3,2,3,Rumpf
EX000030,SkiErg im Kniestand,GLUTES,Gesässmuskulatur,secondary,3,3,5,Unterkörper
EX000031,Sprint im Freien,FULL_BODY,Ganzkörper,primary,5,1,5,Ganzkörper
EX000031,Sprint im Freien,GLUTES,Gesässmuskulatur,secondary,3,1,5,Unterkörper
EX000031,Sprint im Freien,HAMSTRINGS,Hintere Oberschenkelmuskulatur,secondary,3,2,4,Unterkörper
EX000031,Sprint im Freien,QUADS,Quadrizeps,secondary,3,3,5,Unterkörper
EX000031,Sprint im Freien,CALVES,Wadenmuskulatur,secondary,2,4,3,Unterkörper
EX000031,Sprint im Freien,ABS,Gerade Bauchmuskulatur,secondary,2,5,3,Rumpf
EX000032,Treppensteiger moderat,QUADS,Quadrizeps,primary,5,1,5,Unterkörper
EX000032,Treppensteiger moderat,GLUTES,Gesässmuskulatur,secondary,3,1,5,Unterkörper
EX000032,Treppensteiger moderat,HAMSTRINGS,Hintere Oberschenkelmuskulatur,secondary,3,2,4,Unterkörper
EX000032,Treppensteiger moderat,CALVES,Wadenmuskulatur,secondary,3,3,3,Unterkörper
EX000033,Treppensteiger schnell,QUADS,Quadrizeps,primary,5,1,5,Unterkörper
EX000033,Treppensteiger schnell,GLUTES,Gesässmuskulatur,secondary,3,1,5,Unterkörper
EX000033,Treppensteiger schnell,HAMSTRINGS,Hintere Oberschenkelmuskulatur,secondary,3,2,4,Unterkörper
EX000033,Treppensteiger schnell,CALVES,Wadenmuskulatur,secondary,3,3,3,Unterkörper
EX000034,Wandern,FULL_BODY,Ganzkörper,primary,5,1,5,Ganzkörper
EX000034,Wandern,QUADS,Quadrizeps,secondary,3,1,5,Unterkörper
EX000034,Wandern,GLUTES,Gesässmuskulatur,secondary,3,2,5,Unterkörper
EX000034,Wandern,HAMSTRINGS,Hintere Oberschenkelmuskulatur,secondary,3,3,4,Unterkörper
EX000034,Wandern,CALVES,Wadenmuskulatur,secondary,2,4,3,Unterkörper
EX000034,Wandern,ABS,Gerade Bauchmuskulatur,secondary,2,5,3,Rumpf
EX000035,Zügiges Gehen im Freien,FULL_BODY,Ganzkörper,primary,5,1,5,Ganzkörper
EX000035,Zügiges Gehen im Freien,QUADS,Quadrizeps,secondary,3,1,5,Unterkörper
EX000035,Zügiges Gehen im Freien,GLUTES,Gesässmuskulatur,secondary,3,2,5,Unterkörper
EX000035,Zügiges Gehen im Freien,HAMSTRINGS,Hintere Oberschenkelmuskulatur,secondary,3,3,4,Unterkörper
EX000035,Zügiges Gehen im Freien,CALVES,Wadenmuskulatur,secondary,2,4,3,Unterkörper
EX000036,Bear-Hug Carry mit Sandsack,FULL_BODY,Ganzkörper,primary,5,1,5,Ganzkörper
EX000036,Bear-Hug Carry mit Sandsack,BICEPS,Bizeps,secondary,3,1,2,Oberkörper
EX000036,Bear-Hug Carry mit Sandsack,CHEST,Brustmuskulatur,secondary,3,2,4,Oberkörper
EX000036,Bear-Hug Carry mit Sandsack,ABS,Gerade Bauchmuskulatur,secondary,3,3,3,Rumpf
EX000036,Bear-Hug Carry mit Sandsack,ERECTORS,Rückenstrecker,secondary,2,4,4,Rumpf
EX000036,Bear-Hug Carry mit Sandsack,GLUTES,Gesässmuskulatur,secondary,2,5,5,Unterkörper
EX000036,Bear-Hug Carry mit Sandsack,QUADS,Quadrizeps,secondary,2,6,5,Unterkörper
EX000037,Bottom-up Kettlebell Carry,FOREARMS,Unterarmmuskulatur,primary,5,1,2,Oberkörper
EX000037,Bottom-up Kettlebell Carry,ROTATOR_CUFF,Rotatorenmanschette,secondary,3,1,1,Oberkörper
EX000037,Bottom-up Kettlebell Carry,OBLIQUES,Seitliche Bauchmuskulatur,secondary,3,2,3,Rumpf
EX000037,Bottom-up Kettlebell Carry,DEEP_CORE,Tiefe Rumpfmuskulatur,secondary,3,3,2,Rumpf
EX000037,Bottom-up Kettlebell Carry,GLUTES,Gesässmuskulatur,secondary,2,4,5,Unterkörper
EX000037,Bottom-up Kettlebell Carry,QUADS,Quadrizeps,secondary,2,5,5,Unterkörper
EX000038,Einarmiger Overhead Carry mit Kettlebell,OBLIQUES,Seitliche Bauchmuskulatur,primary,5,1,3,Rumpf
EX000038,Einarmiger Overhead Carry mit Kettlebell,TRAPS,Trapezmuskel,secondary,3,1,3,Oberkörper
EX000038,Einarmiger Overhead Carry mit Kettlebell,ROTATOR_CUFF,Rotatorenmanschette,secondary,3,2,1,Oberkörper
EX000038,Einarmiger Overhead Carry mit Kettlebell,DEEP_CORE,Tiefe Rumpfmuskulatur,secondary,3,3,2,Rumpf
EX000038,Einarmiger Overhead Carry mit Kettlebell,GLUTES,Gesässmuskulatur,secondary,2,4,5,Unterkörper
EX000038,Einarmiger Overhead Carry mit Kettlebell,QUADS,Quadrizeps,secondary,2,5,5,Unterkörper
EX000039,Einarmiger Overhead Carry mit Kurzhantel,OBLIQUES,Seitliche Bauchmuskulatur,primary,5,1,3,Rumpf
EX000039,Einarmiger Overhead Carry mit Kurzhantel,TRAPS,Trapezmuskel,secondary,3,1,3,Oberkörper
EX000039,Einarmiger Overhead Carry mit Kurzhantel,ROTATOR_CUFF,Rotatorenmanschette,secondary,3,2,1,Oberkörper
EX000039,Einarmiger Overhead Carry mit Kurzhantel,DEEP_CORE,Tiefe Rumpfmuskulatur,secondary,3,3,2,Rumpf
EX000039,Einarmiger Overhead Carry mit Kurzhantel,GLUTES,Gesässmuskulatur,secondary,2,4,5,Unterkörper
EX000039,Einarmiger Overhead Carry mit Kurzhantel,QUADS,Quadrizeps,secondary,2,5,5,Unterkörper
EX000040,Farmer's March auf der Stelle,FULL_BODY,Ganzkörper,primary,5,1,5,Ganzkörper
EX000040,Farmer's March auf der Stelle,HIP_FLEXORS,Hüftbeuger,secondary,3,1,2,Unterkörper
EX000040,Farmer's March auf der Stelle,GLUTES,Gesässmuskulatur,secondary,3,2,5,Unterkörper
EX000040,Farmer's March auf der Stelle,OBLIQUES,Seitliche Bauchmuskulatur,secondary,3,3,3,Rumpf
EX000040,Farmer's March auf der Stelle,FOREARMS,Unterarmmuskulatur,secondary,2,4,2,Oberkörper
EX000040,Farmer's March auf der Stelle,TRAPS,Trapezmuskel,secondary,2,5,3,Oberkörper
EX000041,Farmer's Walk auf Zehenspitzen,FULL_BODY,Ganzkörper,primary,5,1,5,Ganzkörper
EX000041,Farmer's Walk auf Zehenspitzen,CALVES,Wadenmuskulatur,secondary,3,1,3,Unterkörper
EX000041,Farmer's Walk auf Zehenspitzen,FOREARMS,Unterarmmuskulatur,secondary,3,2,2,Oberkörper
EX000041,Farmer's Walk auf Zehenspitzen,TRAPS,Trapezmuskel,secondary,3,3,3,Oberkörper
EX000041,Farmer's Walk auf Zehenspitzen,DEEP_CORE,Tiefe Rumpfmuskulatur,secondary,2,4,2,Rumpf
EX000042,Farmer's Walk mit Farmer Handles,FULL_BODY,Ganzkörper,primary,5,1,5,Ganzkörper
EX000042,Farmer's Walk mit Farmer Handles,FOREARMS,Unterarmmuskulatur,secondary,3,1,2,Oberkörper
EX000042,Farmer's Walk mit Farmer Handles,TRAPS,Trapezmuskel,secondary,3,2,3,Oberkörper
EX000042,Farmer's Walk mit Farmer Handles,DEEP_CORE,Tiefe Rumpfmuskulatur,secondary,3,3,2,Rumpf
EX000042,Farmer's Walk mit Farmer Handles,OBLIQUES,Seitliche Bauchmuskulatur,secondary,2,4,3,Rumpf
EX000042,Farmer's Walk mit Farmer Handles,GLUTES,Gesässmuskulatur,secondary,2,5,5,Unterkörper
EX000042,Farmer's Walk mit Farmer Handles,QUADS,Quadrizeps,secondary,2,6,5,Unterkörper
EX000042,Farmer's Walk mit Farmer Handles,CALVES,Wadenmuskulatur,secondary,2,7,3,Unterkörper
EX000043,Farmer's Walk mit Griffverdickung,FULL_BODY,Ganzkörper,primary,5,1,5,Ganzkörper
EX000043,Farmer's Walk mit Griffverdickung,FOREARMS,Unterarmmuskulatur,secondary,3,1,2,Oberkörper
EX000043,Farmer's Walk mit Griffverdickung,TRAPS,Trapezmuskel,secondary,3,2,3,Oberkörper
EX000043,Farmer's Walk mit Griffverdickung,DEEP_CORE,Tiefe Rumpfmuskulatur,secondary,3,3,2,Rumpf
EX000043,Farmer's Walk mit Griffverdickung,GLUTES,Gesässmuskulatur,secondary,2,4,5,Unterkörper
EX000043,Farmer's Walk mit Griffverdickung,QUADS,Quadrizeps,secondary,2,5,5,Unterkörper
EX000044,Farmer's Walk mit Kettlebells,FULL_BODY,Ganzkörper,primary,5,1,5,Ganzkörper
EX000044,Farmer's Walk mit Kettlebells,FOREARMS,Unterarmmuskulatur,secondary,3,1,2,Oberkörper
EX000044,Farmer's Walk mit Kettlebells,TRAPS,Trapezmuskel,secondary,3,2,3,Oberkörper
EX000044,Farmer's Walk mit Kettlebells,DEEP_CORE,Tiefe Rumpfmuskulatur,secondary,3,3,2,Rumpf
EX000044,Farmer's Walk mit Kettlebells,OBLIQUES,Seitliche Bauchmuskulatur,secondary,2,4,3,Rumpf
EX000044,Farmer's Walk mit Kettlebells,GLUTES,Gesässmuskulatur,secondary,2,5,5,Unterkörper
EX000044,Farmer's Walk mit Kettlebells,QUADS,Quadrizeps,secondary,2,6,5,Unterkörper
EX000044,Farmer's Walk mit Kettlebells,CALVES,Wadenmuskulatur,secondary,2,7,3,Unterkörper
EX000045,Farmer's Walk mit Kurzhanteln,FULL_BODY,Ganzkörper,primary,5,1,5,Ganzkörper
EX000045,Farmer's Walk mit Kurzhanteln,FOREARMS,Unterarmmuskulatur,secondary,3,1,2,Oberkörper
EX000045,Farmer's Walk mit Kurzhanteln,TRAPS,Trapezmuskel,secondary,3,2,3,Oberkörper
EX000045,Farmer's Walk mit Kurzhanteln,DEEP_CORE,Tiefe Rumpfmuskulatur,secondary,3,3,2,Rumpf
EX000045,Farmer's Walk mit Kurzhanteln,OBLIQUES,Seitliche Bauchmuskulatur,secondary,2,4,3,Rumpf
EX000045,Farmer's Walk mit Kurzhanteln,GLUTES,Gesässmuskulatur,secondary,2,5,5,Unterkörper
EX000045,Farmer's Walk mit Kurzhanteln,QUADS,Quadrizeps,secondary,2,6,5,Unterkörper
EX000045,Farmer's Walk mit Kurzhanteln,CALVES,Wadenmuskulatur,secondary,2,7,3,Unterkörper
EX000046,Farmer's Walk mit Trap Bar,FULL_BODY,Ganzkörper,primary,5,1,5,Ganzkörper
EX000046,Farmer's Walk mit Trap Bar,FOREARMS,Unterarmmuskulatur,secondary,3,1,2,Oberkörper
EX000046,Farmer's Walk mit Trap Bar,TRAPS,Trapezmuskel,secondary,3,2,3,Oberkörper
EX000046,Farmer's Walk mit Trap Bar,DEEP_CORE,Tiefe Rumpfmuskulatur,secondary,3,3,2,Rumpf
EX000046,Farmer's Walk mit Trap Bar,ERECTORS,Rückenstrecker,secondary,2,4,4,Rumpf
EX000046,Farmer's Walk mit Trap Bar,GLUTES,Gesässmuskulatur,secondary,2,5,5,Unterkörper
EX000046,Farmer's Walk mit Trap Bar,QUADS,Quadrizeps,secondary,2,6,5,Unterkörper
EX000046,Farmer's Walk mit Trap Bar,CALVES,Wadenmuskulatur,secondary,2,7,3,Unterkörper
EX000047,Front-Rack Carry mit einer Kettlebell,OBLIQUES,Seitliche Bauchmuskulatur,primary,5,1,3,Rumpf
EX000047,Front-Rack Carry mit einer Kettlebell,DEEP_CORE,Tiefe Rumpfmuskulatur,secondary,3,1,2,Rumpf
EX000047,Front-Rack Carry mit einer Kettlebell,ABS,Gerade Bauchmuskulatur,secondary,3,2,3,Rumpf
EX000047,Front-Rack Carry mit einer Kettlebell,FRONT_DELTS,Vordere Schulter,secondary,3,3,2,Oberkörper
EX000047,Front-Rack Carry mit einer Kettlebell,FOREARMS,Unterarmmuskulatur,secondary,2,4,2,Oberkörper
EX000047,Front-Rack Carry mit einer Kettlebell,GLUTES,Gesässmuskulatur,secondary,2,5,5,Unterkörper
EX000047,Front-Rack Carry mit einer Kettlebell,QUADS,Quadrizeps,secondary,2,6,5,Unterkörper
EX000048,Front-Rack Carry mit Langhantel,FULL_BODY,Ganzkörper,primary,5,1,5,Ganzkörper
EX000048,Front-Rack Carry mit Langhantel,DEEP_CORE,Tiefe Rumpfmuskulatur,secondary,3,1,2,Rumpf
EX000048,Front-Rack Carry mit Langhantel,ABS,Gerade Bauchmuskulatur,secondary,3,2,3,Rumpf
EX000048,Front-Rack Carry mit Langhantel,FRONT_DELTS,Vordere Schulter,secondary,3,3,2,Oberkörper
EX000048,Front-Rack Carry mit Langhantel,TRAPS,Trapezmuskel,secondary,2,4,3,Oberkörper
EX000048,Front-Rack Carry mit Langhantel,GLUTES,Gesässmuskulatur,secondary,2,5,5,Unterkörper
EX000048,Front-Rack Carry mit Langhantel,QUADS,Quadrizeps,secondary,2,6,5,Unterkörper
EX000049,Front-Rack Carry mit zwei Kettlebells,FULL_BODY,Ganzkörper,primary,5,1,5,Ganzkörper
EX000049,Front-Rack Carry mit zwei Kettlebells,DEEP_CORE,Tiefe Rumpfmuskulatur,secondary,3,1,2,Rumpf
EX000049,Front-Rack Carry mit zwei Kettlebells,ABS,Gerade Bauchmuskulatur,secondary,3,2,3,Rumpf
EX000049,Front-Rack Carry mit zwei Kettlebells,FRONT_DELTS,Vordere Schulter,secondary,3,3,2,Oberkörper
EX000049,Front-Rack Carry mit zwei Kettlebells,FOREARMS,Unterarmmuskulatur,secondary,2,4,2,Oberkörper
EX000049,Front-Rack Carry mit zwei Kettlebells,GLUTES,Gesässmuskulatur,secondary,2,5,5,Unterkörper
EX000049,Front-Rack Carry mit zwei Kettlebells,QUADS,Quadrizeps,secondary,2,6,5,Unterkörper
EX000050,Front-Rack March auf der Stelle,FULL_BODY,Ganzkörper,primary,5,1,5,Ganzkörper
EX000050,Front-Rack March auf der Stelle,ABS,Gerade Bauchmuskulatur,secondary,3,1,3,Rumpf
EX000050,Front-Rack March auf der Stelle,HIP_FLEXORS,Hüftbeuger,secondary,3,2,2,Unterkörper
EX000050,Front-Rack March auf der Stelle,GLUTES,Gesässmuskulatur,secondary,3,3,5,Unterkörper
EX000050,Front-Rack March auf der Stelle,FRONT_DELTS,Vordere Schulter,secondary,2,4,2,Oberkörper
EX000051,Goblet Carry mit Kettlebell,FULL_BODY,Ganzkörper,primary,5,1,5,Ganzkörper
EX000051,Goblet Carry mit Kettlebell,ABS,Gerade Bauchmuskulatur,secondary,3,1,3,Rumpf
EX000051,Goblet Carry mit Kettlebell,DEEP_CORE,Tiefe Rumpfmuskulatur,secondary,3,2,2,Rumpf
EX000051,Goblet Carry mit Kettlebell,BICEPS,Bizeps,secondary,3,3,2,Oberkörper
EX000051,Goblet Carry mit Kettlebell,GLUTES,Gesässmuskulatur,secondary,2,4,5,Unterkörper
EX000051,Goblet Carry mit Kettlebell,QUADS,Quadrizeps,secondary,2,5,5,Unterkörper
EX000052,Goblet Carry mit Kurzhantel,FULL_BODY,Ganzkörper,primary,5,1,5,Ganzkörper
EX000052,Goblet Carry mit Kurzhantel,ABS,Gerade Bauchmuskulatur,secondary,3,1,3,Rumpf
EX000052,Goblet Carry mit Kurzhantel,DEEP_CORE,Tiefe Rumpfmuskulatur,secondary,3,2,2,Rumpf
EX000052,Goblet Carry mit Kurzhantel,BICEPS,Bizeps,secondary,3,3,2,Oberkörper
EX000052,Goblet Carry mit Kurzhantel,GLUTES,Gesässmuskulatur,secondary,2,4,5,Unterkörper
EX000052,Goblet Carry mit Kurzhantel,QUADS,Quadrizeps,secondary,2,5,5,Unterkörper
EX000053,Hantelscheiben Carry vor der Brust,FULL_BODY,Ganzkörper,primary,5,1,5,Ganzkörper
EX000053,Hantelscheiben Carry vor der Brust,BICEPS,Bizeps,secondary,3,1,2,Oberkörper
EX000053,Hantelscheiben Carry vor der Brust,CHEST,Brustmuskulatur,secondary,3,2,4,Oberkörper
EX000053,Hantelscheiben Carry vor der Brust,FRONT_DELTS,Vordere Schulter,secondary,3,3,2,Oberkörper
EX000053,Hantelscheiben Carry vor der Brust,ABS,Gerade Bauchmuskulatur,secondary,2,4,3,Rumpf
EX000053,Hantelscheiben Carry vor der Brust,GLUTES,Gesässmuskulatur,secondary,2,5,5,Unterkörper
EX000053,Hantelscheiben Carry vor der Brust,QUADS,Quadrizeps,secondary,2,6,5,Unterkörper
EX000054,Koffer-und-Overhead-Carry,FULL_BODY,Ganzkörper,primary,5,1,5,Ganzkörper
EX000054,Koffer-und-Overhead-Carry,OBLIQUES,Seitliche Bauchmuskulatur,secondary,3,1,3,Rumpf
EX000054,Koffer-und-Overhead-Carry,FOREARMS,Unterarmmuskulatur,secondary,3,2,2,Oberkörper
EX000054,Koffer-und-Overhead-Carry,TRAPS,Trapezmuskel,secondary,3,3,3,Oberkörper
EX000054,Koffer-und-Overhead-Carry,ROTATOR_CUFF,Rotatorenmanschette,secondary,2,4,1,Oberkörper
EX000054,Koffer-und-Overhead-Carry,GLUTES,Gesässmuskulatur,secondary,2,5,5,Unterkörper
EX000054,Koffer-und-Overhead-Carry,QUADS,Quadrizeps,secondary,2,6,5,Unterkörper
EX000055,Kreuzgriff-Carry mit zwei unterschiedlichen Lasten,OBLIQUES,Seitliche Bauchmuskulatur,primary,5,1,3,Rumpf
EX000055,Kreuzgriff-Carry mit zwei unterschiedlichen Lasten,DEEP_CORE,Tiefe Rumpfmuskulatur,secondary,3,1,2,Rumpf
EX000055,Kreuzgriff-Carry mit zwei unterschiedlichen Lasten,FOREARMS,Unterarmmuskulatur,secondary,3,2,2,Oberkörper
EX000055,Kreuzgriff-Carry mit zwei unterschiedlichen Lasten,TRAPS,Trapezmuskel,secondary,3,3,3,Oberkörper
EX000055,Kreuzgriff-Carry mit zwei unterschiedlichen Lasten,GLUTES,Gesässmuskulatur,secondary,2,4,5,Unterkörper
EX000055,Kreuzgriff-Carry mit zwei unterschiedlichen Lasten,QUADS,Quadrizeps,secondary,2,5,5,Unterkörper
EX000056,Langhantel-Overhead-Carry,FULL_BODY,Ganzkörper,primary,5,1,5,Ganzkörper
EX000056,Langhantel-Overhead-Carry,TRAPS,Trapezmuskel,secondary,3,1,3,Oberkörper
EX000056,Langhantel-Overhead-Carry,ROTATOR_CUFF,Rotatorenmanschette,secondary,3,2,1,Oberkörper
EX000056,Langhantel-Overhead-Carry,DEEP_CORE,Tiefe Rumpfmuskulatur,secondary,3,3,2,Rumpf
EX000056,Langhantel-Overhead-Carry,GLUTES,Gesässmuskulatur,secondary,2,4,5,Unterkörper
EX000056,Langhantel-Overhead-Carry,QUADS,Quadrizeps,secondary,2,5,5,Unterkörper
EX000057,Medizinball Bear-Hug Carry,FULL_BODY,Ganzkörper,primary,5,1,5,Ganzkörper
EX000057,Medizinball Bear-Hug Carry,BICEPS,Bizeps,secondary,3,1,2,Oberkörper
EX000057,Medizinball Bear-Hug Carry,CHEST,Brustmuskulatur,secondary,3,2,4,Oberkörper
EX000057,Medizinball Bear-Hug Carry,ABS,Gerade Bauchmuskulatur,secondary,3,3,3,Rumpf
EX000057,Medizinball Bear-Hug Carry,GLUTES,Gesässmuskulatur,secondary,2,4,5,Unterkörper
EX000057,Medizinball Bear-Hug Carry,QUADS,Quadrizeps,secondary,2,5,5,Unterkörper
EX000058,Overhead Carry mit Kettlebells,FULL_BODY,Ganzkörper,primary,5,1,5,Ganzkörper
EX000058,Overhead Carry mit Kettlebells,TRAPS,Trapezmuskel,secondary,3,1,3,Oberkörper
EX000058,Overhead Carry mit Kettlebells,ROTATOR_CUFF,Rotatorenmanschette,secondary,3,2,1,Oberkörper
EX000058,Overhead Carry mit Kettlebells,DEEP_CORE,Tiefe Rumpfmuskulatur,secondary,3,3,2,Rumpf
EX000058,Overhead Carry mit Kettlebells,OBLIQUES,Seitliche Bauchmuskulatur,secondary,2,4,3,Rumpf
EX000058,Overhead Carry mit Kettlebells,GLUTES,Gesässmuskulatur,secondary,2,5,5,Unterkörper
EX000058,Overhead Carry mit Kettlebells,QUADS,Quadrizeps,secondary,2,6,5,Unterkörper
EX000059,Overhead Carry mit Kurzhanteln,FULL_BODY,Ganzkörper,primary,5,1,5,Ganzkörper
EX000059,Overhead Carry mit Kurzhanteln,TRAPS,Trapezmuskel,secondary,3,1,3,Oberkörper
EX000059,Overhead Carry mit Kurzhanteln,ROTATOR_CUFF,Rotatorenmanschette,secondary,3,2,1,Oberkörper
EX000059,Overhead Carry mit Kurzhanteln,DEEP_CORE,Tiefe Rumpfmuskulatur,secondary,3,3,2,Rumpf
EX000059,Overhead Carry mit Kurzhanteln,OBLIQUES,Seitliche Bauchmuskulatur,secondary,2,4,3,Rumpf
EX000059,Overhead Carry mit Kurzhanteln,GLUTES,Gesässmuskulatur,secondary,2,5,5,Unterkörper
EX000059,Overhead Carry mit Kurzhanteln,QUADS,Quadrizeps,secondary,2,6,5,Unterkörper
EX000060,Pinch-Block Carry,FOREARMS,Unterarmmuskulatur,primary,5,1,2,Oberkörper
EX000060,Pinch-Block Carry,TRAPS,Trapezmuskel,secondary,3,1,3,Oberkörper
EX000060,Pinch-Block Carry,OBLIQUES,Seitliche Bauchmuskulatur,secondary,3,2,3,Rumpf
EX000060,Pinch-Block Carry,GLUTES,Gesässmuskulatur,secondary,3,3,5,Unterkörper
EX000060,Pinch-Block Carry,QUADS,Quadrizeps,secondary,2,4,5,Unterkörper
EX000061,Pinch-Plate Carry,FOREARMS,Unterarmmuskulatur,primary,5,1,2,Oberkörper
EX000061,Pinch-Plate Carry,TRAPS,Trapezmuskel,secondary,3,1,3,Oberkörper
EX000061,Pinch-Plate Carry,OBLIQUES,Seitliche Bauchmuskulatur,secondary,3,2,3,Rumpf
EX000061,Pinch-Plate Carry,GLUTES,Gesässmuskulatur,secondary,3,3,5,Unterkörper
EX000061,Pinch-Plate Carry,QUADS,Quadrizeps,secondary,2,4,5,Unterkörper
EX000062,Rack Carry mit zwei Kurzhanteln,FULL_BODY,Ganzkörper,primary,5,1,5,Ganzkörper
EX000062,Rack Carry mit zwei Kurzhanteln,FRONT_DELTS,Vordere Schulter,secondary,3,1,2,Oberkörper
EX000062,Rack Carry mit zwei Kurzhanteln,BICEPS,Bizeps,secondary,3,2,2,Oberkörper
EX000062,Rack Carry mit zwei Kurzhanteln,ABS,Gerade Bauchmuskulatur,secondary,3,3,3,Rumpf
EX000062,Rack Carry mit zwei Kurzhanteln,GLUTES,Gesässmuskulatur,secondary,2,4,5,Unterkörper
EX000062,Rack Carry mit zwei Kurzhanteln,QUADS,Quadrizeps,secondary,2,5,5,Unterkörper
EX000063,Rückwärts Farmer's Walk,FULL_BODY,Ganzkörper,primary,5,1,5,Ganzkörper
EX000063,Rückwärts Farmer's Walk,FOREARMS,Unterarmmuskulatur,secondary,3,1,2,Oberkörper
EX000063,Rückwärts Farmer's Walk,TRAPS,Trapezmuskel,secondary,3,2,3,Oberkörper
EX000063,Rückwärts Farmer's Walk,DEEP_CORE,Tiefe Rumpfmuskulatur,secondary,3,3,2,Rumpf
EX000063,Rückwärts Farmer's Walk,QUADS,Quadrizeps,secondary,2,4,5,Unterkörper
EX000063,Rückwärts Farmer's Walk,CALVES,Wadenmuskulatur,secondary,2,5,3,Unterkörper
EX000064,Sandsack Carry auf einer Schulter,OBLIQUES,Seitliche Bauchmuskulatur,primary,5,1,3,Rumpf
EX000064,Sandsack Carry auf einer Schulter,TRAPS,Trapezmuskel,secondary,3,1,3,Oberkörper
EX000064,Sandsack Carry auf einer Schulter,DEEP_CORE,Tiefe Rumpfmuskulatur,secondary,3,2,2,Rumpf
EX000064,Sandsack Carry auf einer Schulter,ERECTORS,Rückenstrecker,secondary,3,3,4,Rumpf
EX000064,Sandsack Carry auf einer Schulter,GLUTES,Gesässmuskulatur,secondary,2,4,5,Unterkörper
EX000064,Sandsack Carry auf einer Schulter,QUADS,Quadrizeps,secondary,2,5,5,Unterkörper
EX000065,Sandsack Carry im Front Rack,FULL_BODY,Ganzkörper,primary,5,1,5,Ganzkörper
EX000065,Sandsack Carry im Front Rack,BICEPS,Bizeps,secondary,3,1,2,Oberkörper
EX000065,Sandsack Carry im Front Rack,FRONT_DELTS,Vordere Schulter,secondary,3,2,2,Oberkörper
EX000065,Sandsack Carry im Front Rack,ABS,Gerade Bauchmuskulatur,secondary,3,3,3,Rumpf
EX000065,Sandsack Carry im Front Rack,ERECTORS,Rückenstrecker,secondary,2,4,4,Rumpf
EX000065,Sandsack Carry im Front Rack,GLUTES,Gesässmuskulatur,secondary,2,5,5,Unterkörper
EX000065,Sandsack Carry im Front Rack,QUADS,Quadrizeps,secondary,2,6,5,Unterkörper
EX000066,Sandsack Zercher Carry,FULL_BODY,Ganzkörper,primary,5,1,5,Ganzkörper
EX000066,Sandsack Zercher Carry,BICEPS,Bizeps,secondary,3,1,2,Oberkörper
EX000066,Sandsack Zercher Carry,ABS,Gerade Bauchmuskulatur,secondary,3,2,3,Rumpf
EX000066,Sandsack Zercher Carry,ERECTORS,Rückenstrecker,secondary,3,3,4,Rumpf
EX000066,Sandsack Zercher Carry,GLUTES,Gesässmuskulatur,secondary,2,4,5,Unterkörper
EX000066,Sandsack Zercher Carry,QUADS,Quadrizeps,secondary,2,5,5,Unterkörper
EX000067,Suitcase Carry mit Kettlebell,OBLIQUES,Seitliche Bauchmuskulatur,primary,5,1,3,Rumpf
EX000067,Suitcase Carry mit Kettlebell,DEEP_CORE,Tiefe Rumpfmuskulatur,secondary,3,1,2,Rumpf
EX000067,Suitcase Carry mit Kettlebell,FOREARMS,Unterarmmuskulatur,secondary,3,2,2,Oberkörper
EX000067,Suitcase Carry mit Kettlebell,TRAPS,Trapezmuskel,secondary,3,3,3,Oberkörper
EX000067,Suitcase Carry mit Kettlebell,GLUTES,Gesässmuskulatur,secondary,2,4,5,Unterkörper
EX000067,Suitcase Carry mit Kettlebell,QUADS,Quadrizeps,secondary,2,5,5,Unterkörper
EX000068,Suitcase Carry mit Kurzhantel,OBLIQUES,Seitliche Bauchmuskulatur,primary,5,1,3,Rumpf
EX000068,Suitcase Carry mit Kurzhantel,DEEP_CORE,Tiefe Rumpfmuskulatur,secondary,3,1,2,Rumpf
EX000068,Suitcase Carry mit Kurzhantel,FOREARMS,Unterarmmuskulatur,secondary,3,2,2,Oberkörper
EX000068,Suitcase Carry mit Kurzhantel,TRAPS,Trapezmuskel,secondary,3,3,3,Oberkörper
EX000068,Suitcase Carry mit Kurzhantel,GLUTES,Gesässmuskulatur,secondary,2,4,5,Unterkörper
EX000068,Suitcase Carry mit Kurzhantel,QUADS,Quadrizeps,secondary,2,5,5,Unterkörper
EX000069,Suitcase March auf der Stelle,OBLIQUES,Seitliche Bauchmuskulatur,primary,5,1,3,Rumpf
EX000069,Suitcase March auf der Stelle,DEEP_CORE,Tiefe Rumpfmuskulatur,secondary,3,1,2,Rumpf
EX000069,Suitcase March auf der Stelle,HIP_FLEXORS,Hüftbeuger,secondary,3,2,2,Unterkörper
EX000069,Suitcase March auf der Stelle,GLUTES,Gesässmuskulatur,secondary,3,3,5,Unterkörper
EX000069,Suitcase March auf der Stelle,FOREARMS,Unterarmmuskulatur,secondary,2,4,2,Oberkörper
EX000070,Trap-Bar Suitcase Carry,OBLIQUES,Seitliche Bauchmuskulatur,primary,5,1,3,Rumpf
EX000070,Trap-Bar Suitcase Carry,FOREARMS,Unterarmmuskulatur,secondary,3,1,2,Oberkörper
EX000070,Trap-Bar Suitcase Carry,TRAPS,Trapezmuskel,secondary,3,2,3,Oberkörper
EX000070,Trap-Bar Suitcase Carry,DEEP_CORE,Tiefe Rumpfmuskulatur,secondary,3,3,2,Rumpf
EX000070,Trap-Bar Suitcase Carry,GLUTES,Gesässmuskulatur,secondary,2,4,5,Unterkörper
EX000070,Trap-Bar Suitcase Carry,QUADS,Quadrizeps,secondary,2,5,5,Unterkörper
EX000071,Treppen-Carry mit Kurzhanteln,FULL_BODY,Ganzkörper,primary,5,1,5,Ganzkörper
EX000071,Treppen-Carry mit Kurzhanteln,FOREARMS,Unterarmmuskulatur,secondary,3,1,2,Oberkörper
EX000071,Treppen-Carry mit Kurzhanteln,TRAPS,Trapezmuskel,secondary,3,2,3,Oberkörper
EX000071,Treppen-Carry mit Kurzhanteln,DEEP_CORE,Tiefe Rumpfmuskulatur,secondary,3,3,2,Rumpf
EX000071,Treppen-Carry mit Kurzhanteln,GLUTES,Gesässmuskulatur,secondary,2,4,5,Unterkörper
EX000071,Treppen-Carry mit Kurzhanteln,QUADS,Quadrizeps,secondary,2,5,5,Unterkörper
EX000071,Treppen-Carry mit Kurzhanteln,CALVES,Wadenmuskulatur,secondary,2,6,3,Unterkörper
EX000072,Waiter's Walk mit Kurzhantel,OBLIQUES,Seitliche Bauchmuskulatur,primary,5,1,3,Rumpf
EX000072,Waiter's Walk mit Kurzhantel,ROTATOR_CUFF,Rotatorenmanschette,secondary,3,1,1,Oberkörper
EX000072,Waiter's Walk mit Kurzhantel,TRAPS,Trapezmuskel,secondary,3,2,3,Oberkörper
EX000072,Waiter's Walk mit Kurzhantel,DEEP_CORE,Tiefe Rumpfmuskulatur,secondary,3,3,2,Rumpf
EX000072,Waiter's Walk mit Kurzhantel,GLUTES,Gesässmuskulatur,secondary,2,4,5,Unterkörper
EX000072,Waiter's Walk mit Kurzhantel,QUADS,Quadrizeps,secondary,2,5,5,Unterkörper
EX000073,Yoke Walk,FULL_BODY,Ganzkörper,primary,5,1,5,Ganzkörper
EX000073,Yoke Walk,TRAPS,Trapezmuskel,secondary,3,1,3,Oberkörper
EX000073,Yoke Walk,ERECTORS,Rückenstrecker,secondary,3,2,4,Rumpf
EX000073,Yoke Walk,DEEP_CORE,Tiefe Rumpfmuskulatur,secondary,3,3,2,Rumpf
EX000073,Yoke Walk,GLUTES,Gesässmuskulatur,secondary,2,4,5,Unterkörper
EX000073,Yoke Walk,QUADS,Quadrizeps,secondary,2,5,5,Unterkörper
EX000073,Yoke Walk,CALVES,Wadenmuskulatur,secondary,2,6,3,Unterkörper
EX000074,Zercher Carry,FULL_BODY,Ganzkörper,primary,5,1,5,Ganzkörper
EX000074,Zercher Carry,BICEPS,Bizeps,secondary,3,1,2,Oberkörper
EX000074,Zercher Carry,ABS,Gerade Bauchmuskulatur,secondary,3,2,3,Rumpf
EX000074,Zercher Carry,DEEP_CORE,Tiefe Rumpfmuskulatur,secondary,3,3,2,Rumpf
EX000074,Zercher Carry,ERECTORS,Rückenstrecker,secondary,2,4,4,Rumpf
EX000074,Zercher Carry,GLUTES,Gesässmuskulatur,secondary,2,5,5,Unterkörper
EX000074,Zercher Carry,QUADS,Quadrizeps,secondary,2,6,5,Unterkörper
EX000075,Battle Rope Alternating Waves,FULL_BODY,Ganzkörper,primary,5,1,5,Ganzkörper
EX000075,Battle Rope Alternating Waves,FRONT_DELTS,Vordere Schulter,secondary,3,1,2,Oberkörper
EX000075,Battle Rope Alternating Waves,FOREARMS,Unterarmmuskulatur,secondary,3,2,2,Oberkörper
EX000075,Battle Rope Alternating Waves,ABS,Gerade Bauchmuskulatur,secondary,3,3,3,Rumpf
EX000075,Battle Rope Alternating Waves,QUADS,Quadrizeps,secondary,2,4,5,Unterkörper
EX000075,Battle Rope Alternating Waves,GLUTES,Gesässmuskulatur,secondary,2,5,5,Unterkörper
EX000076,Battle Rope Circles,FRONT_DELTS,Vordere Schulter,primary,5,1,2,Oberkörper
EX000076,Battle Rope Circles,SIDE_DELTS,Seitliche Schulter,secondary,3,1,2,Oberkörper
EX000076,Battle Rope Circles,FOREARMS,Unterarmmuskulatur,secondary,3,2,2,Oberkörper
EX000076,Battle Rope Circles,ABS,Gerade Bauchmuskulatur,secondary,3,3,3,Rumpf
EX000076,Battle Rope Circles,GLUTES,Gesässmuskulatur,secondary,2,4,5,Unterkörper
EX000077,Battle Rope Double Waves,FULL_BODY,Ganzkörper,primary,5,1,5,Ganzkörper
EX000077,Battle Rope Double Waves,FRONT_DELTS,Vordere Schulter,secondary,3,1,2,Oberkörper
EX000077,Battle Rope Double Waves,FOREARMS,Unterarmmuskulatur,secondary,3,2,2,Oberkörper
EX000077,Battle Rope Double Waves,ABS,Gerade Bauchmuskulatur,secondary,3,3,3,Rumpf
EX000077,Battle Rope Double Waves,QUADS,Quadrizeps,secondary,2,4,5,Unterkörper
EX000077,Battle Rope Double Waves,GLUTES,Gesässmuskulatur,secondary,2,5,5,Unterkörper
EX000078,Battle Rope Side-to-Side Slams,OBLIQUES,Seitliche Bauchmuskulatur,primary,5,1,3,Rumpf
EX000078,Battle Rope Side-to-Side Slams,LATS,Latissimus,secondary,3,1,4,Oberkörper
EX000078,Battle Rope Side-to-Side Slams,FRONT_DELTS,Vordere Schulter,secondary,3,2,2,Oberkörper
EX000078,Battle Rope Side-to-Side Slams,ABS,Gerade Bauchmuskulatur,secondary,3,3,3,Rumpf
EX000078,Battle Rope Side-to-Side Slams,GLUTES,Gesässmuskulatur,secondary,2,4,5,Unterkörper
EX000079,Battle Rope Slams,FULL_BODY,Ganzkörper,primary,5,1,5,Ganzkörper
EX000079,Battle Rope Slams,LATS,Latissimus,secondary,3,1,4,Oberkörper
EX000079,Battle Rope Slams,FRONT_DELTS,Vordere Schulter,secondary,3,2,2,Oberkörper
EX000079,Battle Rope Slams,TRICEPS,Trizeps,secondary,3,3,3,Oberkörper
EX000079,Battle Rope Slams,ABS,Gerade Bauchmuskulatur,secondary,2,4,3,Rumpf
EX000079,Battle Rope Slams,GLUTES,Gesässmuskulatur,secondary,2,5,5,Unterkörper
EX000080,Battle Rope Waves im Ausfallschritt,FULL_BODY,Ganzkörper,primary,5,1,5,Ganzkörper
EX000080,Battle Rope Waves im Ausfallschritt,QUADS,Quadrizeps,secondary,3,1,5,Unterkörper
EX000080,Battle Rope Waves im Ausfallschritt,GLUTES,Gesässmuskulatur,secondary,3,2,5,Unterkörper
EX000080,Battle Rope Waves im Ausfallschritt,FRONT_DELTS,Vordere Schulter,secondary,3,3,2,Oberkörper
EX000080,Battle Rope Waves im Ausfallschritt,FOREARMS,Unterarmmuskulatur,secondary,2,4,2,Oberkörper
EX000080,Battle Rope Waves im Ausfallschritt,OBLIQUES,Seitliche Bauchmuskulatur,secondary,2,5,3,Rumpf
EX000081,Battle Rope Waves in der Kniebeuge,FULL_BODY,Ganzkörper,primary,5,1,5,Ganzkörper
EX000081,Battle Rope Waves in der Kniebeuge,QUADS,Quadrizeps,secondary,3,1,5,Unterkörper
EX000081,Battle Rope Waves in der Kniebeuge,GLUTES,Gesässmuskulatur,secondary,3,2,5,Unterkörper
EX000081,Battle Rope Waves in der Kniebeuge,FRONT_DELTS,Vordere Schulter,secondary,3,3,2,Oberkörper
EX000081,Battle Rope Waves in der Kniebeuge,FOREARMS,Unterarmmuskulatur,secondary,2,4,2,Oberkörper
EX000081,Battle Rope Waves in der Kniebeuge,ABS,Gerade Bauchmuskulatur,secondary,2,5,3,Rumpf
EX000082,Bear Crawl rückwärts,FULL_BODY,Ganzkörper,primary,5,1,5,Ganzkörper
EX000082,Bear Crawl rückwärts,QUADS,Quadrizeps,secondary,3,1,5,Unterkörper
EX000082,Bear Crawl rückwärts,FRONT_DELTS,Vordere Schulter,secondary,3,2,2,Oberkörper
EX000082,Bear Crawl rückwärts,TRICEPS,Trizeps,secondary,3,3,3,Oberkörper
EX000082,Bear Crawl rückwärts,ABS,Gerade Bauchmuskulatur,secondary,2,4,3,Rumpf
EX000082,Bear Crawl rückwärts,GLUTES,Gesässmuskulatur,secondary,2,5,5,Unterkörper
EX000083,Bear Crawl seitwärts,FULL_BODY,Ganzkörper,primary,5,1,5,Ganzkörper
EX000083,Bear Crawl seitwärts,QUADS,Quadrizeps,secondary,3,1,5,Unterkörper
EX000083,Bear Crawl seitwärts,FRONT_DELTS,Vordere Schulter,secondary,3,2,2,Oberkörper
EX000083,Bear Crawl seitwärts,TRICEPS,Trizeps,secondary,3,3,3,Oberkörper
EX000083,Bear Crawl seitwärts,OBLIQUES,Seitliche Bauchmuskulatur,secondary,2,4,3,Rumpf
EX000083,Bear Crawl seitwärts,GLUTES,Gesässmuskulatur,secondary,2,5,5,Unterkörper
EX000084,Bear Crawl vorwärts,FULL_BODY,Ganzkörper,primary,5,1,5,Ganzkörper
EX000084,Bear Crawl vorwärts,QUADS,Quadrizeps,secondary,3,1,5,Unterkörper
EX000084,Bear Crawl vorwärts,FRONT_DELTS,Vordere Schulter,secondary,3,2,2,Oberkörper
EX000084,Bear Crawl vorwärts,TRICEPS,Trizeps,secondary,3,3,3,Oberkörper
EX000084,Bear Crawl vorwärts,ABS,Gerade Bauchmuskulatur,secondary,2,4,3,Rumpf
EX000084,Bear Crawl vorwärts,GLUTES,Gesässmuskulatur,secondary,2,5,5,Unterkörper
EX000085,Crab Walk rückwärts,FULL_BODY,Ganzkörper,primary,5,1,5,Ganzkörper
EX000085,Crab Walk rückwärts,TRICEPS,Trizeps,secondary,3,1,3,Oberkörper
EX000085,Crab Walk rückwärts,REAR_DELTS,Hintere Schulter,secondary,3,2,2,Oberkörper
EX000085,Crab Walk rückwärts,GLUTES,Gesässmuskulatur,secondary,3,3,5,Unterkörper
EX000085,Crab Walk rückwärts,HAMSTRINGS,Hintere Oberschenkelmuskulatur,secondary,2,4,4,Unterkörper
EX000085,Crab Walk rückwärts,ABS,Gerade Bauchmuskulatur,secondary,2,5,3,Rumpf
EX000086,Crab Walk vorwärts,FULL_BODY,Ganzkörper,primary,5,1,5,Ganzkörper
EX000086,Crab Walk vorwärts,TRICEPS,Trizeps,secondary,3,1,3,Oberkörper
EX000086,Crab Walk vorwärts,REAR_DELTS,Hintere Schulter,secondary,3,2,2,Oberkörper
EX000086,Crab Walk vorwärts,GLUTES,Gesässmuskulatur,secondary,3,3,5,Unterkörper
EX000086,Crab Walk vorwärts,HAMSTRINGS,Hintere Oberschenkelmuskulatur,secondary,2,4,4,Unterkörper
EX000086,Crab Walk vorwärts,ABS,Gerade Bauchmuskulatur,secondary,2,5,3,Rumpf
EX000087,Crossovers mit Springseil,CALVES,Wadenmuskulatur,primary,5,1,3,Unterkörper
EX000087,Crossovers mit Springseil,FRONT_DELTS,Vordere Schulter,secondary,3,1,2,Oberkörper
EX000087,Crossovers mit Springseil,FOREARMS,Unterarmmuskulatur,secondary,3,2,2,Oberkörper
EX000087,Crossovers mit Springseil,QUADS,Quadrizeps,secondary,3,3,5,Unterkörper
EX000087,Crossovers mit Springseil,GLUTES,Gesässmuskulatur,secondary,2,4,5,Unterkörper
EX000088,Double Unders,CALVES,Wadenmuskulatur,primary,5,1,3,Unterkörper
EX000088,Double Unders,QUADS,Quadrizeps,secondary,3,1,5,Unterkörper
EX000088,Double Unders,GLUTES,Gesässmuskulatur,secondary,3,2,5,Unterkörper
EX000088,Double Unders,FRONT_DELTS,Vordere Schulter,secondary,3,3,2,Oberkörper
EX000088,Double Unders,FOREARMS,Unterarmmuskulatur,secondary,2,4,2,Oberkörper
EX000089,Duck Walk,QUADS,Quadrizeps,primary,5,1,5,Unterkörper
EX000089,Duck Walk,GLUTES,Gesässmuskulatur,secondary,3,1,5,Unterkörper
EX000089,Duck Walk,ADDUCTORS,Adduktoren,secondary,3,2,4,Unterkörper
EX000089,Duck Walk,CALVES,Wadenmuskulatur,secondary,3,3,3,Unterkörper
EX000089,Duck Walk,ABS,Gerade Bauchmuskulatur,secondary,2,4,3,Rumpf
EX000090,Inchworm Walkout,FULL_BODY,Ganzkörper,primary,5,1,5,Ganzkörper
EX000090,Inchworm Walkout,HAMSTRINGS,Hintere Oberschenkelmuskulatur,secondary,3,1,4,Unterkörper
EX000090,Inchworm Walkout,ABS,Gerade Bauchmuskulatur,secondary,3,2,3,Rumpf
EX000090,Inchworm Walkout,FRONT_DELTS,Vordere Schulter,secondary,3,3,2,Oberkörper
EX000090,Inchworm Walkout,TRICEPS,Trizeps,secondary,2,4,3,Oberkörper
EX000090,Inchworm Walkout,CALVES,Wadenmuskulatur,secondary,2,5,3,Unterkörper
EX000091,Reifen kippen,FULL_BODY,Ganzkörper,primary,5,1,5,Ganzkörper
EX000091,Reifen kippen,GLUTES,Gesässmuskulatur,secondary,3,1,5,Unterkörper
EX000091,Reifen kippen,QUADS,Quadrizeps,secondary,3,2,5,Unterkörper
EX000091,Reifen kippen,HAMSTRINGS,Hintere Oberschenkelmuskulatur,secondary,3,3,4,Unterkörper
EX000091,Reifen kippen,ERECTORS,Rückenstrecker,secondary,2,4,4,Rumpf
EX000091,Reifen kippen,BICEPS,Bizeps,secondary,2,5,2,Oberkörper
EX000091,Reifen kippen,CHEST,Brustmuskulatur,secondary,2,6,4,Oberkörper
EX000092,Reifen mit Vorschlaghammer schlagen,FULL_BODY,Ganzkörper,primary,5,1,5,Ganzkörper
EX000092,Reifen mit Vorschlaghammer schlagen,OBLIQUES,Seitliche Bauchmuskulatur,secondary,3,1,3,Rumpf
EX000092,Reifen mit Vorschlaghammer schlagen,LATS,Latissimus,secondary,3,2,4,Oberkörper
EX000092,Reifen mit Vorschlaghammer schlagen,TRICEPS,Trizeps,secondary,3,3,3,Oberkörper
EX000092,Reifen mit Vorschlaghammer schlagen,GLUTES,Gesässmuskulatur,secondary,2,4,5,Unterkörper
EX000092,Reifen mit Vorschlaghammer schlagen,FOREARMS,Unterarmmuskulatur,secondary,2,5,2,Oberkörper
EX000093,Reifen seitlich mit Vorschlaghammer schlagen,OBLIQUES,Seitliche Bauchmuskulatur,primary,5,1,3,Rumpf
EX000093,Reifen seitlich mit Vorschlaghammer schlagen,LATS,Latissimus,secondary,3,1,4,Oberkörper
EX000093,Reifen seitlich mit Vorschlaghammer schlagen,TRICEPS,Trizeps,secondary,3,2,3,Oberkörper
EX000093,Reifen seitlich mit Vorschlaghammer schlagen,GLUTES,Gesässmuskulatur,secondary,3,3,5,Unterkörper
EX000093,Reifen seitlich mit Vorschlaghammer schlagen,FOREARMS,Unterarmmuskulatur,secondary,2,4,2,Oberkörper
EX000094,Robbenkriechen,FULL_BODY,Ganzkörper,primary,5,1,5,Ganzkörper
EX000094,Robbenkriechen,CHEST,Brustmuskulatur,secondary,3,1,4,Oberkörper
EX000094,Robbenkriechen,TRICEPS,Trizeps,secondary,3,2,3,Oberkörper
EX000094,Robbenkriechen,FRONT_DELTS,Vordere Schulter,secondary,3,3,2,Oberkörper
EX000094,Robbenkriechen,ABS,Gerade Bauchmuskulatur,secondary,2,4,3,Rumpf
EX000094,Robbenkriechen,HIP_FLEXORS,Hüftbeuger,secondary,2,5,2,Unterkörper
EX000095,Sandsack-Drag rückwärts,QUADS,Quadrizeps,primary,5,1,5,Unterkörper
EX000095,Sandsack-Drag rückwärts,GLUTES,Gesässmuskulatur,secondary,3,1,5,Unterkörper
EX000095,Sandsack-Drag rückwärts,CALVES,Wadenmuskulatur,secondary,3,2,3,Unterkörper
EX000095,Sandsack-Drag rückwärts,FOREARMS,Unterarmmuskulatur,secondary,3,3,2,Oberkörper
EX000095,Sandsack-Drag rückwärts,ABS,Gerade Bauchmuskulatur,secondary,2,4,3,Rumpf
EX000096,Sandsack-Drag vorwärts,GLUTES,Gesässmuskulatur,primary,5,1,5,Unterkörper
EX000096,Sandsack-Drag vorwärts,QUADS,Quadrizeps,secondary,3,1,5,Unterkörper
EX000096,Sandsack-Drag vorwärts,HAMSTRINGS,Hintere Oberschenkelmuskulatur,secondary,3,2,4,Unterkörper
EX000096,Sandsack-Drag vorwärts,CALVES,Wadenmuskulatur,secondary,3,3,3,Unterkörper
EX000096,Sandsack-Drag vorwärts,FOREARMS,Unterarmmuskulatur,secondary,2,4,2,Oberkörper
EX000097,Schlitten drücken und rückwärts ziehen,FULL_BODY,Ganzkörper,primary,5,1,5,Ganzkörper
EX000097,Schlitten drücken und rückwärts ziehen,QUADS,Quadrizeps,secondary,3,1,5,Unterkörper
EX000097,Schlitten drücken und rückwärts ziehen,GLUTES,Gesässmuskulatur,secondary,3,2,5,Unterkörper
EX000097,Schlitten drücken und rückwärts ziehen,HAMSTRINGS,Hintere Oberschenkelmuskulatur,secondary,3,3,4,Unterkörper
EX000097,Schlitten drücken und rückwärts ziehen,CALVES,Wadenmuskulatur,secondary,2,4,3,Unterkörper
EX000097,Schlitten drücken und rückwärts ziehen,ABS,Gerade Bauchmuskulatur,secondary,2,5,3,Rumpf
EX000098,Schlitten mit Seil zu sich ziehen,LATS,Latissimus,primary,5,1,4,Oberkörper
EX000098,Schlitten mit Seil zu sich ziehen,BICEPS,Bizeps,secondary,3,1,2,Oberkörper
EX000098,Schlitten mit Seil zu sich ziehen,FOREARMS,Unterarmmuskulatur,secondary,3,2,2,Oberkörper
EX000098,Schlitten mit Seil zu sich ziehen,RHOMBOIDS,Rhomboiden und mittlerer Rücken,secondary,3,3,2,Oberkörper
EX000098,Schlitten mit Seil zu sich ziehen,ABS,Gerade Bauchmuskulatur,secondary,2,4,3,Rumpf
EX000098,Schlitten mit Seil zu sich ziehen,GLUTES,Gesässmuskulatur,secondary,2,5,5,Unterkörper
EX000099,Schlitten rückwärts ziehen,QUADS,Quadrizeps,primary,5,1,5,Unterkörper
EX000099,Schlitten rückwärts ziehen,GLUTES,Gesässmuskulatur,secondary,3,1,5,Unterkörper
EX000099,Schlitten rückwärts ziehen,CALVES,Wadenmuskulatur,secondary,3,2,3,Unterkörper
EX000099,Schlitten rückwärts ziehen,TIBIALIS,Schienbeinmuskel,secondary,3,3,1,Unterkörper
EX000099,Schlitten rückwärts ziehen,ABS,Gerade Bauchmuskulatur,secondary,2,4,3,Rumpf
EX000100,"Schlitten schieben, hohe Griffe",FULL_BODY,Ganzkörper,primary,5,1,5,Ganzkörper
EX000100,"Schlitten schieben, hohe Griffe",QUADS,Quadrizeps,secondary,3,1,5,Unterkörper
EX000100,"Schlitten schieben, hohe Griffe",GLUTES,Gesässmuskulatur,secondary,3,2,5,Unterkörper
EX000100,"Schlitten schieben, hohe Griffe",CALVES,Wadenmuskulatur,secondary,3,3,3,Unterkörper
EX000100,"Schlitten schieben, hohe Griffe",ABS,Gerade Bauchmuskulatur,secondary,2,4,3,Rumpf
EX000100,"Schlitten schieben, hohe Griffe",FRONT_DELTS,Vordere Schulter,secondary,2,5,2,Oberkörper
EX000100,"Schlitten schieben, hohe Griffe",TRICEPS,Trizeps,secondary,2,6,3,Oberkörper
EX000101,"Schlitten schieben, tiefe Griffe",FULL_BODY,Ganzkörper,primary,5,1,5,Ganzkörper
EX000101,"Schlitten schieben, tiefe Griffe",QUADS,Quadrizeps,secondary,3,1,5,Unterkörper
EX000101,"Schlitten schieben, tiefe Griffe",GLUTES,Gesässmuskulatur,secondary,3,2,5,Unterkörper
EX000101,"Schlitten schieben, tiefe Griffe",CALVES,Wadenmuskulatur,secondary,3,3,3,Unterkörper
EX000101,"Schlitten schieben, tiefe Griffe",ABS,Gerade Bauchmuskulatur,secondary,2,4,3,Rumpf
EX000101,"Schlitten schieben, tiefe Griffe",FRONT_DELTS,Vordere Schulter,secondary,2,5,2,Oberkörper
EX000101,"Schlitten schieben, tiefe Griffe",TRICEPS,Trizeps,secondary,2,6,3,Oberkörper
EX000102,Schlitten seitwärts ziehen,ABDUCTORS,Hüftabduktoren,primary,5,1,3,Unterkörper
EX000102,Schlitten seitwärts ziehen,ADDUCTORS,Adduktoren,secondary,3,1,4,Unterkörper
EX000102,Schlitten seitwärts ziehen,GLUTES,Gesässmuskulatur,secondary,3,2,5,Unterkörper
EX000102,Schlitten seitwärts ziehen,QUADS,Quadrizeps,secondary,3,3,5,Unterkörper
EX000102,Schlitten seitwärts ziehen,OBLIQUES,Seitliche Bauchmuskulatur,secondary,2,4,3,Rumpf
EX000103,Schlitten vorwärts ziehen,GLUTES,Gesässmuskulatur,primary,5,1,5,Unterkörper
EX000103,Schlitten vorwärts ziehen,QUADS,Quadrizeps,secondary,3,1,5,Unterkörper
EX000103,Schlitten vorwärts ziehen,HAMSTRINGS,Hintere Oberschenkelmuskulatur,secondary,3,2,4,Unterkörper
EX000103,Schlitten vorwärts ziehen,CALVES,Wadenmuskulatur,secondary,3,3,3,Unterkörper
EX000103,Schlitten vorwärts ziehen,ABS,Gerade Bauchmuskulatur,secondary,2,4,3,Rumpf
EX000104,Schlitten-Sprint,FULL_BODY,Ganzkörper,primary,5,1,5,Ganzkörper
EX000104,Schlitten-Sprint,QUADS,Quadrizeps,secondary,3,1,5,Unterkörper
EX000104,Schlitten-Sprint,GLUTES,Gesässmuskulatur,secondary,3,2,5,Unterkörper
EX000104,Schlitten-Sprint,HAMSTRINGS,Hintere Oberschenkelmuskulatur,secondary,3,3,4,Unterkörper
EX000104,Schlitten-Sprint,CALVES,Wadenmuskulatur,secondary,2,4,3,Unterkörper
EX000104,Schlitten-Sprint,ABS,Gerade Bauchmuskulatur,secondary,2,5,3,Rumpf
EX000105,Seilklettern mit Beineinsatz,LATS,Latissimus,primary,5,1,4,Oberkörper
EX000105,Seilklettern mit Beineinsatz,BICEPS,Bizeps,secondary,3,1,2,Oberkörper
EX000105,Seilklettern mit Beineinsatz,FOREARMS,Unterarmmuskulatur,secondary,3,2,2,Oberkörper
EX000105,Seilklettern mit Beineinsatz,RHOMBOIDS,Rhomboiden und mittlerer Rücken,secondary,3,3,2,Oberkörper
EX000105,Seilklettern mit Beineinsatz,ABS,Gerade Bauchmuskulatur,secondary,2,4,3,Rumpf
EX000105,Seilklettern mit Beineinsatz,HIP_FLEXORS,Hüftbeuger,secondary,2,5,2,Unterkörper
EX000106,Seilklettern ohne Beineinsatz,LATS,Latissimus,primary,5,1,4,Oberkörper
EX000106,Seilklettern ohne Beineinsatz,BICEPS,Bizeps,secondary,3,1,2,Oberkörper
EX000106,Seilklettern ohne Beineinsatz,FOREARMS,Unterarmmuskulatur,secondary,3,2,2,Oberkörper
EX000106,Seilklettern ohne Beineinsatz,RHOMBOIDS,Rhomboiden und mittlerer Rücken,secondary,3,3,2,Oberkörper
EX000106,Seilklettern ohne Beineinsatz,ABS,Gerade Bauchmuskulatur,secondary,2,4,3,Rumpf
EX000107,Seilspringen alternierend,CALVES,Wadenmuskulatur,primary,5,1,3,Unterkörper
EX000107,Seilspringen alternierend,QUADS,Quadrizeps,secondary,3,1,5,Unterkörper
EX000107,Seilspringen alternierend,GLUTES,Gesässmuskulatur,secondary,3,2,5,Unterkörper
EX000107,Seilspringen alternierend,FRONT_DELTS,Vordere Schulter,secondary,3,3,2,Oberkörper
EX000107,Seilspringen alternierend,FOREARMS,Unterarmmuskulatur,secondary,2,4,2,Oberkörper
EX000108,Seilspringen mit hohen Knien,CALVES,Wadenmuskulatur,primary,5,1,3,Unterkörper
EX000108,Seilspringen mit hohen Knien,HIP_FLEXORS,Hüftbeuger,secondary,3,1,2,Unterkörper
EX000108,Seilspringen mit hohen Knien,QUADS,Quadrizeps,secondary,3,2,5,Unterkörper
EX000108,Seilspringen mit hohen Knien,GLUTES,Gesässmuskulatur,secondary,3,3,5,Unterkörper
EX000108,Seilspringen mit hohen Knien,FRONT_DELTS,Vordere Schulter,secondary,2,4,2,Oberkörper
EX000109,"Seilspringen, Grundsprung",CALVES,Wadenmuskulatur,primary,5,1,3,Unterkörper
EX000109,"Seilspringen, Grundsprung",QUADS,Quadrizeps,secondary,3,1,5,Unterkörper
EX000109,"Seilspringen, Grundsprung",GLUTES,Gesässmuskulatur,secondary,3,2,5,Unterkörper
EX000109,"Seilspringen, Grundsprung",FRONT_DELTS,Vordere Schulter,secondary,3,3,2,Oberkörper
EX000109,"Seilspringen, Grundsprung",FOREARMS,Unterarmmuskulatur,secondary,2,4,2,Oberkörper
EX000110,Renegade Row mit Liegestütz,FULL_BODY,Ganzkörper,primary,5,1,5,Ganzkörper
EX000110,Renegade Row mit Liegestütz,LATS,Latissimus,secondary,3,1,4,Oberkörper
EX000110,Renegade Row mit Liegestütz,RHOMBOIDS,Rhomboiden und mittlerer Rücken,secondary,3,2,2,Oberkörper
EX000110,Renegade Row mit Liegestütz,CHEST,Brustmuskulatur,secondary,3,3,4,Oberkörper
EX000110,Renegade Row mit Liegestütz,TRICEPS,Trizeps,secondary,2,4,3,Oberkörper
EX000110,Renegade Row mit Liegestütz,BICEPS,Bizeps,secondary,2,5,2,Oberkörper
EX000110,Renegade Row mit Liegestütz,ABS,Gerade Bauchmuskulatur,secondary,2,6,3,Rumpf
EX000110,Renegade Row mit Liegestütz,GLUTES,Gesässmuskulatur,secondary,2,7,5,Unterkörper
EX000111,Butterfly Pull-Up,FULL_BODY,Ganzkörper,primary,5,1,5,Ganzkörper
EX000111,Butterfly Pull-Up,LATS,Latissimus,secondary,3,1,4,Oberkörper
EX000111,Butterfly Pull-Up,BICEPS,Bizeps,secondary,3,2,2,Oberkörper
EX000111,Butterfly Pull-Up,ABS,Gerade Bauchmuskulatur,secondary,3,3,3,Rumpf
EX000111,Butterfly Pull-Up,HIP_FLEXORS,Hüftbeuger,secondary,2,4,2,Unterkörper
EX000111,Butterfly Pull-Up,GLUTES,Gesässmuskulatur,secondary,2,5,5,Unterkörper
EX000111,Butterfly Pull-Up,FOREARMS,Unterarmmuskulatur,secondary,2,6,2,Oberkörper
EX000112,Kipping Pull-Up,FULL_BODY,Ganzkörper,primary,5,1,5,Ganzkörper
EX000112,Kipping Pull-Up,LATS,Latissimus,secondary,3,1,4,Oberkörper
EX000112,Kipping Pull-Up,BICEPS,Bizeps,secondary,3,2,2,Oberkörper
EX000112,Kipping Pull-Up,ABS,Gerade Bauchmuskulatur,secondary,3,3,3,Rumpf
EX000112,Kipping Pull-Up,HIP_FLEXORS,Hüftbeuger,secondary,2,4,2,Unterkörper
EX000112,Kipping Pull-Up,GLUTES,Gesässmuskulatur,secondary,2,5,5,Unterkörper
EX000112,Kipping Pull-Up,FOREARMS,Unterarmmuskulatur,secondary,2,6,2,Oberkörper
EX000113,Handstandhalten an der Wand,FRONT_DELTS,Vordere Schulter,primary,5,1,2,Oberkörper
EX000113,Handstandhalten an der Wand,TRICEPS,Trizeps,secondary,3,1,3,Oberkörper
EX000113,Handstandhalten an der Wand,SIDE_DELTS,Seitliche Schulter,secondary,3,2,2,Oberkörper
EX000113,Handstandhalten an der Wand,TRAPS,Trapezmuskel,secondary,3,3,3,Oberkörper
EX000113,Handstandhalten an der Wand,SERRATUS,Sägemuskel,secondary,2,4,2,Oberkörper
EX000113,Handstandhalten an der Wand,ABS,Gerade Bauchmuskulatur,secondary,2,5,3,Rumpf
EX000114,90-90-Beinabsenken,ABS,Gerade Bauchmuskulatur,primary,5,1,3,Rumpf
EX000114,90-90-Beinabsenken,DEEP_CORE,Tiefe Rumpfmuskulatur,secondary,3,1,2,Rumpf
EX000114,90-90-Beinabsenken,HIP_FLEXORS,Hüftbeuger,secondary,3,2,2,Unterkörper
EX000115,Alternierendes Beinabsenken in Rückenlage,ABS,Gerade Bauchmuskulatur,primary,5,1,3,Rumpf
EX000115,Alternierendes Beinabsenken in Rückenlage,DEEP_CORE,Tiefe Rumpfmuskulatur,secondary,3,1,2,Rumpf
EX000115,Alternierendes Beinabsenken in Rückenlage,HIP_FLEXORS,Hüftbeuger,secondary,3,2,2,Unterkörper
EX000116,Beidbeiniges Beinabsenken in Rückenlage,ABS,Gerade Bauchmuskulatur,primary,5,1,3,Rumpf
EX000116,Beidbeiniges Beinabsenken in Rückenlage,DEEP_CORE,Tiefe Rumpfmuskulatur,secondary,3,1,2,Rumpf
EX000116,Beidbeiniges Beinabsenken in Rückenlage,HIP_FLEXORS,Hüftbeuger,secondary,3,2,2,Unterkörper
EX000117,Bird Dog mit Knie-Ellenbogen-Kontakt,DEEP_CORE,Tiefe Rumpfmuskulatur,primary,5,1,2,Rumpf
EX000117,Bird Dog mit Knie-Ellenbogen-Kontakt,ABS,Gerade Bauchmuskulatur,secondary,3,1,3,Rumpf
EX000117,Bird Dog mit Knie-Ellenbogen-Kontakt,OBLIQUES,Seitliche Bauchmuskulatur,secondary,3,2,3,Rumpf
EX000117,Bird Dog mit Knie-Ellenbogen-Kontakt,GLUTES,Gesässmuskulatur,secondary,3,3,5,Unterkörper
EX000117,Bird Dog mit Knie-Ellenbogen-Kontakt,ERECTORS,Rückenstrecker,secondary,2,4,4,Rumpf
EX000118,Bird Dog mit Widerstandsband,DEEP_CORE,Tiefe Rumpfmuskulatur,primary,5,1,2,Rumpf
EX000118,Bird Dog mit Widerstandsband,ABS,Gerade Bauchmuskulatur,secondary,3,1,3,Rumpf
EX000118,Bird Dog mit Widerstandsband,OBLIQUES,Seitliche Bauchmuskulatur,secondary,3,2,3,Rumpf
EX000118,Bird Dog mit Widerstandsband,GLUTES,Gesässmuskulatur,secondary,3,3,5,Unterkörper
EX000118,Bird Dog mit Widerstandsband,ERECTORS,Rückenstrecker,secondary,2,4,4,Rumpf
EX000119,Bird Dog nur Armheben,DEEP_CORE,Tiefe Rumpfmuskulatur,primary,5,1,2,Rumpf
EX000119,Bird Dog nur Armheben,ABS,Gerade Bauchmuskulatur,secondary,3,1,3,Rumpf
EX000119,Bird Dog nur Armheben,OBLIQUES,Seitliche Bauchmuskulatur,secondary,3,2,3,Rumpf
EX000119,Bird Dog nur Armheben,SERRATUS,Sägemuskel,secondary,3,3,2,Oberkörper
EX000120,Bird Dog nur Beinheben,GLUTES,Gesässmuskulatur,primary,5,1,5,Unterkörper
EX000120,Bird Dog nur Beinheben,DEEP_CORE,Tiefe Rumpfmuskulatur,secondary,3,1,2,Rumpf
EX000120,Bird Dog nur Beinheben,ABS,Gerade Bauchmuskulatur,secondary,3,2,3,Rumpf
EX000120,Bird Dog nur Beinheben,ERECTORS,Rückenstrecker,secondary,3,3,4,Rumpf
EX000121,Bird Dog Plank auf der Bank,DEEP_CORE,Tiefe Rumpfmuskulatur,primary,5,1,2,Rumpf
EX000121,Bird Dog Plank auf der Bank,ABS,Gerade Bauchmuskulatur,secondary,3,1,3,Rumpf
EX000121,Bird Dog Plank auf der Bank,OBLIQUES,Seitliche Bauchmuskulatur,secondary,3,2,3,Rumpf
EX000121,Bird Dog Plank auf der Bank,GLUTES,Gesässmuskulatur,secondary,3,3,5,Unterkörper
EX000121,Bird Dog Plank auf der Bank,SERRATUS,Sägemuskel,secondary,2,4,2,Oberkörper
EX000122,Bird Dog Row am Kabelzug,LATS,Latissimus,primary,5,1,4,Oberkörper
EX000122,Bird Dog Row am Kabelzug,RHOMBOIDS,Rhomboiden und mittlerer Rücken,secondary,3,1,2,Oberkörper
EX000122,Bird Dog Row am Kabelzug,BICEPS,Bizeps,secondary,3,2,2,Oberkörper
EX000122,Bird Dog Row am Kabelzug,DEEP_CORE,Tiefe Rumpfmuskulatur,secondary,3,3,2,Rumpf
EX000122,Bird Dog Row am Kabelzug,OBLIQUES,Seitliche Bauchmuskulatur,secondary,2,4,3,Rumpf
EX000122,Bird Dog Row am Kabelzug,GLUTES,Gesässmuskulatur,secondary,2,5,5,Unterkörper
EX000123,Bird Dog Row mit Kurzhantel,LATS,Latissimus,primary,5,1,4,Oberkörper
EX000123,Bird Dog Row mit Kurzhantel,RHOMBOIDS,Rhomboiden und mittlerer Rücken,secondary,3,1,2,Oberkörper
EX000123,Bird Dog Row mit Kurzhantel,BICEPS,Bizeps,secondary,3,2,2,Oberkörper
EX000123,Bird Dog Row mit Kurzhantel,DEEP_CORE,Tiefe Rumpfmuskulatur,secondary,3,3,2,Rumpf
EX000123,Bird Dog Row mit Kurzhantel,OBLIQUES,Seitliche Bauchmuskulatur,secondary,2,4,3,Rumpf
EX000123,Bird Dog Row mit Kurzhantel,GLUTES,Gesässmuskulatur,secondary,2,5,5,Unterkörper
EX000124,"Bird Dog, Grundform",DEEP_CORE,Tiefe Rumpfmuskulatur,primary,5,1,2,Rumpf
EX000124,"Bird Dog, Grundform",ABS,Gerade Bauchmuskulatur,secondary,3,1,3,Rumpf
EX000124,"Bird Dog, Grundform",OBLIQUES,Seitliche Bauchmuskulatur,secondary,3,2,3,Rumpf
EX000124,"Bird Dog, Grundform",GLUTES,Gesässmuskulatur,secondary,3,3,5,Unterkörper
EX000124,"Bird Dog, Grundform",ERECTORS,Rückenstrecker,secondary,2,4,4,Rumpf
EX000125,Dead Bug mit Armen über Kopf,ABS,Gerade Bauchmuskulatur,primary,5,1,3,Rumpf
EX000125,Dead Bug mit Armen über Kopf,DEEP_CORE,Tiefe Rumpfmuskulatur,secondary,3,1,2,Rumpf
EX000125,Dead Bug mit Armen über Kopf,HIP_FLEXORS,Hüftbeuger,secondary,3,2,2,Unterkörper
EX000125,Dead Bug mit Armen über Kopf,SERRATUS,Sägemuskel,secondary,3,3,2,Oberkörper
EX000126,Dead Bug mit Fersentippen,ABS,Gerade Bauchmuskulatur,primary,5,1,3,Rumpf
EX000126,Dead Bug mit Fersentippen,DEEP_CORE,Tiefe Rumpfmuskulatur,secondary,3,1,2,Rumpf
EX000126,Dead Bug mit Fersentippen,HIP_FLEXORS,Hüftbeuger,secondary,3,2,2,Unterkörper
EX000127,Dead Bug mit gestreckten Beinen,ABS,Gerade Bauchmuskulatur,primary,5,1,3,Rumpf
EX000127,Dead Bug mit gestreckten Beinen,DEEP_CORE,Tiefe Rumpfmuskulatur,secondary,3,1,2,Rumpf
EX000127,Dead Bug mit gestreckten Beinen,HIP_FLEXORS,Hüftbeuger,secondary,3,2,2,Unterkörper
EX000128,Dead Bug mit Gymnastikball,DEEP_CORE,Tiefe Rumpfmuskulatur,primary,5,1,2,Rumpf
EX000128,Dead Bug mit Gymnastikball,ABS,Gerade Bauchmuskulatur,secondary,3,1,3,Rumpf
EX000128,Dead Bug mit Gymnastikball,HIP_FLEXORS,Hüftbeuger,secondary,3,2,2,Unterkörper
EX000128,Dead Bug mit Gymnastikball,ADDUCTORS,Adduktoren,secondary,3,3,4,Unterkörper
EX000129,Dead Bug mit isometrischem Oberschenkeldruck,DEEP_CORE,Tiefe Rumpfmuskulatur,primary,5,1,2,Rumpf
EX000129,Dead Bug mit isometrischem Oberschenkeldruck,ABS,Gerade Bauchmuskulatur,secondary,3,1,3,Rumpf
EX000129,Dead Bug mit isometrischem Oberschenkeldruck,HIP_FLEXORS,Hüftbeuger,secondary,3,2,2,Unterkörper
EX000130,Dead Bug mit Kabel-Pulldown,ABS,Gerade Bauchmuskulatur,primary,5,1,3,Rumpf
EX000130,Dead Bug mit Kabel-Pulldown,DEEP_CORE,Tiefe Rumpfmuskulatur,secondary,3,1,2,Rumpf
EX000130,Dead Bug mit Kabel-Pulldown,LATS,Latissimus,secondary,3,2,4,Oberkörper
EX000130,Dead Bug mit Kabel-Pulldown,TRICEPS,Trizeps,secondary,3,3,3,Oberkörper
EX000131,Dead Bug mit Kurzhantel,ABS,Gerade Bauchmuskulatur,primary,5,1,3,Rumpf
EX000131,Dead Bug mit Kurzhantel,DEEP_CORE,Tiefe Rumpfmuskulatur,secondary,3,1,2,Rumpf
EX000131,Dead Bug mit Kurzhantel,HIP_FLEXORS,Hüftbeuger,secondary,3,2,2,Unterkörper
EX000131,Dead Bug mit Kurzhantel,SERRATUS,Sägemuskel,secondary,3,3,2,Oberkörper
EX000132,Dead Bug mit Miniband um die Füsse,ABS,Gerade Bauchmuskulatur,primary,5,1,3,Rumpf
EX000132,Dead Bug mit Miniband um die Füsse,DEEP_CORE,Tiefe Rumpfmuskulatur,secondary,3,1,2,Rumpf
EX000132,Dead Bug mit Miniband um die Füsse,HIP_FLEXORS,Hüftbeuger,secondary,3,2,2,Unterkörper
EX000132,Dead Bug mit Miniband um die Füsse,ABDUCTORS,Hüftabduktoren,secondary,3,3,3,Unterkörper
EX000133,Dead Bug mit Widerstandsband-Pulldown,ABS,Gerade Bauchmuskulatur,primary,5,1,3,Rumpf
EX000133,Dead Bug mit Widerstandsband-Pulldown,DEEP_CORE,Tiefe Rumpfmuskulatur,secondary,3,1,2,Rumpf
EX000133,Dead Bug mit Widerstandsband-Pulldown,LATS,Latissimus,secondary,3,2,4,Oberkörper
EX000133,Dead Bug mit Widerstandsband-Pulldown,TRICEPS,Trizeps,secondary,3,3,3,Oberkörper
EX000134,"Dead Bug, Grundform",DEEP_CORE,Tiefe Rumpfmuskulatur,primary,5,1,2,Rumpf
EX000134,"Dead Bug, Grundform",ABS,Gerade Bauchmuskulatur,secondary,3,1,3,Rumpf
EX000134,"Dead Bug, Grundform",HIP_FLEXORS,Hüftbeuger,secondary,3,2,2,Unterkörper
EX000135,Käfer-Crunch diagonal,OBLIQUES,Seitliche Bauchmuskulatur,primary,5,1,3,Rumpf
EX000135,Käfer-Crunch diagonal,ABS,Gerade Bauchmuskulatur,secondary,3,1,3,Rumpf
EX000135,Käfer-Crunch diagonal,HIP_FLEXORS,Hüftbeuger,secondary,3,2,2,Unterkörper
EX000136,Quadruped Hover,DEEP_CORE,Tiefe Rumpfmuskulatur,primary,5,1,2,Rumpf
EX000136,Quadruped Hover,ABS,Gerade Bauchmuskulatur,secondary,3,1,3,Rumpf
EX000136,Quadruped Hover,QUADS,Quadrizeps,secondary,3,2,5,Unterkörper
EX000136,Quadruped Hover,SERRATUS,Sägemuskel,secondary,3,3,2,Oberkörper
EX000137,Quadruped Hover mit Schultertippen,OBLIQUES,Seitliche Bauchmuskulatur,primary,5,1,3,Rumpf
EX000137,Quadruped Hover mit Schultertippen,DEEP_CORE,Tiefe Rumpfmuskulatur,secondary,3,1,2,Rumpf
EX000137,Quadruped Hover mit Schultertippen,ABS,Gerade Bauchmuskulatur,secondary,3,2,3,Rumpf
EX000137,Quadruped Hover mit Schultertippen,QUADS,Quadrizeps,secondary,3,3,5,Unterkörper
EX000137,Quadruped Hover mit Schultertippen,SERRATUS,Sägemuskel,secondary,2,4,2,Oberkörper
EX000138,Quadruped Hover mit Vorwärts-Rückwärtsbewegung,DEEP_CORE,Tiefe Rumpfmuskulatur,primary,5,1,2,Rumpf
EX000138,Quadruped Hover mit Vorwärts-Rückwärtsbewegung,ABS,Gerade Bauchmuskulatur,secondary,3,1,3,Rumpf
EX000138,Quadruped Hover mit Vorwärts-Rückwärtsbewegung,QUADS,Quadrizeps,secondary,3,2,5,Unterkörper
EX000138,Quadruped Hover mit Vorwärts-Rückwärtsbewegung,SERRATUS,Sägemuskel,secondary,3,3,2,Oberkörper
EX000139,Dynamischer Copenhagen Plank,ADDUCTORS,Adduktoren,primary,5,1,4,Unterkörper
EX000139,Dynamischer Copenhagen Plank,OBLIQUES,Seitliche Bauchmuskulatur,secondary,3,1,3,Rumpf
EX000139,Dynamischer Copenhagen Plank,GLUTES,Gesässmuskulatur,secondary,3,2,5,Unterkörper
EX000140,Bear Plank,DEEP_CORE,Tiefe Rumpfmuskulatur,primary,5,1,2,Rumpf
EX000140,Bear Plank,ABS,Gerade Bauchmuskulatur,secondary,3,1,3,Rumpf
EX000140,Bear Plank,QUADS,Quadrizeps,secondary,3,2,5,Unterkörper
EX000140,Bear Plank,FRONT_DELTS,Vordere Schulter,secondary,3,3,2,Oberkörper
EX000140,Bear Plank,SERRATUS,Sägemuskel,secondary,2,4,2,Oberkörper
EX000141,Bear Plank mit Knieheben,DEEP_CORE,Tiefe Rumpfmuskulatur,primary,5,1,2,Rumpf
EX000141,Bear Plank mit Knieheben,ABS,Gerade Bauchmuskulatur,secondary,3,1,3,Rumpf
EX000141,Bear Plank mit Knieheben,QUADS,Quadrizeps,secondary,3,2,5,Unterkörper
EX000141,Bear Plank mit Knieheben,OBLIQUES,Seitliche Bauchmuskulatur,secondary,3,3,3,Rumpf
EX000141,Bear Plank mit Knieheben,FRONT_DELTS,Vordere Schulter,secondary,2,4,2,Oberkörper
EX000142,Bear Plank mit Schultertippen,OBLIQUES,Seitliche Bauchmuskulatur,primary,5,1,3,Rumpf
EX000142,Bear Plank mit Schultertippen,DEEP_CORE,Tiefe Rumpfmuskulatur,secondary,3,1,2,Rumpf
EX000142,Bear Plank mit Schultertippen,ABS,Gerade Bauchmuskulatur,secondary,3,2,3,Rumpf
EX000142,Bear Plank mit Schultertippen,QUADS,Quadrizeps,secondary,3,3,5,Unterkörper
EX000142,Bear Plank mit Schultertippen,FRONT_DELTS,Vordere Schulter,secondary,2,4,2,Oberkörper
EX000143,Body Saw auf Handtüchern,ABS,Gerade Bauchmuskulatur,primary,5,1,3,Rumpf
EX000143,Body Saw auf Handtüchern,DEEP_CORE,Tiefe Rumpfmuskulatur,secondary,3,1,2,Rumpf
EX000143,Body Saw auf Handtüchern,GLUTES,Gesässmuskulatur,secondary,3,2,5,Unterkörper
EX000143,Body Saw auf Handtüchern,SERRATUS,Sägemuskel,secondary,3,3,2,Oberkörper
EX000143,Body Saw auf Handtüchern,FRONT_DELTS,Vordere Schulter,secondary,2,4,2,Oberkörper
EX000144,Body Saw im Schlingentrainer,ABS,Gerade Bauchmuskulatur,primary,5,1,3,Rumpf
EX000144,Body Saw im Schlingentrainer,DEEP_CORE,Tiefe Rumpfmuskulatur,secondary,3,1,2,Rumpf
EX000144,Body Saw im Schlingentrainer,GLUTES,Gesässmuskulatur,secondary,3,2,5,Unterkörper
EX000144,Body Saw im Schlingentrainer,SERRATUS,Sägemuskel,secondary,3,3,2,Oberkörper
EX000144,Body Saw im Schlingentrainer,FRONT_DELTS,Vordere Schulter,secondary,2,4,2,Oberkörper
EX000145,Body Saw mit Slidern,ABS,Gerade Bauchmuskulatur,primary,5,1,3,Rumpf
EX000145,Body Saw mit Slidern,DEEP_CORE,Tiefe Rumpfmuskulatur,secondary,3,1,2,Rumpf
EX000145,Body Saw mit Slidern,GLUTES,Gesässmuskulatur,secondary,3,2,5,Unterkörper
EX000145,Body Saw mit Slidern,SERRATUS,Sägemuskel,secondary,3,3,2,Oberkörper
EX000145,Body Saw mit Slidern,FRONT_DELTS,Vordere Schulter,secondary,2,4,2,Oberkörper
EX000146,Cross-Body Mountain Climber,OBLIQUES,Seitliche Bauchmuskulatur,primary,5,1,3,Rumpf
EX000146,Cross-Body Mountain Climber,ABS,Gerade Bauchmuskulatur,secondary,3,1,3,Rumpf
EX000146,Cross-Body Mountain Climber,HIP_FLEXORS,Hüftbeuger,secondary,3,2,2,Unterkörper
EX000146,Cross-Body Mountain Climber,QUADS,Quadrizeps,secondary,3,3,5,Unterkörper
EX000146,Cross-Body Mountain Climber,FRONT_DELTS,Vordere Schulter,secondary,2,4,2,Oberkörper
EX000147,Hoher Plank,DEEP_CORE,Tiefe Rumpfmuskulatur,primary,5,1,2,Rumpf
EX000147,Hoher Plank,ABS,Gerade Bauchmuskulatur,secondary,3,1,3,Rumpf
EX000147,Hoher Plank,GLUTES,Gesässmuskulatur,secondary,3,2,5,Unterkörper
EX000147,Hoher Plank,SERRATUS,Sägemuskel,secondary,3,3,2,Oberkörper
EX000147,Hoher Plank,FRONT_DELTS,Vordere Schulter,secondary,2,4,2,Oberkörper
EX000147,Hoher Plank,TRICEPS,Trizeps,secondary,2,5,3,Oberkörper
EX000148,Hoher Plank im Schlingentrainer,DEEP_CORE,Tiefe Rumpfmuskulatur,primary,5,1,2,Rumpf
EX000148,Hoher Plank im Schlingentrainer,ABS,Gerade Bauchmuskulatur,secondary,3,1,3,Rumpf
EX000148,Hoher Plank im Schlingentrainer,GLUTES,Gesässmuskulatur,secondary,3,2,5,Unterkörper
EX000148,Hoher Plank im Schlingentrainer,SERRATUS,Sägemuskel,secondary,3,3,2,Oberkörper
EX000148,Hoher Plank im Schlingentrainer,FRONT_DELTS,Vordere Schulter,secondary,2,4,2,Oberkörper
EX000148,Hoher Plank im Schlingentrainer,TRICEPS,Trizeps,secondary,2,5,3,Oberkörper
EX000149,Kettlebell Renegade Row,LATS,Latissimus,primary,5,1,4,Oberkörper
EX000149,Kettlebell Renegade Row,RHOMBOIDS,Rhomboiden und mittlerer Rücken,secondary,3,1,2,Oberkörper
EX000149,Kettlebell Renegade Row,BICEPS,Bizeps,secondary,3,2,2,Oberkörper
EX000149,Kettlebell Renegade Row,OBLIQUES,Seitliche Bauchmuskulatur,secondary,3,3,3,Rumpf
EX000149,Kettlebell Renegade Row,DEEP_CORE,Tiefe Rumpfmuskulatur,secondary,2,4,2,Rumpf
EX000149,Kettlebell Renegade Row,ABS,Gerade Bauchmuskulatur,secondary,2,5,3,Rumpf
EX000149,Kettlebell Renegade Row,GLUTES,Gesässmuskulatur,secondary,2,6,5,Unterkörper
EX000150,Langer Hebel-Unterarmstütz,ABS,Gerade Bauchmuskulatur,primary,5,1,3,Rumpf
EX000150,Langer Hebel-Unterarmstütz,DEEP_CORE,Tiefe Rumpfmuskulatur,secondary,3,1,2,Rumpf
EX000150,Langer Hebel-Unterarmstütz,GLUTES,Gesässmuskulatur,secondary,3,2,5,Unterkörper
EX000150,Langer Hebel-Unterarmstütz,SERRATUS,Sägemuskel,secondary,3,3,2,Oberkörper
EX000150,Langer Hebel-Unterarmstütz,FRONT_DELTS,Vordere Schulter,secondary,2,4,2,Oberkörper
EX000151,Mountain Climber im Schlingentrainer,ABS,Gerade Bauchmuskulatur,primary,5,1,3,Rumpf
EX000151,Mountain Climber im Schlingentrainer,HIP_FLEXORS,Hüftbeuger,secondary,3,1,2,Unterkörper
EX000151,Mountain Climber im Schlingentrainer,OBLIQUES,Seitliche Bauchmuskulatur,secondary,3,2,3,Rumpf
EX000151,Mountain Climber im Schlingentrainer,QUADS,Quadrizeps,secondary,3,3,5,Unterkörper
EX000151,Mountain Climber im Schlingentrainer,FRONT_DELTS,Vordere Schulter,secondary,2,4,2,Oberkörper
EX000152,Mountain Climber langsam,ABS,Gerade Bauchmuskulatur,primary,5,1,3,Rumpf
EX000152,Mountain Climber langsam,DEEP_CORE,Tiefe Rumpfmuskulatur,secondary,3,1,2,Rumpf
EX000152,Mountain Climber langsam,HIP_FLEXORS,Hüftbeuger,secondary,3,2,2,Unterkörper
EX000152,Mountain Climber langsam,OBLIQUES,Seitliche Bauchmuskulatur,secondary,3,3,3,Rumpf
EX000152,Mountain Climber langsam,FRONT_DELTS,Vordere Schulter,secondary,2,4,2,Oberkörper
EX000153,Mountain Climber mit Slidern,ABS,Gerade Bauchmuskulatur,primary,5,1,3,Rumpf
EX000153,Mountain Climber mit Slidern,HIP_FLEXORS,Hüftbeuger,secondary,3,1,2,Unterkörper
EX000153,Mountain Climber mit Slidern,OBLIQUES,Seitliche Bauchmuskulatur,secondary,3,2,3,Rumpf
EX000153,Mountain Climber mit Slidern,QUADS,Quadrizeps,secondary,3,3,5,Unterkörper
EX000153,Mountain Climber mit Slidern,FRONT_DELTS,Vordere Schulter,secondary,2,4,2,Oberkörper
EX000154,Mountain Climber schnell,FULL_BODY,Ganzkörper,primary,5,1,5,Ganzkörper
EX000154,Mountain Climber schnell,ABS,Gerade Bauchmuskulatur,secondary,3,1,3,Rumpf
EX000154,Mountain Climber schnell,HIP_FLEXORS,Hüftbeuger,secondary,3,2,2,Unterkörper
EX000154,Mountain Climber schnell,QUADS,Quadrizeps,secondary,3,3,5,Unterkörper
EX000154,Mountain Climber schnell,GLUTES,Gesässmuskulatur,secondary,2,4,5,Unterkörper
EX000154,Mountain Climber schnell,FRONT_DELTS,Vordere Schulter,secondary,2,5,2,Oberkörper
EX000155,Plank auf einem Arm,OBLIQUES,Seitliche Bauchmuskulatur,primary,5,1,3,Rumpf
EX000155,Plank auf einem Arm,DEEP_CORE,Tiefe Rumpfmuskulatur,secondary,3,1,2,Rumpf
EX000155,Plank auf einem Arm,ABS,Gerade Bauchmuskulatur,secondary,3,2,3,Rumpf
EX000155,Plank auf einem Arm,GLUTES,Gesässmuskulatur,secondary,3,3,5,Unterkörper
EX000155,Plank auf einem Arm,SERRATUS,Sägemuskel,secondary,2,4,2,Oberkörper
EX000155,Plank auf einem Arm,FRONT_DELTS,Vordere Schulter,secondary,2,5,2,Oberkörper
EX000156,Plank auf einem Bein,DEEP_CORE,Tiefe Rumpfmuskulatur,primary,5,1,2,Rumpf
EX000156,Plank auf einem Bein,ABS,Gerade Bauchmuskulatur,secondary,3,1,3,Rumpf
EX000156,Plank auf einem Bein,GLUTES,Gesässmuskulatur,secondary,3,2,5,Unterkörper
EX000156,Plank auf einem Bein,OBLIQUES,Seitliche Bauchmuskulatur,secondary,3,3,3,Rumpf
EX000156,Plank auf einem Bein,SERRATUS,Sägemuskel,secondary,2,4,2,Oberkörper
EX000157,Plank Jack,ABS,Gerade Bauchmuskulatur,primary,5,1,3,Rumpf
EX000157,Plank Jack,DEEP_CORE,Tiefe Rumpfmuskulatur,secondary,3,1,2,Rumpf
EX000157,Plank Jack,GLUTES,Gesässmuskulatur,secondary,3,2,5,Unterkörper
EX000157,Plank Jack,ABDUCTORS,Hüftabduktoren,secondary,3,3,3,Unterkörper
EX000157,Plank Jack,FRONT_DELTS,Vordere Schulter,secondary,2,4,2,Oberkörper
EX000158,Plank Kreisbewegung auf dem Gymnastikball,DEEP_CORE,Tiefe Rumpfmuskulatur,primary,5,1,2,Rumpf
EX000158,Plank Kreisbewegung auf dem Gymnastikball,ABS,Gerade Bauchmuskulatur,secondary,3,1,3,Rumpf
EX000158,Plank Kreisbewegung auf dem Gymnastikball,OBLIQUES,Seitliche Bauchmuskulatur,secondary,3,2,3,Rumpf
EX000158,Plank Kreisbewegung auf dem Gymnastikball,GLUTES,Gesässmuskulatur,secondary,3,3,5,Unterkörper
EX000158,Plank Kreisbewegung auf dem Gymnastikball,SERRATUS,Sägemuskel,secondary,2,4,2,Oberkörper
EX000159,Plank mit Beinheben,GLUTES,Gesässmuskulatur,primary,5,1,5,Unterkörper
EX000159,Plank mit Beinheben,DEEP_CORE,Tiefe Rumpfmuskulatur,secondary,3,1,2,Rumpf
EX000159,Plank mit Beinheben,ABS,Gerade Bauchmuskulatur,secondary,3,2,3,Rumpf
EX000159,Plank mit Beinheben,OBLIQUES,Seitliche Bauchmuskulatur,secondary,3,3,3,Rumpf
EX000159,Plank mit Beinheben,SERRATUS,Sägemuskel,secondary,2,4,2,Oberkörper
EX000160,Plank mit gegenüberliegendem Arm- und Beinheben,DEEP_CORE,Tiefe Rumpfmuskulatur,primary,5,1,2,Rumpf
EX000160,Plank mit gegenüberliegendem Arm- und Beinheben,ABS,Gerade Bauchmuskulatur,secondary,3,1,3,Rumpf
EX000160,Plank mit gegenüberliegendem Arm- und Beinheben,OBLIQUES,Seitliche Bauchmuskulatur,secondary,3,2,3,Rumpf
EX000160,Plank mit gegenüberliegendem Arm- und Beinheben,GLUTES,Gesässmuskulatur,secondary,3,3,5,Unterkörper
EX000160,Plank mit gegenüberliegendem Arm- und Beinheben,SERRATUS,Sägemuskel,secondary,2,4,2,Oberkörper
EX000160,Plank mit gegenüberliegendem Arm- und Beinheben,FRONT_DELTS,Vordere Schulter,secondary,2,5,2,Oberkörper
EX000161,Plank mit Hantelscheiben-Zug,OBLIQUES,Seitliche Bauchmuskulatur,primary,5,1,3,Rumpf
EX000161,Plank mit Hantelscheiben-Zug,DEEP_CORE,Tiefe Rumpfmuskulatur,secondary,3,1,2,Rumpf
EX000161,Plank mit Hantelscheiben-Zug,ABS,Gerade Bauchmuskulatur,secondary,3,2,3,Rumpf
EX000161,Plank mit Hantelscheiben-Zug,GLUTES,Gesässmuskulatur,secondary,3,3,5,Unterkörper
EX000161,Plank mit Hantelscheiben-Zug,LATS,Latissimus,secondary,2,4,4,Oberkörper
EX000161,Plank mit Hantelscheiben-Zug,SERRATUS,Sägemuskel,secondary,2,5,2,Oberkörper
EX000162,Plank mit Knieheben,DEEP_CORE,Tiefe Rumpfmuskulatur,primary,5,1,2,Rumpf
EX000162,Plank mit Knieheben,ABS,Gerade Bauchmuskulatur,secondary,3,1,3,Rumpf
EX000162,Plank mit Knieheben,OBLIQUES,Seitliche Bauchmuskulatur,secondary,3,2,3,Rumpf
EX000162,Plank mit Knieheben,GLUTES,Gesässmuskulatur,secondary,3,3,5,Unterkörper
EX000162,Plank mit Knieheben,SERRATUS,Sägemuskel,secondary,2,4,2,Oberkörper
EX000163,Plank mit Kurzhantel-Zug,OBLIQUES,Seitliche Bauchmuskulatur,primary,5,1,3,Rumpf
EX000163,Plank mit Kurzhantel-Zug,DEEP_CORE,Tiefe Rumpfmuskulatur,secondary,3,1,2,Rumpf
EX000163,Plank mit Kurzhantel-Zug,ABS,Gerade Bauchmuskulatur,secondary,3,2,3,Rumpf
EX000163,Plank mit Kurzhantel-Zug,GLUTES,Gesässmuskulatur,secondary,3,3,5,Unterkörper
EX000163,Plank mit Kurzhantel-Zug,LATS,Latissimus,secondary,2,4,4,Oberkörper
EX000163,Plank mit Kurzhantel-Zug,SERRATUS,Sägemuskel,secondary,2,5,2,Oberkörper
EX000164,Plank mit langsamem Schultertippen,OBLIQUES,Seitliche Bauchmuskulatur,primary,5,1,3,Rumpf
EX000164,Plank mit langsamem Schultertippen,DEEP_CORE,Tiefe Rumpfmuskulatur,secondary,3,1,2,Rumpf
EX000164,Plank mit langsamem Schultertippen,ABS,Gerade Bauchmuskulatur,secondary,3,2,3,Rumpf
EX000164,Plank mit langsamem Schultertippen,GLUTES,Gesässmuskulatur,secondary,3,3,5,Unterkörper
EX000164,Plank mit langsamem Schultertippen,SERRATUS,Sägemuskel,secondary,2,4,2,Oberkörper
EX000164,Plank mit langsamem Schultertippen,FRONT_DELTS,Vordere Schulter,secondary,2,5,2,Oberkörper
EX000165,Plank mit Schultertippen,OBLIQUES,Seitliche Bauchmuskulatur,primary,5,1,3,Rumpf
EX000165,Plank mit Schultertippen,DEEP_CORE,Tiefe Rumpfmuskulatur,secondary,3,1,2,Rumpf
EX000165,Plank mit Schultertippen,ABS,Gerade Bauchmuskulatur,secondary,3,2,3,Rumpf
EX000165,Plank mit Schultertippen,GLUTES,Gesässmuskulatur,secondary,3,3,5,Unterkörper
EX000165,Plank mit Schultertippen,SERRATUS,Sägemuskel,secondary,2,4,2,Oberkörper
EX000165,Plank mit Schultertippen,FRONT_DELTS,Vordere Schulter,secondary,2,5,2,Oberkörper
EX000166,Plank mit seitlichem Schritt,OBLIQUES,Seitliche Bauchmuskulatur,primary,5,1,3,Rumpf
EX000166,Plank mit seitlichem Schritt,DEEP_CORE,Tiefe Rumpfmuskulatur,secondary,3,1,2,Rumpf
EX000166,Plank mit seitlichem Schritt,ABS,Gerade Bauchmuskulatur,secondary,3,2,3,Rumpf
EX000166,Plank mit seitlichem Schritt,GLUTES,Gesässmuskulatur,secondary,3,3,5,Unterkörper
EX000166,Plank mit seitlichem Schritt,ABDUCTORS,Hüftabduktoren,secondary,2,4,3,Unterkörper
EX000167,Plank Walk-up,DEEP_CORE,Tiefe Rumpfmuskulatur,primary,5,1,2,Rumpf
EX000167,Plank Walk-up,ABS,Gerade Bauchmuskulatur,secondary,3,1,3,Rumpf
EX000167,Plank Walk-up,TRICEPS,Trizeps,secondary,3,2,3,Oberkörper
EX000167,Plank Walk-up,FRONT_DELTS,Vordere Schulter,secondary,3,3,2,Oberkörper
EX000167,Plank Walk-up,SERRATUS,Sägemuskel,secondary,2,4,2,Oberkörper
EX000167,Plank Walk-up,GLUTES,Gesässmuskulatur,secondary,2,5,5,Unterkörper
EX000168,Renegade Row,LATS,Latissimus,primary,5,1,4,Oberkörper
EX000168,Renegade Row,RHOMBOIDS,Rhomboiden und mittlerer Rücken,secondary,3,1,2,Oberkörper
EX000168,Renegade Row,BICEPS,Bizeps,secondary,3,2,2,Oberkörper
EX000168,Renegade Row,OBLIQUES,Seitliche Bauchmuskulatur,secondary,3,3,3,Rumpf
EX000168,Renegade Row,DEEP_CORE,Tiefe Rumpfmuskulatur,secondary,2,4,2,Rumpf
EX000168,Renegade Row,ABS,Gerade Bauchmuskulatur,secondary,2,5,3,Rumpf
EX000168,Renegade Row,GLUTES,Gesässmuskulatur,secondary,2,6,5,Unterkörper
EX000168,Renegade Row,TRICEPS,Trizeps,secondary,2,7,3,Oberkörper
EX000169,Ring-Plank,DEEP_CORE,Tiefe Rumpfmuskulatur,primary,5,1,2,Rumpf
EX000169,Ring-Plank,ABS,Gerade Bauchmuskulatur,secondary,3,1,3,Rumpf
EX000169,Ring-Plank,GLUTES,Gesässmuskulatur,secondary,3,2,5,Unterkörper
EX000169,Ring-Plank,SERRATUS,Sägemuskel,secondary,3,3,2,Oberkörper
EX000169,Ring-Plank,FRONT_DELTS,Vordere Schulter,secondary,2,4,2,Oberkörper
EX000170,Stir the Pot auf dem Gymnastikball,DEEP_CORE,Tiefe Rumpfmuskulatur,primary,5,1,2,Rumpf
EX000170,Stir the Pot auf dem Gymnastikball,ABS,Gerade Bauchmuskulatur,secondary,3,1,3,Rumpf
EX000170,Stir the Pot auf dem Gymnastikball,OBLIQUES,Seitliche Bauchmuskulatur,secondary,3,2,3,Rumpf
EX000170,Stir the Pot auf dem Gymnastikball,GLUTES,Gesässmuskulatur,secondary,3,3,5,Unterkörper
EX000170,Stir the Pot auf dem Gymnastikball,SERRATUS,Sägemuskel,secondary,2,4,2,Oberkörper
EX000171,Unterarmstütz,DEEP_CORE,Tiefe Rumpfmuskulatur,primary,5,1,2,Rumpf
EX000171,Unterarmstütz,ABS,Gerade Bauchmuskulatur,secondary,3,1,3,Rumpf
EX000171,Unterarmstütz,GLUTES,Gesässmuskulatur,secondary,3,2,5,Unterkörper
EX000171,Unterarmstütz,SERRATUS,Sägemuskel,secondary,3,3,2,Oberkörper
EX000171,Unterarmstütz,FRONT_DELTS,Vordere Schulter,secondary,2,4,2,Oberkörper
EX000172,Unterarmstütz auf dem BOSU,DEEP_CORE,Tiefe Rumpfmuskulatur,primary,5,1,2,Rumpf
EX000172,Unterarmstütz auf dem BOSU,ABS,Gerade Bauchmuskulatur,secondary,3,1,3,Rumpf
EX000172,Unterarmstütz auf dem BOSU,GLUTES,Gesässmuskulatur,secondary,3,2,5,Unterkörper
EX000172,Unterarmstütz auf dem BOSU,SERRATUS,Sägemuskel,secondary,3,3,2,Oberkörper
EX000172,Unterarmstütz auf dem BOSU,FRONT_DELTS,Vordere Schulter,secondary,2,4,2,Oberkörper
EX000173,Unterarmstütz auf dem Gymnastikball,DEEP_CORE,Tiefe Rumpfmuskulatur,primary,5,1,2,Rumpf
EX000173,Unterarmstütz auf dem Gymnastikball,ABS,Gerade Bauchmuskulatur,secondary,3,1,3,Rumpf
EX000173,Unterarmstütz auf dem Gymnastikball,GLUTES,Gesässmuskulatur,secondary,3,2,5,Unterkörper
EX000173,Unterarmstütz auf dem Gymnastikball,SERRATUS,Sägemuskel,secondary,3,3,2,Oberkörper
EX000173,Unterarmstütz auf dem Gymnastikball,FRONT_DELTS,Vordere Schulter,secondary,2,4,2,Oberkörper
EX000174,Unterarmstütz auf den Knien,DEEP_CORE,Tiefe Rumpfmuskulatur,primary,5,1,2,Rumpf
EX000174,Unterarmstütz auf den Knien,ABS,Gerade Bauchmuskulatur,secondary,3,1,3,Rumpf
EX000174,Unterarmstütz auf den Knien,GLUTES,Gesässmuskulatur,secondary,3,2,5,Unterkörper
EX000174,Unterarmstütz auf den Knien,SERRATUS,Sägemuskel,secondary,3,3,2,Oberkörper
EX000175,Unterarmstütz im Schlingentrainer,DEEP_CORE,Tiefe Rumpfmuskulatur,primary,5,1,2,Rumpf
EX000175,Unterarmstütz im Schlingentrainer,ABS,Gerade Bauchmuskulatur,secondary,3,1,3,Rumpf
EX000175,Unterarmstütz im Schlingentrainer,GLUTES,Gesässmuskulatur,secondary,3,2,5,Unterkörper
EX000175,Unterarmstütz im Schlingentrainer,SERRATUS,Sägemuskel,secondary,3,3,2,Oberkörper
EX000175,Unterarmstütz im Schlingentrainer,FRONT_DELTS,Vordere Schulter,secondary,2,4,2,Oberkörper
EX000176,Unterarmstütz mit erhöhten Armen,DEEP_CORE,Tiefe Rumpfmuskulatur,primary,5,1,2,Rumpf
EX000176,Unterarmstütz mit erhöhten Armen,ABS,Gerade Bauchmuskulatur,secondary,3,1,3,Rumpf
EX000176,Unterarmstütz mit erhöhten Armen,GLUTES,Gesässmuskulatur,secondary,3,2,5,Unterkörper
EX000176,Unterarmstütz mit erhöhten Armen,SERRATUS,Sägemuskel,secondary,3,3,2,Oberkörper
EX000177,Unterarmstütz mit erhöhten Füssen,DEEP_CORE,Tiefe Rumpfmuskulatur,primary,5,1,2,Rumpf
EX000177,Unterarmstütz mit erhöhten Füssen,ABS,Gerade Bauchmuskulatur,secondary,3,1,3,Rumpf
EX000177,Unterarmstütz mit erhöhten Füssen,GLUTES,Gesässmuskulatur,secondary,3,2,5,Unterkörper
EX000177,Unterarmstütz mit erhöhten Füssen,SERRATUS,Sägemuskel,secondary,3,3,2,Oberkörper
EX000177,Unterarmstütz mit erhöhten Füssen,FRONT_DELTS,Vordere Schulter,secondary,2,4,2,Oberkörper
EX000178,Unterarmstütz mit Zusatzgewicht,DEEP_CORE,Tiefe Rumpfmuskulatur,primary,5,1,2,Rumpf
EX000178,Unterarmstütz mit Zusatzgewicht,ABS,Gerade Bauchmuskulatur,secondary,3,1,3,Rumpf
EX000178,Unterarmstütz mit Zusatzgewicht,GLUTES,Gesässmuskulatur,secondary,3,2,5,Unterkörper
EX000178,Unterarmstütz mit Zusatzgewicht,SERRATUS,Sägemuskel,secondary,3,3,2,Oberkörper
EX000179,Isometrischer Klimmzug-Halt oben,LATS,Latissimus,primary,5,1,4,Oberkörper
EX000179,Isometrischer Klimmzug-Halt oben,BICEPS,Bizeps,secondary,3,1,2,Oberkörper
EX000179,Isometrischer Klimmzug-Halt oben,RHOMBOIDS,Rhomboiden und mittlerer Rücken,secondary,3,2,2,Oberkörper
EX000179,Isometrischer Klimmzug-Halt oben,REAR_DELTS,Hintere Schulter,secondary,3,3,2,Oberkörper
EX000179,Isometrischer Klimmzug-Halt oben,TRAPS,Trapezmuskel,secondary,2,4,3,Oberkörper
EX000179,Isometrischer Klimmzug-Halt oben,FOREARMS,Unterarmmuskulatur,secondary,2,5,2,Oberkörper
EX000179,Isometrischer Klimmzug-Halt oben,ABS,Gerade Bauchmuskulatur,secondary,2,6,3,Rumpf
EX000180,Ab-Wheel Rollout aus dem Kniestand,ABS,Gerade Bauchmuskulatur,primary,5,1,3,Rumpf
EX000180,Ab-Wheel Rollout aus dem Kniestand,DEEP_CORE,Tiefe Rumpfmuskulatur,secondary,3,1,2,Rumpf
EX000180,Ab-Wheel Rollout aus dem Kniestand,LATS,Latissimus,secondary,3,2,4,Oberkörper
EX000180,Ab-Wheel Rollout aus dem Kniestand,SERRATUS,Sägemuskel,secondary,3,3,2,Oberkörper
EX000180,Ab-Wheel Rollout aus dem Kniestand,TRICEPS,Trizeps,secondary,2,4,3,Oberkörper
EX000180,Ab-Wheel Rollout aus dem Kniestand,GLUTES,Gesässmuskulatur,secondary,2,5,5,Unterkörper
EX000181,Ab-Wheel Rollout im Stehen,ABS,Gerade Bauchmuskulatur,primary,5,1,3,Rumpf
EX000181,Ab-Wheel Rollout im Stehen,DEEP_CORE,Tiefe Rumpfmuskulatur,secondary,3,1,2,Rumpf
EX000181,Ab-Wheel Rollout im Stehen,LATS,Latissimus,secondary,3,2,4,Oberkörper
EX000181,Ab-Wheel Rollout im Stehen,SERRATUS,Sägemuskel,secondary,3,3,2,Oberkörper
EX000181,Ab-Wheel Rollout im Stehen,TRICEPS,Trizeps,secondary,2,4,3,Oberkörper
EX000181,Ab-Wheel Rollout im Stehen,GLUTES,Gesässmuskulatur,secondary,2,5,5,Unterkörper
EX000182,Ab-Wheel Rollout mit Pause,ABS,Gerade Bauchmuskulatur,primary,5,1,3,Rumpf
EX000182,Ab-Wheel Rollout mit Pause,DEEP_CORE,Tiefe Rumpfmuskulatur,secondary,3,1,2,Rumpf
EX000182,Ab-Wheel Rollout mit Pause,LATS,Latissimus,secondary,3,2,4,Oberkörper
EX000182,Ab-Wheel Rollout mit Pause,SERRATUS,Sägemuskel,secondary,3,3,2,Oberkörper
EX000182,Ab-Wheel Rollout mit Pause,TRICEPS,Trizeps,secondary,2,4,3,Oberkörper
EX000182,Ab-Wheel Rollout mit Pause,GLUTES,Gesässmuskulatur,secondary,2,5,5,Unterkörper
EX000183,Ab-Wheel Rollout schräg,OBLIQUES,Seitliche Bauchmuskulatur,primary,5,1,3,Rumpf
EX000183,Ab-Wheel Rollout schräg,ABS,Gerade Bauchmuskulatur,secondary,3,1,3,Rumpf
EX000183,Ab-Wheel Rollout schräg,DEEP_CORE,Tiefe Rumpfmuskulatur,secondary,3,2,2,Rumpf
EX000183,Ab-Wheel Rollout schräg,LATS,Latissimus,secondary,3,3,4,Oberkörper
EX000183,Ab-Wheel Rollout schräg,SERRATUS,Sägemuskel,secondary,2,4,2,Oberkörper
EX000184,Fallout am Kabelzug,ABS,Gerade Bauchmuskulatur,primary,5,1,3,Rumpf
EX000184,Fallout am Kabelzug,DEEP_CORE,Tiefe Rumpfmuskulatur,secondary,3,1,2,Rumpf
EX000184,Fallout am Kabelzug,LATS,Latissimus,secondary,3,2,4,Oberkörper
EX000184,Fallout am Kabelzug,SERRATUS,Sägemuskel,secondary,3,3,2,Oberkörper
EX000184,Fallout am Kabelzug,GLUTES,Gesässmuskulatur,secondary,2,4,5,Unterkörper
EX000185,Gymnastikball-Rollout,ABS,Gerade Bauchmuskulatur,primary,5,1,3,Rumpf
EX000185,Gymnastikball-Rollout,DEEP_CORE,Tiefe Rumpfmuskulatur,secondary,3,1,2,Rumpf
EX000185,Gymnastikball-Rollout,LATS,Latissimus,secondary,3,2,4,Oberkörper
EX000185,Gymnastikball-Rollout,SERRATUS,Sägemuskel,secondary,3,3,2,Oberkörper
EX000185,Gymnastikball-Rollout,GLUTES,Gesässmuskulatur,secondary,2,4,5,Unterkörper
EX000186,Gymnastikball-Rollout mit weitem Radius,ABS,Gerade Bauchmuskulatur,primary,5,1,3,Rumpf
EX000186,Gymnastikball-Rollout mit weitem Radius,DEEP_CORE,Tiefe Rumpfmuskulatur,secondary,3,1,2,Rumpf
EX000186,Gymnastikball-Rollout mit weitem Radius,LATS,Latissimus,secondary,3,2,4,Oberkörper
EX000186,Gymnastikball-Rollout mit weitem Radius,SERRATUS,Sägemuskel,secondary,3,3,2,Oberkörper
EX000186,Gymnastikball-Rollout mit weitem Radius,GLUTES,Gesässmuskulatur,secondary,2,4,5,Unterkörper
EX000187,Handtuch-Rollout auf glattem Boden,ABS,Gerade Bauchmuskulatur,primary,5,1,3,Rumpf
EX000187,Handtuch-Rollout auf glattem Boden,DEEP_CORE,Tiefe Rumpfmuskulatur,secondary,3,1,2,Rumpf
EX000187,Handtuch-Rollout auf glattem Boden,LATS,Latissimus,secondary,3,2,4,Oberkörper
EX000187,Handtuch-Rollout auf glattem Boden,SERRATUS,Sägemuskel,secondary,3,3,2,Oberkörper
EX000187,Handtuch-Rollout auf glattem Boden,TRICEPS,Trizeps,secondary,2,4,3,Oberkörper
EX000188,Kabel-Rollout aus dem Kniestand,ABS,Gerade Bauchmuskulatur,primary,5,1,3,Rumpf
EX000188,Kabel-Rollout aus dem Kniestand,DEEP_CORE,Tiefe Rumpfmuskulatur,secondary,3,1,2,Rumpf
EX000188,Kabel-Rollout aus dem Kniestand,LATS,Latissimus,secondary,3,2,4,Oberkörper
EX000188,Kabel-Rollout aus dem Kniestand,SERRATUS,Sägemuskel,secondary,3,3,2,Oberkörper
EX000188,Kabel-Rollout aus dem Kniestand,TRICEPS,Trizeps,secondary,2,4,3,Oberkörper
EX000189,Langhantel-Rollout aus dem Kniestand,ABS,Gerade Bauchmuskulatur,primary,5,1,3,Rumpf
EX000189,Langhantel-Rollout aus dem Kniestand,DEEP_CORE,Tiefe Rumpfmuskulatur,secondary,3,1,2,Rumpf
EX000189,Langhantel-Rollout aus dem Kniestand,LATS,Latissimus,secondary,3,2,4,Oberkörper
EX000189,Langhantel-Rollout aus dem Kniestand,SERRATUS,Sägemuskel,secondary,3,3,2,Oberkörper
EX000189,Langhantel-Rollout aus dem Kniestand,TRICEPS,Trizeps,secondary,2,4,3,Oberkörper
EX000189,Langhantel-Rollout aus dem Kniestand,GLUTES,Gesässmuskulatur,secondary,2,5,5,Unterkörper
EX000190,Langhantel-Rollout im Stehen,ABS,Gerade Bauchmuskulatur,primary,5,1,3,Rumpf
EX000190,Langhantel-Rollout im Stehen,DEEP_CORE,Tiefe Rumpfmuskulatur,secondary,3,1,2,Rumpf
EX000190,Langhantel-Rollout im Stehen,LATS,Latissimus,secondary,3,2,4,Oberkörper
EX000190,Langhantel-Rollout im Stehen,SERRATUS,Sägemuskel,secondary,3,3,2,Oberkörper
EX000190,Langhantel-Rollout im Stehen,TRICEPS,Trizeps,secondary,2,4,3,Oberkörper
EX000190,Langhantel-Rollout im Stehen,GLUTES,Gesässmuskulatur,secondary,2,5,5,Unterkörper
EX000191,Ring-Rollout aus dem Kniestand,ABS,Gerade Bauchmuskulatur,primary,5,1,3,Rumpf
EX000191,Ring-Rollout aus dem Kniestand,DEEP_CORE,Tiefe Rumpfmuskulatur,secondary,3,1,2,Rumpf
EX000191,Ring-Rollout aus dem Kniestand,LATS,Latissimus,secondary,3,2,4,Oberkörper
EX000191,Ring-Rollout aus dem Kniestand,SERRATUS,Sägemuskel,secondary,3,3,2,Oberkörper
EX000191,Ring-Rollout aus dem Kniestand,TRICEPS,Trizeps,secondary,2,4,3,Oberkörper
EX000191,Ring-Rollout aus dem Kniestand,GLUTES,Gesässmuskulatur,secondary,2,5,5,Unterkörper
EX000192,Rollout am Schlingentrainer,ABS,Gerade Bauchmuskulatur,primary,5,1,3,Rumpf
EX000192,Rollout am Schlingentrainer,DEEP_CORE,Tiefe Rumpfmuskulatur,secondary,3,1,2,Rumpf
EX000192,Rollout am Schlingentrainer,LATS,Latissimus,secondary,3,2,4,Oberkörper
EX000192,Rollout am Schlingentrainer,SERRATUS,Sägemuskel,secondary,3,3,2,Oberkörper
EX000192,Rollout am Schlingentrainer,TRICEPS,Trizeps,secondary,2,4,3,Oberkörper
EX000192,Rollout am Schlingentrainer,GLUTES,Gesässmuskulatur,secondary,2,5,5,Unterkörper
EX000193,Rollout am Schlingentrainer einarmig,OBLIQUES,Seitliche Bauchmuskulatur,primary,5,1,3,Rumpf
EX000193,Rollout am Schlingentrainer einarmig,ABS,Gerade Bauchmuskulatur,secondary,3,1,3,Rumpf
EX000193,Rollout am Schlingentrainer einarmig,DEEP_CORE,Tiefe Rumpfmuskulatur,secondary,3,2,2,Rumpf
EX000193,Rollout am Schlingentrainer einarmig,LATS,Latissimus,secondary,3,3,4,Oberkörper
EX000193,Rollout am Schlingentrainer einarmig,SERRATUS,Sägemuskel,secondary,2,4,2,Oberkörper
EX000194,Slider-Rollout aus dem Kniestand,ABS,Gerade Bauchmuskulatur,primary,5,1,3,Rumpf
EX000194,Slider-Rollout aus dem Kniestand,DEEP_CORE,Tiefe Rumpfmuskulatur,secondary,3,1,2,Rumpf
EX000194,Slider-Rollout aus dem Kniestand,LATS,Latissimus,secondary,3,2,4,Oberkörper
EX000194,Slider-Rollout aus dem Kniestand,SERRATUS,Sägemuskel,secondary,3,3,2,Oberkörper
EX000194,Slider-Rollout aus dem Kniestand,TRICEPS,Trizeps,secondary,2,4,3,Oberkörper
EX000195,Front-Rack Hold einarmig,OBLIQUES,Seitliche Bauchmuskulatur,primary,5,1,3,Rumpf
EX000195,Front-Rack Hold einarmig,DEEP_CORE,Tiefe Rumpfmuskulatur,secondary,3,1,2,Rumpf
EX000195,Front-Rack Hold einarmig,ABS,Gerade Bauchmuskulatur,secondary,3,2,3,Rumpf
EX000195,Front-Rack Hold einarmig,FOREARMS,Unterarmmuskulatur,secondary,3,3,2,Oberkörper
EX000195,Front-Rack Hold einarmig,FRONT_DELTS,Vordere Schulter,secondary,2,4,2,Oberkörper
EX000196,Halbkniende Landmine-Rotation,OBLIQUES,Seitliche Bauchmuskulatur,primary,5,1,3,Rumpf
EX000196,Halbkniende Landmine-Rotation,ABS,Gerade Bauchmuskulatur,secondary,3,1,3,Rumpf
EX000196,Halbkniende Landmine-Rotation,DEEP_CORE,Tiefe Rumpfmuskulatur,secondary,3,2,2,Rumpf
EX000196,Halbkniende Landmine-Rotation,GLUTES,Gesässmuskulatur,secondary,3,3,5,Unterkörper
EX000196,Halbkniende Landmine-Rotation,FRONT_DELTS,Vordere Schulter,secondary,2,4,2,Oberkörper
EX000197,Halbkniender Kabel-Holzhacker,OBLIQUES,Seitliche Bauchmuskulatur,primary,5,1,3,Rumpf
EX000197,Halbkniender Kabel-Holzhacker,ABS,Gerade Bauchmuskulatur,secondary,3,1,3,Rumpf
EX000197,Halbkniender Kabel-Holzhacker,DEEP_CORE,Tiefe Rumpfmuskulatur,secondary,3,2,2,Rumpf
EX000197,Halbkniender Kabel-Holzhacker,GLUTES,Gesässmuskulatur,secondary,3,3,5,Unterkörper
EX000198,Holzhacker mit Widerstandsband,OBLIQUES,Seitliche Bauchmuskulatur,primary,5,1,3,Rumpf
EX000198,Holzhacker mit Widerstandsband,ABS,Gerade Bauchmuskulatur,secondary,3,1,3,Rumpf
EX000198,Holzhacker mit Widerstandsband,DEEP_CORE,Tiefe Rumpfmuskulatur,secondary,3,2,2,Rumpf
EX000198,Holzhacker mit Widerstandsband,GLUTES,Gesässmuskulatur,secondary,3,3,5,Unterkörper
EX000199,Horizontaler Kabel-Holzhacker,OBLIQUES,Seitliche Bauchmuskulatur,primary,5,1,3,Rumpf
EX000199,Horizontaler Kabel-Holzhacker,ABS,Gerade Bauchmuskulatur,secondary,3,1,3,Rumpf
EX000199,Horizontaler Kabel-Holzhacker,DEEP_CORE,Tiefe Rumpfmuskulatur,secondary,3,2,2,Rumpf
EX000199,Horizontaler Kabel-Holzhacker,GLUTES,Gesässmuskulatur,secondary,3,3,5,Unterkörper
EX000199,Horizontaler Kabel-Holzhacker,CHEST,Brustmuskulatur,secondary,2,4,4,Oberkörper
EX000200,Kabel-Holzhacker von oben nach unten,OBLIQUES,Seitliche Bauchmuskulatur,primary,5,1,3,Rumpf
EX000200,Kabel-Holzhacker von oben nach unten,ABS,Gerade Bauchmuskulatur,secondary,3,1,3,Rumpf
EX000200,Kabel-Holzhacker von oben nach unten,DEEP_CORE,Tiefe Rumpfmuskulatur,secondary,3,2,2,Rumpf
EX000200,Kabel-Holzhacker von oben nach unten,LATS,Latissimus,secondary,3,3,4,Oberkörper
EX000200,Kabel-Holzhacker von oben nach unten,GLUTES,Gesässmuskulatur,secondary,2,4,5,Unterkörper
EX000201,Kabel-Holzhacker von unten nach oben,OBLIQUES,Seitliche Bauchmuskulatur,primary,5,1,3,Rumpf
EX000201,Kabel-Holzhacker von unten nach oben,ABS,Gerade Bauchmuskulatur,secondary,3,1,3,Rumpf
EX000201,Kabel-Holzhacker von unten nach oben,DEEP_CORE,Tiefe Rumpfmuskulatur,secondary,3,2,2,Rumpf
EX000201,Kabel-Holzhacker von unten nach oben,GLUTES,Gesässmuskulatur,secondary,3,3,5,Unterkörper
EX000201,Kabel-Holzhacker von unten nach oben,FRONT_DELTS,Vordere Schulter,secondary,2,4,2,Oberkörper
EX000202,Kettlebell Suitcase Hold,OBLIQUES,Seitliche Bauchmuskulatur,primary,5,1,3,Rumpf
EX000202,Kettlebell Suitcase Hold,DEEP_CORE,Tiefe Rumpfmuskulatur,secondary,3,1,2,Rumpf
EX000202,Kettlebell Suitcase Hold,FOREARMS,Unterarmmuskulatur,secondary,3,2,2,Oberkörper
EX000202,Kettlebell Suitcase Hold,TRAPS,Trapezmuskel,secondary,3,3,3,Oberkörper
EX000203,Kniende Landmine-Rotation,OBLIQUES,Seitliche Bauchmuskulatur,primary,5,1,3,Rumpf
EX000203,Kniende Landmine-Rotation,ABS,Gerade Bauchmuskulatur,secondary,3,1,3,Rumpf
EX000203,Kniende Landmine-Rotation,DEEP_CORE,Tiefe Rumpfmuskulatur,secondary,3,2,2,Rumpf
EX000203,Kniende Landmine-Rotation,FRONT_DELTS,Vordere Schulter,secondary,3,3,2,Oberkörper
EX000204,Kniender Kabel-Holzhacker,OBLIQUES,Seitliche Bauchmuskulatur,primary,5,1,3,Rumpf
EX000204,Kniender Kabel-Holzhacker,ABS,Gerade Bauchmuskulatur,secondary,3,1,3,Rumpf
EX000204,Kniender Kabel-Holzhacker,DEEP_CORE,Tiefe Rumpfmuskulatur,secondary,3,2,2,Rumpf
EX000204,Kniender Kabel-Holzhacker,LATS,Latissimus,secondary,3,3,4,Oberkörper
EX000205,Landmine-Rotation,OBLIQUES,Seitliche Bauchmuskulatur,primary,5,1,3,Rumpf
EX000205,Landmine-Rotation,ABS,Gerade Bauchmuskulatur,secondary,3,1,3,Rumpf
EX000205,Landmine-Rotation,DEEP_CORE,Tiefe Rumpfmuskulatur,secondary,3,2,2,Rumpf
EX000205,Landmine-Rotation,GLUTES,Gesässmuskulatur,secondary,3,3,5,Unterkörper
EX000205,Landmine-Rotation,FRONT_DELTS,Vordere Schulter,secondary,2,4,2,Oberkörper
EX000205,Landmine-Rotation,CHEST,Brustmuskulatur,secondary,2,5,4,Oberkörper
EX000206,Overhead Hold einarmig,OBLIQUES,Seitliche Bauchmuskulatur,primary,5,1,3,Rumpf
EX000206,Overhead Hold einarmig,DEEP_CORE,Tiefe Rumpfmuskulatur,secondary,3,1,2,Rumpf
EX000206,Overhead Hold einarmig,TRAPS,Trapezmuskel,secondary,3,2,3,Oberkörper
EX000206,Overhead Hold einarmig,ROTATOR_CUFF,Rotatorenmanschette,secondary,3,3,1,Oberkörper
EX000206,Overhead Hold einarmig,FOREARMS,Unterarmmuskulatur,secondary,2,4,2,Oberkörper
EX000207,Overhead Hold mit Kettlebell,OBLIQUES,Seitliche Bauchmuskulatur,primary,5,1,3,Rumpf
EX000207,Overhead Hold mit Kettlebell,DEEP_CORE,Tiefe Rumpfmuskulatur,secondary,3,1,2,Rumpf
EX000207,Overhead Hold mit Kettlebell,TRAPS,Trapezmuskel,secondary,3,2,3,Oberkörper
EX000207,Overhead Hold mit Kettlebell,ROTATOR_CUFF,Rotatorenmanschette,secondary,3,3,1,Oberkörper
EX000207,Overhead Hold mit Kettlebell,FOREARMS,Unterarmmuskulatur,secondary,2,4,2,Oberkörper
EX000208,Pallof Hold im Stehen,OBLIQUES,Seitliche Bauchmuskulatur,primary,5,1,3,Rumpf
EX000208,Pallof Hold im Stehen,DEEP_CORE,Tiefe Rumpfmuskulatur,secondary,3,1,2,Rumpf
EX000208,Pallof Hold im Stehen,ABS,Gerade Bauchmuskulatur,secondary,3,2,3,Rumpf
EX000208,Pallof Hold im Stehen,GLUTES,Gesässmuskulatur,secondary,3,3,5,Unterkörper
EX000209,Pallof Hold mit Widerstandsband,OBLIQUES,Seitliche Bauchmuskulatur,primary,5,1,3,Rumpf
EX000209,Pallof Hold mit Widerstandsband,DEEP_CORE,Tiefe Rumpfmuskulatur,secondary,3,1,2,Rumpf
EX000209,Pallof Hold mit Widerstandsband,ABS,Gerade Bauchmuskulatur,secondary,3,2,3,Rumpf
EX000209,Pallof Hold mit Widerstandsband,GLUTES,Gesässmuskulatur,secondary,3,3,5,Unterkörper
EX000210,Pallof Press halb kniend,OBLIQUES,Seitliche Bauchmuskulatur,primary,5,1,3,Rumpf
EX000210,Pallof Press halb kniend,DEEP_CORE,Tiefe Rumpfmuskulatur,secondary,3,1,2,Rumpf
EX000210,Pallof Press halb kniend,ABS,Gerade Bauchmuskulatur,secondary,3,2,3,Rumpf
EX000210,Pallof Press halb kniend,GLUTES,Gesässmuskulatur,secondary,3,3,5,Unterkörper
EX000211,Pallof Press im Kniestand,OBLIQUES,Seitliche Bauchmuskulatur,primary,5,1,3,Rumpf
EX000211,Pallof Press im Kniestand,DEEP_CORE,Tiefe Rumpfmuskulatur,secondary,3,1,2,Rumpf
EX000211,Pallof Press im Kniestand,ABS,Gerade Bauchmuskulatur,secondary,3,2,3,Rumpf
EX000211,Pallof Press im Kniestand,GLUTES,Gesässmuskulatur,secondary,3,3,5,Unterkörper
EX000212,Pallof Press im Split Stance,OBLIQUES,Seitliche Bauchmuskulatur,primary,5,1,3,Rumpf
EX000212,Pallof Press im Split Stance,DEEP_CORE,Tiefe Rumpfmuskulatur,secondary,3,1,2,Rumpf
EX000212,Pallof Press im Split Stance,ABS,Gerade Bauchmuskulatur,secondary,3,2,3,Rumpf
EX000212,Pallof Press im Split Stance,GLUTES,Gesässmuskulatur,secondary,3,3,5,Unterkörper
EX000213,Pallof Press im Stehen,OBLIQUES,Seitliche Bauchmuskulatur,primary,5,1,3,Rumpf
EX000213,Pallof Press im Stehen,DEEP_CORE,Tiefe Rumpfmuskulatur,secondary,3,1,2,Rumpf
EX000213,Pallof Press im Stehen,ABS,Gerade Bauchmuskulatur,secondary,3,2,3,Rumpf
EX000213,Pallof Press im Stehen,GLUTES,Gesässmuskulatur,secondary,3,3,5,Unterkörper
EX000213,Pallof Press im Stehen,SERRATUS,Sägemuskel,secondary,2,4,2,Oberkörper
EX000214,Pallof Press mit Kniebeuge,OBLIQUES,Seitliche Bauchmuskulatur,primary,5,1,3,Rumpf
EX000214,Pallof Press mit Kniebeuge,DEEP_CORE,Tiefe Rumpfmuskulatur,secondary,3,1,2,Rumpf
EX000214,Pallof Press mit Kniebeuge,ABS,Gerade Bauchmuskulatur,secondary,3,2,3,Rumpf
EX000214,Pallof Press mit Kniebeuge,GLUTES,Gesässmuskulatur,secondary,3,3,5,Unterkörper
EX000214,Pallof Press mit Kniebeuge,QUADS,Quadrizeps,secondary,2,4,5,Unterkörper
EX000215,Pallof Press mit Schritt seitwärts,OBLIQUES,Seitliche Bauchmuskulatur,primary,5,1,3,Rumpf
EX000215,Pallof Press mit Schritt seitwärts,DEEP_CORE,Tiefe Rumpfmuskulatur,secondary,3,1,2,Rumpf
EX000215,Pallof Press mit Schritt seitwärts,ABS,Gerade Bauchmuskulatur,secondary,3,2,3,Rumpf
EX000215,Pallof Press mit Schritt seitwärts,GLUTES,Gesässmuskulatur,secondary,3,3,5,Unterkörper
EX000215,Pallof Press mit Schritt seitwärts,ABDUCTORS,Hüftabduktoren,secondary,2,4,3,Unterkörper
EX000216,Pallof Press mit Widerstandsband,OBLIQUES,Seitliche Bauchmuskulatur,primary,5,1,3,Rumpf
EX000216,Pallof Press mit Widerstandsband,DEEP_CORE,Tiefe Rumpfmuskulatur,secondary,3,1,2,Rumpf
EX000216,Pallof Press mit Widerstandsband,ABS,Gerade Bauchmuskulatur,secondary,3,2,3,Rumpf
EX000216,Pallof Press mit Widerstandsband,GLUTES,Gesässmuskulatur,secondary,3,3,5,Unterkörper
EX000217,Pallof Press über Kopf,OBLIQUES,Seitliche Bauchmuskulatur,primary,5,1,3,Rumpf
EX000217,Pallof Press über Kopf,DEEP_CORE,Tiefe Rumpfmuskulatur,secondary,3,1,2,Rumpf
EX000217,Pallof Press über Kopf,ABS,Gerade Bauchmuskulatur,secondary,3,2,3,Rumpf
EX000217,Pallof Press über Kopf,GLUTES,Gesässmuskulatur,secondary,3,3,5,Unterkörper
EX000217,Pallof Press über Kopf,SERRATUS,Sägemuskel,secondary,2,4,2,Oberkörper
EX000217,Pallof Press über Kopf,TRAPS,Trapezmuskel,secondary,2,5,3,Oberkörper
EX000218,Russischer Twist mit Kettlebell,OBLIQUES,Seitliche Bauchmuskulatur,primary,5,1,3,Rumpf
EX000218,Russischer Twist mit Kettlebell,ABS,Gerade Bauchmuskulatur,secondary,3,1,3,Rumpf
EX000218,Russischer Twist mit Kettlebell,HIP_FLEXORS,Hüftbeuger,secondary,3,2,2,Unterkörper
EX000218,Russischer Twist mit Kettlebell,FRONT_DELTS,Vordere Schulter,secondary,3,3,2,Oberkörper
EX000219,Russischer Twist mit Kurzhantel,OBLIQUES,Seitliche Bauchmuskulatur,primary,5,1,3,Rumpf
EX000219,Russischer Twist mit Kurzhantel,ABS,Gerade Bauchmuskulatur,secondary,3,1,3,Rumpf
EX000219,Russischer Twist mit Kurzhantel,HIP_FLEXORS,Hüftbeuger,secondary,3,2,2,Unterkörper
EX000219,Russischer Twist mit Kurzhantel,FRONT_DELTS,Vordere Schulter,secondary,3,3,2,Oberkörper
EX000220,Russischer Twist mit Medizinball,OBLIQUES,Seitliche Bauchmuskulatur,primary,5,1,3,Rumpf
EX000220,Russischer Twist mit Medizinball,ABS,Gerade Bauchmuskulatur,secondary,3,1,3,Rumpf
EX000220,Russischer Twist mit Medizinball,HIP_FLEXORS,Hüftbeuger,secondary,3,2,2,Unterkörper
EX000220,Russischer Twist mit Medizinball,FRONT_DELTS,Vordere Schulter,secondary,3,3,2,Oberkörper
EX000221,Russischer Twist ohne Gewicht,OBLIQUES,Seitliche Bauchmuskulatur,primary,5,1,3,Rumpf
EX000221,Russischer Twist ohne Gewicht,ABS,Gerade Bauchmuskulatur,secondary,3,1,3,Rumpf
EX000221,Russischer Twist ohne Gewicht,HIP_FLEXORS,Hüftbeuger,secondary,3,2,2,Unterkörper
EX000222,Saxon Side Bend mit Kurzhanteln,OBLIQUES,Seitliche Bauchmuskulatur,primary,5,1,3,Rumpf
EX000222,Saxon Side Bend mit Kurzhanteln,DEEP_CORE,Tiefe Rumpfmuskulatur,secondary,3,1,2,Rumpf
EX000222,Saxon Side Bend mit Kurzhanteln,SIDE_DELTS,Seitliche Schulter,secondary,3,2,2,Oberkörper
EX000222,Saxon Side Bend mit Kurzhanteln,TRAPS,Trapezmuskel,secondary,3,3,3,Oberkörper
EX000223,Scheibenwischer am Boden,OBLIQUES,Seitliche Bauchmuskulatur,primary,5,1,3,Rumpf
EX000223,Scheibenwischer am Boden,ABS,Gerade Bauchmuskulatur,secondary,3,1,3,Rumpf
EX000223,Scheibenwischer am Boden,HIP_FLEXORS,Hüftbeuger,secondary,3,2,2,Unterkörper
EX000223,Scheibenwischer am Boden,DEEP_CORE,Tiefe Rumpfmuskulatur,secondary,3,3,2,Rumpf
EX000224,Scheibenwischer am Boden mit gebeugten Knien,OBLIQUES,Seitliche Bauchmuskulatur,primary,5,1,3,Rumpf
EX000224,Scheibenwischer am Boden mit gebeugten Knien,ABS,Gerade Bauchmuskulatur,secondary,3,1,3,Rumpf
EX000224,Scheibenwischer am Boden mit gebeugten Knien,HIP_FLEXORS,Hüftbeuger,secondary,3,2,2,Unterkörper
EX000225,Seitbeuge am Kabelzug,OBLIQUES,Seitliche Bauchmuskulatur,primary,5,1,3,Rumpf
EX000225,Seitbeuge am Kabelzug,DEEP_CORE,Tiefe Rumpfmuskulatur,secondary,3,1,2,Rumpf
EX000226,Seitbeuge mit Kettlebell,OBLIQUES,Seitliche Bauchmuskulatur,primary,5,1,3,Rumpf
EX000226,Seitbeuge mit Kettlebell,DEEP_CORE,Tiefe Rumpfmuskulatur,secondary,3,1,2,Rumpf
EX000226,Seitbeuge mit Kettlebell,FOREARMS,Unterarmmuskulatur,secondary,3,2,2,Oberkörper
EX000227,Seitbeuge mit Kurzhantel,OBLIQUES,Seitliche Bauchmuskulatur,primary,5,1,3,Rumpf
EX000227,Seitbeuge mit Kurzhantel,DEEP_CORE,Tiefe Rumpfmuskulatur,secondary,3,1,2,Rumpf
EX000227,Seitbeuge mit Kurzhantel,FOREARMS,Unterarmmuskulatur,secondary,3,2,2,Oberkörper
EX000228,Suitcase Hold,OBLIQUES,Seitliche Bauchmuskulatur,primary,5,1,3,Rumpf
EX000228,Suitcase Hold,DEEP_CORE,Tiefe Rumpfmuskulatur,secondary,3,1,2,Rumpf
EX000228,Suitcase Hold,FOREARMS,Unterarmmuskulatur,secondary,3,2,2,Oberkörper
EX000228,Suitcase Hold,TRAPS,Trapezmuskel,secondary,3,3,3,Oberkörper
EX000229,Tall-Kneeling Anti-Rotation Press,OBLIQUES,Seitliche Bauchmuskulatur,primary,5,1,3,Rumpf
EX000229,Tall-Kneeling Anti-Rotation Press,DEEP_CORE,Tiefe Rumpfmuskulatur,secondary,3,1,2,Rumpf
EX000229,Tall-Kneeling Anti-Rotation Press,ABS,Gerade Bauchmuskulatur,secondary,3,2,3,Rumpf
EX000229,Tall-Kneeling Anti-Rotation Press,GLUTES,Gesässmuskulatur,secondary,3,3,5,Unterkörper
EX000230,Copenhagen Plank mit Hüftheben,ADDUCTORS,Adduktoren,primary,5,1,4,Unterkörper
EX000230,Copenhagen Plank mit Hüftheben,OBLIQUES,Seitliche Bauchmuskulatur,secondary,3,1,3,Rumpf
EX000230,Copenhagen Plank mit Hüftheben,DEEP_CORE,Tiefe Rumpfmuskulatur,secondary,3,2,2,Rumpf
EX000230,Copenhagen Plank mit Hüftheben,GLUTES,Gesässmuskulatur,secondary,3,3,5,Unterkörper
EX000231,Copenhagen Plank mit Kniebewegung,ADDUCTORS,Adduktoren,primary,5,1,4,Unterkörper
EX000231,Copenhagen Plank mit Kniebewegung,OBLIQUES,Seitliche Bauchmuskulatur,secondary,3,1,3,Rumpf
EX000231,Copenhagen Plank mit Kniebewegung,DEEP_CORE,Tiefe Rumpfmuskulatur,secondary,3,2,2,Rumpf
EX000231,Copenhagen Plank mit Kniebewegung,HIP_FLEXORS,Hüftbeuger,secondary,3,3,2,Unterkörper
EX000232,"Copenhagen Plank, kurzer Hebel",ADDUCTORS,Adduktoren,primary,5,1,4,Unterkörper
EX000232,"Copenhagen Plank, kurzer Hebel",OBLIQUES,Seitliche Bauchmuskulatur,secondary,3,1,3,Rumpf
EX000232,"Copenhagen Plank, kurzer Hebel",DEEP_CORE,Tiefe Rumpfmuskulatur,secondary,3,2,2,Rumpf
EX000232,"Copenhagen Plank, kurzer Hebel",GLUTES,Gesässmuskulatur,secondary,3,3,5,Unterkörper
EX000233,"Copenhagen Plank, langer Hebel",ADDUCTORS,Adduktoren,primary,5,1,4,Unterkörper
EX000233,"Copenhagen Plank, langer Hebel",OBLIQUES,Seitliche Bauchmuskulatur,secondary,3,1,3,Rumpf
EX000233,"Copenhagen Plank, langer Hebel",DEEP_CORE,Tiefe Rumpfmuskulatur,secondary,3,2,2,Rumpf
EX000233,"Copenhagen Plank, langer Hebel",GLUTES,Gesässmuskulatur,secondary,3,3,5,Unterkörper
EX000234,Hoher Seitstütz,OBLIQUES,Seitliche Bauchmuskulatur,primary,5,1,3,Rumpf
EX000234,Hoher Seitstütz,DEEP_CORE,Tiefe Rumpfmuskulatur,secondary,3,1,2,Rumpf
EX000234,Hoher Seitstütz,GLUTES,Gesässmuskulatur,secondary,3,2,5,Unterkörper
EX000234,Hoher Seitstütz,ABDUCTORS,Hüftabduktoren,secondary,3,3,3,Unterkörper
EX000234,Hoher Seitstütz,SERRATUS,Sägemuskel,secondary,2,4,2,Oberkörper
EX000234,Hoher Seitstütz,FRONT_DELTS,Vordere Schulter,secondary,2,5,2,Oberkörper
EX000235,Seitstütz an der Wand,OBLIQUES,Seitliche Bauchmuskulatur,primary,5,1,3,Rumpf
EX000235,Seitstütz an der Wand,DEEP_CORE,Tiefe Rumpfmuskulatur,secondary,3,1,2,Rumpf
EX000235,Seitstütz an der Wand,GLUTES,Gesässmuskulatur,secondary,3,2,5,Unterkörper
EX000236,Seitstütz auf dem Gymnastikball,OBLIQUES,Seitliche Bauchmuskulatur,primary,5,1,3,Rumpf
EX000236,Seitstütz auf dem Gymnastikball,DEEP_CORE,Tiefe Rumpfmuskulatur,secondary,3,1,2,Rumpf
EX000236,Seitstütz auf dem Gymnastikball,GLUTES,Gesässmuskulatur,secondary,3,2,5,Unterkörper
EX000236,Seitstütz auf dem Gymnastikball,ABDUCTORS,Hüftabduktoren,secondary,3,3,3,Unterkörper
EX000237,Seitstütz auf dem Unterarm,OBLIQUES,Seitliche Bauchmuskulatur,primary,5,1,3,Rumpf
EX000237,Seitstütz auf dem Unterarm,DEEP_CORE,Tiefe Rumpfmuskulatur,secondary,3,1,2,Rumpf
EX000237,Seitstütz auf dem Unterarm,GLUTES,Gesässmuskulatur,secondary,3,2,5,Unterkörper
EX000237,Seitstütz auf dem Unterarm,ABDUCTORS,Hüftabduktoren,secondary,3,3,3,Unterkörper
EX000237,Seitstütz auf dem Unterarm,SERRATUS,Sägemuskel,secondary,2,4,2,Oberkörper
EX000238,Seitstütz auf den Knien,OBLIQUES,Seitliche Bauchmuskulatur,primary,5,1,3,Rumpf
EX000238,Seitstütz auf den Knien,DEEP_CORE,Tiefe Rumpfmuskulatur,secondary,3,1,2,Rumpf
EX000238,Seitstütz auf den Knien,GLUTES,Gesässmuskulatur,secondary,3,2,5,Unterkörper
EX000238,Seitstütz auf den Knien,ABDUCTORS,Hüftabduktoren,secondary,3,3,3,Unterkörper
EX000239,Seitstütz im Schlingentrainer,OBLIQUES,Seitliche Bauchmuskulatur,primary,5,1,3,Rumpf
EX000239,Seitstütz im Schlingentrainer,DEEP_CORE,Tiefe Rumpfmuskulatur,secondary,3,1,2,Rumpf
EX000239,Seitstütz im Schlingentrainer,GLUTES,Gesässmuskulatur,secondary,3,2,5,Unterkörper
EX000239,Seitstütz im Schlingentrainer,ABDUCTORS,Hüftabduktoren,secondary,3,3,3,Unterkörper
EX000239,Seitstütz im Schlingentrainer,SERRATUS,Sägemuskel,secondary,2,4,2,Oberkörper
EX000240,Seitstütz March,OBLIQUES,Seitliche Bauchmuskulatur,primary,5,1,3,Rumpf
EX000240,Seitstütz March,HIP_FLEXORS,Hüftbeuger,secondary,3,1,2,Unterkörper
EX000240,Seitstütz March,GLUTES,Gesässmuskulatur,secondary,3,2,5,Unterkörper
EX000240,Seitstütz March,ABDUCTORS,Hüftabduktoren,secondary,3,3,3,Unterkörper
EX000240,Seitstütz March,DEEP_CORE,Tiefe Rumpfmuskulatur,secondary,2,4,2,Rumpf
EX000241,Seitstütz mit Armzug am Kabel,OBLIQUES,Seitliche Bauchmuskulatur,primary,5,1,3,Rumpf
EX000241,Seitstütz mit Armzug am Kabel,LATS,Latissimus,secondary,3,1,4,Oberkörper
EX000241,Seitstütz mit Armzug am Kabel,RHOMBOIDS,Rhomboiden und mittlerer Rücken,secondary,3,2,2,Oberkörper
EX000241,Seitstütz mit Armzug am Kabel,BICEPS,Bizeps,secondary,3,3,2,Oberkörper
EX000241,Seitstütz mit Armzug am Kabel,DEEP_CORE,Tiefe Rumpfmuskulatur,secondary,2,4,2,Rumpf
EX000241,Seitstütz mit Armzug am Kabel,GLUTES,Gesässmuskulatur,secondary,2,5,5,Unterkörper
EX000242,Seitstütz mit erhöhtem Oberkörper,OBLIQUES,Seitliche Bauchmuskulatur,primary,5,1,3,Rumpf
EX000242,Seitstütz mit erhöhtem Oberkörper,DEEP_CORE,Tiefe Rumpfmuskulatur,secondary,3,1,2,Rumpf
EX000242,Seitstütz mit erhöhtem Oberkörper,GLUTES,Gesässmuskulatur,secondary,3,2,5,Unterkörper
EX000242,Seitstütz mit erhöhtem Oberkörper,ABDUCTORS,Hüftabduktoren,secondary,3,3,3,Unterkörper
EX000243,Seitstütz mit erhöhten Füssen,OBLIQUES,Seitliche Bauchmuskulatur,primary,5,1,3,Rumpf
EX000243,Seitstütz mit erhöhten Füssen,DEEP_CORE,Tiefe Rumpfmuskulatur,secondary,3,1,2,Rumpf
EX000243,Seitstütz mit erhöhten Füssen,GLUTES,Gesässmuskulatur,secondary,3,2,5,Unterkörper
EX000243,Seitstütz mit erhöhten Füssen,ABDUCTORS,Hüftabduktoren,secondary,3,3,3,Unterkörper
EX000243,Seitstütz mit erhöhten Füssen,SERRATUS,Sägemuskel,secondary,2,4,2,Oberkörper
EX000244,Seitstütz mit Hüftheben,OBLIQUES,Seitliche Bauchmuskulatur,primary,5,1,3,Rumpf
EX000244,Seitstütz mit Hüftheben,DEEP_CORE,Tiefe Rumpfmuskulatur,secondary,3,1,2,Rumpf
EX000244,Seitstütz mit Hüftheben,GLUTES,Gesässmuskulatur,secondary,3,2,5,Unterkörper
EX000244,Seitstütz mit Hüftheben,ABDUCTORS,Hüftabduktoren,secondary,3,3,3,Unterkörper
EX000245,Seitstütz mit Knie zur Brust,OBLIQUES,Seitliche Bauchmuskulatur,primary,5,1,3,Rumpf
EX000245,Seitstütz mit Knie zur Brust,ABS,Gerade Bauchmuskulatur,secondary,3,1,3,Rumpf
EX000245,Seitstütz mit Knie zur Brust,HIP_FLEXORS,Hüftbeuger,secondary,3,2,2,Unterkörper
EX000245,Seitstütz mit Knie zur Brust,GLUTES,Gesässmuskulatur,secondary,3,3,5,Unterkörper
EX000245,Seitstütz mit Knie zur Brust,ABDUCTORS,Hüftabduktoren,secondary,2,4,3,Unterkörper
EX000246,Seitstütz mit Kurzhantel über Kopf,OBLIQUES,Seitliche Bauchmuskulatur,primary,5,1,3,Rumpf
EX000246,Seitstütz mit Kurzhantel über Kopf,DEEP_CORE,Tiefe Rumpfmuskulatur,secondary,3,1,2,Rumpf
EX000246,Seitstütz mit Kurzhantel über Kopf,GLUTES,Gesässmuskulatur,secondary,3,2,5,Unterkörper
EX000246,Seitstütz mit Kurzhantel über Kopf,SIDE_DELTS,Seitliche Schulter,secondary,3,3,2,Oberkörper
EX000246,Seitstütz mit Kurzhantel über Kopf,TRAPS,Trapezmuskel,secondary,2,4,3,Oberkörper
EX000247,Seitstütz mit Kurzhantel-Rudern,OBLIQUES,Seitliche Bauchmuskulatur,primary,5,1,3,Rumpf
EX000247,Seitstütz mit Kurzhantel-Rudern,LATS,Latissimus,secondary,3,1,4,Oberkörper
EX000247,Seitstütz mit Kurzhantel-Rudern,RHOMBOIDS,Rhomboiden und mittlerer Rücken,secondary,3,2,2,Oberkörper
EX000247,Seitstütz mit Kurzhantel-Rudern,BICEPS,Bizeps,secondary,3,3,2,Oberkörper
EX000247,Seitstütz mit Kurzhantel-Rudern,DEEP_CORE,Tiefe Rumpfmuskulatur,secondary,2,4,2,Rumpf
EX000247,Seitstütz mit Kurzhantel-Rudern,GLUTES,Gesässmuskulatur,secondary,2,5,5,Unterkörper
EX000248,Seitstütz mit Miniband-Abduktion,ABDUCTORS,Hüftabduktoren,primary,5,1,3,Unterkörper
EX000248,Seitstütz mit Miniband-Abduktion,OBLIQUES,Seitliche Bauchmuskulatur,secondary,3,1,3,Rumpf
EX000248,Seitstütz mit Miniband-Abduktion,GLUTES,Gesässmuskulatur,secondary,3,2,5,Unterkörper
EX000248,Seitstütz mit Miniband-Abduktion,DEEP_CORE,Tiefe Rumpfmuskulatur,secondary,3,3,2,Rumpf
EX000249,Seitstütz mit oberem Beinheben,ABDUCTORS,Hüftabduktoren,primary,5,1,3,Unterkörper
EX000249,Seitstütz mit oberem Beinheben,OBLIQUES,Seitliche Bauchmuskulatur,secondary,3,1,3,Rumpf
EX000249,Seitstütz mit oberem Beinheben,DEEP_CORE,Tiefe Rumpfmuskulatur,secondary,3,2,2,Rumpf
EX000249,Seitstütz mit oberem Beinheben,GLUTES,Gesässmuskulatur,secondary,3,3,5,Unterkörper
EX000250,Seitstütz mit Pulldown am Kabel,OBLIQUES,Seitliche Bauchmuskulatur,primary,5,1,3,Rumpf
EX000250,Seitstütz mit Pulldown am Kabel,LATS,Latissimus,secondary,3,1,4,Oberkörper
EX000250,Seitstütz mit Pulldown am Kabel,BICEPS,Bizeps,secondary,3,2,2,Oberkörper
EX000250,Seitstütz mit Pulldown am Kabel,DEEP_CORE,Tiefe Rumpfmuskulatur,secondary,3,3,2,Rumpf
EX000250,Seitstütz mit Pulldown am Kabel,GLUTES,Gesässmuskulatur,secondary,2,4,5,Unterkörper
EX000251,Seitstütz mit Reach-through,OBLIQUES,Seitliche Bauchmuskulatur,primary,5,1,3,Rumpf
EX000251,Seitstütz mit Reach-through,DEEP_CORE,Tiefe Rumpfmuskulatur,secondary,3,1,2,Rumpf
EX000251,Seitstütz mit Reach-through,GLUTES,Gesässmuskulatur,secondary,3,2,5,Unterkörper
EX000251,Seitstütz mit Reach-through,SERRATUS,Sägemuskel,secondary,3,3,2,Oberkörper
EX000251,Seitstütz mit Reach-through,FRONT_DELTS,Vordere Schulter,secondary,2,4,2,Oberkörper
EX000252,Seitstütz mit Rotation,OBLIQUES,Seitliche Bauchmuskulatur,primary,5,1,3,Rumpf
EX000252,Seitstütz mit Rotation,DEEP_CORE,Tiefe Rumpfmuskulatur,secondary,3,1,2,Rumpf
EX000252,Seitstütz mit Rotation,GLUTES,Gesässmuskulatur,secondary,3,2,5,Unterkörper
EX000252,Seitstütz mit Rotation,SERRATUS,Sägemuskel,secondary,3,3,2,Oberkörper
EX000252,Seitstütz mit Rotation,FRONT_DELTS,Vordere Schulter,secondary,2,4,2,Oberkörper
EX000253,Seitstütz mit Zusatzgewicht,OBLIQUES,Seitliche Bauchmuskulatur,primary,5,1,3,Rumpf
EX000253,Seitstütz mit Zusatzgewicht,DEEP_CORE,Tiefe Rumpfmuskulatur,secondary,3,1,2,Rumpf
EX000253,Seitstütz mit Zusatzgewicht,GLUTES,Gesässmuskulatur,secondary,3,2,5,Unterkörper
EX000253,Seitstütz mit Zusatzgewicht,ABDUCTORS,Hüftabduktoren,secondary,3,3,3,Unterkörper
EX000254,Star Side Plank,OBLIQUES,Seitliche Bauchmuskulatur,primary,5,1,3,Rumpf
EX000254,Star Side Plank,ABDUCTORS,Hüftabduktoren,secondary,3,1,3,Unterkörper
EX000254,Star Side Plank,GLUTES,Gesässmuskulatur,secondary,3,2,5,Unterkörper
EX000254,Star Side Plank,DEEP_CORE,Tiefe Rumpfmuskulatur,secondary,3,3,2,Rumpf
EX000254,Star Side Plank,SERRATUS,Sägemuskel,secondary,2,4,2,Oberkörper
EX000255,Alternierender V-up,ABS,Gerade Bauchmuskulatur,primary,5,1,3,Rumpf
EX000255,Alternierender V-up,HIP_FLEXORS,Hüftbeuger,secondary,3,1,2,Unterkörper
EX000255,Alternierender V-up,OBLIQUES,Seitliche Bauchmuskulatur,secondary,3,2,3,Rumpf
EX000256,Alternierendes Beinheben in Rückenlage,ABS,Gerade Bauchmuskulatur,primary,5,1,3,Rumpf
EX000256,Alternierendes Beinheben in Rückenlage,HIP_FLEXORS,Hüftbeuger,secondary,3,1,2,Unterkörper
EX000256,Alternierendes Beinheben in Rückenlage,DEEP_CORE,Tiefe Rumpfmuskulatur,secondary,3,2,2,Rumpf
EX000256,Alternierendes Beinheben in Rückenlage,OBLIQUES,Seitliche Bauchmuskulatur,secondary,3,3,3,Rumpf
EX000257,Beinheben an den Dip-Holmen,ABS,Gerade Bauchmuskulatur,primary,5,1,3,Rumpf
EX000257,Beinheben an den Dip-Holmen,HIP_FLEXORS,Hüftbeuger,secondary,3,1,2,Unterkörper
EX000257,Beinheben an den Dip-Holmen,TRICEPS,Trizeps,secondary,3,2,3,Oberkörper
EX000257,Beinheben an den Dip-Holmen,FRONT_DELTS,Vordere Schulter,secondary,3,3,2,Oberkörper
EX000258,Beinheben in Rückenlage,ABS,Gerade Bauchmuskulatur,primary,5,1,3,Rumpf
EX000258,Beinheben in Rückenlage,HIP_FLEXORS,Hüftbeuger,secondary,3,1,2,Unterkörper
EX000258,Beinheben in Rückenlage,DEEP_CORE,Tiefe Rumpfmuskulatur,secondary,3,2,2,Rumpf
EX000259,Beinschere seitlich,HIP_FLEXORS,Hüftbeuger,primary,5,1,2,Unterkörper
EX000259,Beinschere seitlich,ABS,Gerade Bauchmuskulatur,secondary,3,1,3,Rumpf
EX000259,Beinschere seitlich,ADDUCTORS,Adduktoren,secondary,3,2,4,Unterkörper
EX000259,Beinschere seitlich,ABDUCTORS,Hüftabduktoren,secondary,3,3,3,Unterkörper
EX000260,Crunch am Boden,ABS,Gerade Bauchmuskulatur,primary,5,1,3,Rumpf
EX000260,Crunch am Boden,DEEP_CORE,Tiefe Rumpfmuskulatur,secondary,3,1,2,Rumpf
EX000261,Crunch an der Bauchmaschine,ABS,Gerade Bauchmuskulatur,primary,5,1,3,Rumpf
EX000261,Crunch an der Bauchmaschine,HIP_FLEXORS,Hüftbeuger,secondary,3,1,2,Unterkörper
EX000262,Crunch auf dem BOSU,ABS,Gerade Bauchmuskulatur,primary,5,1,3,Rumpf
EX000262,Crunch auf dem BOSU,DEEP_CORE,Tiefe Rumpfmuskulatur,secondary,3,1,2,Rumpf
EX000263,Crunch auf dem Gymnastikball,ABS,Gerade Bauchmuskulatur,primary,5,1,3,Rumpf
EX000263,Crunch auf dem Gymnastikball,DEEP_CORE,Tiefe Rumpfmuskulatur,secondary,3,1,2,Rumpf
EX000264,Crunch mit Armen über Kopf,ABS,Gerade Bauchmuskulatur,primary,5,1,3,Rumpf
EX000264,Crunch mit Armen über Kopf,DEEP_CORE,Tiefe Rumpfmuskulatur,secondary,3,1,2,Rumpf
EX000265,Crunch mit Füssen auf der Bank,ABS,Gerade Bauchmuskulatur,primary,5,1,3,Rumpf
EX000265,Crunch mit Füssen auf der Bank,DEEP_CORE,Tiefe Rumpfmuskulatur,secondary,3,1,2,Rumpf
EX000266,Crunch mit Zusatzgewicht,ABS,Gerade Bauchmuskulatur,primary,5,1,3,Rumpf
EX000266,Crunch mit Zusatzgewicht,DEEP_CORE,Tiefe Rumpfmuskulatur,secondary,3,1,2,Rumpf
EX000267,Dragon Flag,ABS,Gerade Bauchmuskulatur,primary,5,1,3,Rumpf
EX000267,Dragon Flag,DEEP_CORE,Tiefe Rumpfmuskulatur,secondary,3,1,2,Rumpf
EX000267,Dragon Flag,HIP_FLEXORS,Hüftbeuger,secondary,3,2,2,Unterkörper
EX000267,Dragon Flag,LATS,Latissimus,secondary,3,3,4,Oberkörper
EX000267,Dragon Flag,GLUTES,Gesässmuskulatur,secondary,2,4,5,Unterkörper
EX000268,"Dragon Flag, negativ",ABS,Gerade Bauchmuskulatur,primary,5,1,3,Rumpf
EX000268,"Dragon Flag, negativ",DEEP_CORE,Tiefe Rumpfmuskulatur,secondary,3,1,2,Rumpf
EX000268,"Dragon Flag, negativ",HIP_FLEXORS,Hüftbeuger,secondary,3,2,2,Unterkörper
EX000268,"Dragon Flag, negativ",LATS,Latissimus,secondary,3,3,4,Oberkörper
EX000268,"Dragon Flag, negativ",GLUTES,Gesässmuskulatur,secondary,2,4,5,Unterkörper
EX000269,Einarmiger Crunch an der Bauchmaschine,OBLIQUES,Seitliche Bauchmuskulatur,primary,5,1,3,Rumpf
EX000269,Einarmiger Crunch an der Bauchmaschine,ABS,Gerade Bauchmuskulatur,secondary,3,1,3,Rumpf
EX000270,Einarmiger Kabel-Crunch,OBLIQUES,Seitliche Bauchmuskulatur,primary,5,1,3,Rumpf
EX000270,Einarmiger Kabel-Crunch,ABS,Gerade Bauchmuskulatur,secondary,3,1,3,Rumpf
EX000270,Einarmiger Kabel-Crunch,DEEP_CORE,Tiefe Rumpfmuskulatur,secondary,3,2,2,Rumpf
EX000271,"Hollow Hold, angewinkelte Beine",ABS,Gerade Bauchmuskulatur,primary,5,1,3,Rumpf
EX000271,"Hollow Hold, angewinkelte Beine",DEEP_CORE,Tiefe Rumpfmuskulatur,secondary,3,1,2,Rumpf
EX000271,"Hollow Hold, angewinkelte Beine",HIP_FLEXORS,Hüftbeuger,secondary,3,2,2,Unterkörper
EX000272,Hollow-Body Hold,ABS,Gerade Bauchmuskulatur,primary,5,1,3,Rumpf
EX000272,Hollow-Body Hold,DEEP_CORE,Tiefe Rumpfmuskulatur,secondary,3,1,2,Rumpf
EX000272,Hollow-Body Hold,HIP_FLEXORS,Hüftbeuger,secondary,3,2,2,Unterkörper
EX000273,Hollow-Body Rock,ABS,Gerade Bauchmuskulatur,primary,5,1,3,Rumpf
EX000273,Hollow-Body Rock,DEEP_CORE,Tiefe Rumpfmuskulatur,secondary,3,1,2,Rumpf
EX000273,Hollow-Body Rock,HIP_FLEXORS,Hüftbeuger,secondary,3,2,2,Unterkörper
EX000274,Hängender Scheibenwischer,OBLIQUES,Seitliche Bauchmuskulatur,primary,5,1,3,Rumpf
EX000274,Hängender Scheibenwischer,ABS,Gerade Bauchmuskulatur,secondary,3,1,3,Rumpf
EX000274,Hängender Scheibenwischer,HIP_FLEXORS,Hüftbeuger,secondary,3,2,2,Unterkörper
EX000274,Hängender Scheibenwischer,FOREARMS,Unterarmmuskulatur,secondary,3,3,2,Oberkörper
EX000274,Hängender Scheibenwischer,LATS,Latissimus,secondary,2,4,4,Oberkörper
EX000275,Hängendes Beinheben,ABS,Gerade Bauchmuskulatur,primary,5,1,3,Rumpf
EX000275,Hängendes Beinheben,HIP_FLEXORS,Hüftbeuger,secondary,3,1,2,Unterkörper
EX000275,Hängendes Beinheben,FOREARMS,Unterarmmuskulatur,secondary,3,2,2,Oberkörper
EX000275,Hängendes Beinheben,LATS,Latissimus,secondary,3,3,4,Oberkörper
EX000276,Hängendes Beinheben zur Stange,ABS,Gerade Bauchmuskulatur,primary,5,1,3,Rumpf
EX000276,Hängendes Beinheben zur Stange,HIP_FLEXORS,Hüftbeuger,secondary,3,1,2,Unterkörper
EX000276,Hängendes Beinheben zur Stange,FOREARMS,Unterarmmuskulatur,secondary,3,2,2,Oberkörper
EX000276,Hängendes Beinheben zur Stange,LATS,Latissimus,secondary,3,3,4,Oberkörper
EX000276,Hängendes Beinheben zur Stange,FRONT_DELTS,Vordere Schulter,secondary,2,4,2,Oberkörper
EX000277,Hängendes Knieheben,ABS,Gerade Bauchmuskulatur,primary,5,1,3,Rumpf
EX000277,Hängendes Knieheben,HIP_FLEXORS,Hüftbeuger,secondary,3,1,2,Unterkörper
EX000277,Hängendes Knieheben,FOREARMS,Unterarmmuskulatur,secondary,3,2,2,Oberkörper
EX000277,Hängendes Knieheben,LATS,Latissimus,secondary,3,3,4,Oberkörper
EX000278,Hängendes Knieheben mit Rotation,OBLIQUES,Seitliche Bauchmuskulatur,primary,5,1,3,Rumpf
EX000278,Hängendes Knieheben mit Rotation,ABS,Gerade Bauchmuskulatur,secondary,3,1,3,Rumpf
EX000278,Hängendes Knieheben mit Rotation,HIP_FLEXORS,Hüftbeuger,secondary,3,2,2,Unterkörper
EX000278,Hängendes Knieheben mit Rotation,FOREARMS,Unterarmmuskulatur,secondary,3,3,2,Oberkörper
EX000278,Hängendes Knieheben mit Rotation,LATS,Latissimus,secondary,2,4,4,Oberkörper
EX000279,Kabel-Crunch im Kniestand,ABS,Gerade Bauchmuskulatur,primary,5,1,3,Rumpf
EX000279,Kabel-Crunch im Kniestand,DEEP_CORE,Tiefe Rumpfmuskulatur,secondary,3,1,2,Rumpf
EX000279,Kabel-Crunch im Kniestand,HIP_FLEXORS,Hüftbeuger,secondary,3,2,2,Unterkörper
EX000280,Kabel-Crunch im Stehen,ABS,Gerade Bauchmuskulatur,primary,5,1,3,Rumpf
EX000280,Kabel-Crunch im Stehen,DEEP_CORE,Tiefe Rumpfmuskulatur,secondary,3,1,2,Rumpf
EX000280,Kabel-Crunch im Stehen,HIP_FLEXORS,Hüftbeuger,secondary,3,2,2,Unterkörper
EX000281,Knieheben an den Dip-Holmen,ABS,Gerade Bauchmuskulatur,primary,5,1,3,Rumpf
EX000281,Knieheben an den Dip-Holmen,HIP_FLEXORS,Hüftbeuger,secondary,3,1,2,Unterkörper
EX000281,Knieheben an den Dip-Holmen,TRICEPS,Trizeps,secondary,3,2,3,Oberkörper
EX000281,Knieheben an den Dip-Holmen,FRONT_DELTS,Vordere Schulter,secondary,3,3,2,Oberkörper
EX000282,Knieheben an Parallettes,ABS,Gerade Bauchmuskulatur,primary,5,1,3,Rumpf
EX000282,Knieheben an Parallettes,HIP_FLEXORS,Hüftbeuger,secondary,3,1,2,Unterkörper
EX000282,Knieheben an Parallettes,TRICEPS,Trizeps,secondary,3,2,3,Oberkörper
EX000282,Knieheben an Parallettes,FRONT_DELTS,Vordere Schulter,secondary,3,3,2,Oberkörper
EX000283,Knieheben an Turnringen,ABS,Gerade Bauchmuskulatur,primary,5,1,3,Rumpf
EX000283,Knieheben an Turnringen,HIP_FLEXORS,Hüftbeuger,secondary,3,1,2,Unterkörper
EX000283,Knieheben an Turnringen,FOREARMS,Unterarmmuskulatur,secondary,3,2,2,Oberkörper
EX000283,Knieheben an Turnringen,LATS,Latissimus,secondary,3,3,4,Oberkörper
EX000284,Kurzhantel-Crunch,ABS,Gerade Bauchmuskulatur,primary,5,1,3,Rumpf
EX000284,Kurzhantel-Crunch,DEEP_CORE,Tiefe Rumpfmuskulatur,secondary,3,1,2,Rumpf
EX000285,Kurzhantel-Sit-up,ABS,Gerade Bauchmuskulatur,primary,5,1,3,Rumpf
EX000285,Kurzhantel-Sit-up,HIP_FLEXORS,Hüftbeuger,secondary,3,1,2,Unterkörper
EX000285,Kurzhantel-Sit-up,DEEP_CORE,Tiefe Rumpfmuskulatur,secondary,3,2,2,Rumpf
EX000286,L-Sit an Parallettes,ABS,Gerade Bauchmuskulatur,primary,5,1,3,Rumpf
EX000286,L-Sit an Parallettes,HIP_FLEXORS,Hüftbeuger,secondary,3,1,2,Unterkörper
EX000286,L-Sit an Parallettes,QUADS,Quadrizeps,secondary,3,2,5,Unterkörper
EX000286,L-Sit an Parallettes,TRICEPS,Trizeps,secondary,3,3,3,Oberkörper
EX000286,L-Sit an Parallettes,FRONT_DELTS,Vordere Schulter,secondary,2,4,2,Oberkörper
EX000287,L-Sit an Turnringen,ABS,Gerade Bauchmuskulatur,primary,5,1,3,Rumpf
EX000287,L-Sit an Turnringen,HIP_FLEXORS,Hüftbeuger,secondary,3,1,2,Unterkörper
EX000287,L-Sit an Turnringen,QUADS,Quadrizeps,secondary,3,2,5,Unterkörper
EX000287,L-Sit an Turnringen,TRICEPS,Trizeps,secondary,3,3,3,Oberkörper
EX000287,L-Sit an Turnringen,FRONT_DELTS,Vordere Schulter,secondary,2,4,2,Oberkörper
EX000288,Medizinball-Sit-up,ABS,Gerade Bauchmuskulatur,primary,5,1,3,Rumpf
EX000288,Medizinball-Sit-up,HIP_FLEXORS,Hüftbeuger,secondary,3,1,2,Unterkörper
EX000288,Medizinball-Sit-up,DEEP_CORE,Tiefe Rumpfmuskulatur,secondary,3,2,2,Rumpf
EX000289,Negativbank-Crunch,ABS,Gerade Bauchmuskulatur,primary,5,1,3,Rumpf
EX000289,Negativbank-Crunch,DEEP_CORE,Tiefe Rumpfmuskulatur,secondary,3,1,2,Rumpf
EX000290,Negativbank-Sit-up,ABS,Gerade Bauchmuskulatur,primary,5,1,3,Rumpf
EX000290,Negativbank-Sit-up,HIP_FLEXORS,Hüftbeuger,secondary,3,1,2,Unterkörper
EX000290,Negativbank-Sit-up,DEEP_CORE,Tiefe Rumpfmuskulatur,secondary,3,2,2,Rumpf
EX000291,Reverse Crunch,ABS,Gerade Bauchmuskulatur,primary,5,1,3,Rumpf
EX000291,Reverse Crunch,HIP_FLEXORS,Hüftbeuger,secondary,3,1,2,Unterkörper
EX000291,Reverse Crunch,DEEP_CORE,Tiefe Rumpfmuskulatur,secondary,3,2,2,Rumpf
EX000292,Reverse Crunch auf der Bank,ABS,Gerade Bauchmuskulatur,primary,5,1,3,Rumpf
EX000292,Reverse Crunch auf der Bank,HIP_FLEXORS,Hüftbeuger,secondary,3,1,2,Unterkörper
EX000292,Reverse Crunch auf der Bank,DEEP_CORE,Tiefe Rumpfmuskulatur,secondary,3,2,2,Rumpf
EX000293,Reverse Crunch auf der Schrägbank,ABS,Gerade Bauchmuskulatur,primary,5,1,3,Rumpf
EX000293,Reverse Crunch auf der Schrägbank,HIP_FLEXORS,Hüftbeuger,secondary,3,1,2,Unterkörper
EX000293,Reverse Crunch auf der Schrägbank,DEEP_CORE,Tiefe Rumpfmuskulatur,secondary,3,2,2,Rumpf
EX000294,Scherenbeinschlag,HIP_FLEXORS,Hüftbeuger,primary,5,1,2,Unterkörper
EX000294,Scherenbeinschlag,ABS,Gerade Bauchmuskulatur,secondary,3,1,3,Rumpf
EX000294,Scherenbeinschlag,DEEP_CORE,Tiefe Rumpfmuskulatur,secondary,3,2,2,Rumpf
EX000295,Sit-up am Boden,ABS,Gerade Bauchmuskulatur,primary,5,1,3,Rumpf
EX000295,Sit-up am Boden,HIP_FLEXORS,Hüftbeuger,secondary,3,1,2,Unterkörper
EX000295,Sit-up am Boden,DEEP_CORE,Tiefe Rumpfmuskulatur,secondary,3,2,2,Rumpf
EX000296,Sit-up mit fixierten Füssen,HIP_FLEXORS,Hüftbeuger,primary,5,1,2,Unterkörper
EX000296,Sit-up mit fixierten Füssen,ABS,Gerade Bauchmuskulatur,secondary,3,1,3,Rumpf
EX000296,Sit-up mit fixierten Füssen,DEEP_CORE,Tiefe Rumpfmuskulatur,secondary,3,2,2,Rumpf
EX000297,Sit-up mit Medizinballwurf,ABS,Gerade Bauchmuskulatur,primary,5,1,3,Rumpf
EX000297,Sit-up mit Medizinballwurf,HIP_FLEXORS,Hüftbeuger,secondary,3,1,2,Unterkörper
EX000297,Sit-up mit Medizinballwurf,CHEST,Brustmuskulatur,secondary,3,2,4,Oberkörper
EX000297,Sit-up mit Medizinballwurf,TRICEPS,Trizeps,secondary,3,3,3,Oberkörper
EX000298,Sit-up mit Zusatzgewicht,ABS,Gerade Bauchmuskulatur,primary,5,1,3,Rumpf
EX000298,Sit-up mit Zusatzgewicht,HIP_FLEXORS,Hüftbeuger,secondary,3,1,2,Unterkörper
EX000298,Sit-up mit Zusatzgewicht,DEEP_CORE,Tiefe Rumpfmuskulatur,secondary,3,2,2,Rumpf
EX000299,Tuck-up,ABS,Gerade Bauchmuskulatur,primary,5,1,3,Rumpf
EX000299,Tuck-up,HIP_FLEXORS,Hüftbeuger,secondary,3,1,2,Unterkörper
EX000299,Tuck-up,DEEP_CORE,Tiefe Rumpfmuskulatur,secondary,3,2,2,Rumpf
EX000300,V-up,ABS,Gerade Bauchmuskulatur,primary,5,1,3,Rumpf
EX000300,V-up,HIP_FLEXORS,Hüftbeuger,secondary,3,1,2,Unterkörper
EX000300,V-up,DEEP_CORE,Tiefe Rumpfmuskulatur,secondary,3,2,2,Rumpf
EX000301,Adduktoren-Rockback,ADDUCTORS,Adduktoren,primary,5,1,4,Unterkörper
EX000301,Adduktoren-Rockback,GLUTES,Gesässmuskulatur,secondary,3,1,5,Unterkörper
EX000301,Adduktoren-Rockback,ERECTORS,Rückenstrecker,secondary,3,2,4,Rumpf
EX000302,Cossack Squat als Mobilisation,ADDUCTORS,Adduktoren,primary,5,1,4,Unterkörper
EX000302,Cossack Squat als Mobilisation,QUADS,Quadrizeps,secondary,3,1,5,Unterkörper
EX000302,Cossack Squat als Mobilisation,GLUTES,Gesässmuskulatur,secondary,3,2,5,Unterkörper
EX000302,Cossack Squat als Mobilisation,CALVES,Wadenmuskulatur,secondary,3,3,3,Unterkörper
EX000303,Frog Stretch,ADDUCTORS,Adduktoren,primary,5,1,4,Unterkörper
EX000303,Frog Stretch,GLUTES,Gesässmuskulatur,secondary,3,1,5,Unterkörper
EX000304,Schmetterlingsstretch,ADDUCTORS,Adduktoren,primary,5,1,4,Unterkörper
EX000304,Schmetterlingsstretch,GLUTES,Gesässmuskulatur,secondary,3,1,5,Unterkörper
EX000305,Seitlicher Ausfallschritt als Mobilisation,ADDUCTORS,Adduktoren,primary,5,1,4,Unterkörper
EX000305,Seitlicher Ausfallschritt als Mobilisation,QUADS,Quadrizeps,secondary,3,1,5,Unterkörper
EX000305,Seitlicher Ausfallschritt als Mobilisation,GLUTES,Gesässmuskulatur,secondary,3,2,5,Unterkörper
EX000305,Seitlicher Ausfallschritt als Mobilisation,CALVES,Wadenmuskulatur,secondary,3,3,3,Unterkörper
EX000306,Sitzender Grätschstretch,ADDUCTORS,Adduktoren,primary,5,1,4,Unterkörper
EX000306,Sitzender Grätschstretch,HAMSTRINGS,Hintere Oberschenkelmuskulatur,secondary,3,1,4,Unterkörper
EX000306,Sitzender Grätschstretch,ERECTORS,Rückenstrecker,secondary,3,2,4,Rumpf
EX000307,Aktive Fusskreise,TIBIALIS,Schienbeinmuskel,primary,5,1,1,Unterkörper
EX000307,Aktive Fusskreise,CALVES,Wadenmuskulatur,secondary,3,1,3,Unterkörper
EX000308,Sprunggelenk-Mobilisation im Ausfallschritt,CALVES,Wadenmuskulatur,primary,5,1,3,Unterkörper
EX000308,Sprunggelenk-Mobilisation im Ausfallschritt,TIBIALIS,Schienbeinmuskel,secondary,3,1,1,Unterkörper
EX000308,Sprunggelenk-Mobilisation im Ausfallschritt,QUADS,Quadrizeps,secondary,3,2,5,Unterkörper
EX000309,Sprunggelenk-Mobilisation Knie zur Wand,CALVES,Wadenmuskulatur,primary,5,1,3,Unterkörper
EX000309,Sprunggelenk-Mobilisation Knie zur Wand,TIBIALIS,Schienbeinmuskel,secondary,3,1,1,Unterkörper
EX000310,Sprunggelenk-Mobilisation mit Widerstandsband,CALVES,Wadenmuskulatur,primary,5,1,3,Unterkörper
EX000310,Sprunggelenk-Mobilisation mit Widerstandsband,TIBIALIS,Schienbeinmuskel,secondary,3,1,1,Unterkörper
EX000311,Tibialis-Stretch im Kniestand,TIBIALIS,Schienbeinmuskel,primary,5,1,1,Unterkörper
EX000311,Tibialis-Stretch im Kniestand,QUADS,Quadrizeps,secondary,3,1,5,Unterkörper
EX000312,"Wadenstretch an der Wand, gebeugtes Knie",CALVES,Wadenmuskulatur,primary,5,1,3,Unterkörper
EX000312,"Wadenstretch an der Wand, gebeugtes Knie",TIBIALIS,Schienbeinmuskel,secondary,3,1,1,Unterkörper
EX000313,"Wadenstretch an der Wand, gestrecktes Knie",CALVES,Wadenmuskulatur,primary,5,1,3,Unterkörper
EX000313,"Wadenstretch an der Wand, gestrecktes Knie",HAMSTRINGS,Hintere Oberschenkelmuskulatur,secondary,3,1,4,Unterkörper
EX000314,Wadenstretch auf der Schrägplatte,CALVES,Wadenmuskulatur,primary,5,1,3,Unterkörper
EX000314,Wadenstretch auf der Schrägplatte,HAMSTRINGS,Hintere Oberschenkelmuskulatur,secondary,3,1,4,Unterkörper
EX000315,Bizepsstretch an der Wand,BICEPS,Bizeps,primary,5,1,2,Oberkörper
EX000315,Bizepsstretch an der Wand,CHEST,Brustmuskulatur,secondary,3,1,4,Oberkörper
EX000315,Bizepsstretch an der Wand,FOREARMS,Unterarmmuskulatur,secondary,3,2,2,Oberkörper
EX000316,Trizepsstretch über Kopf,TRICEPS,Trizeps,primary,5,1,3,Oberkörper
EX000316,Trizepsstretch über Kopf,LATS,Latissimus,secondary,3,1,4,Oberkörper
EX000316,Trizepsstretch über Kopf,FRONT_DELTS,Vordere Schulter,secondary,3,2,2,Oberkörper
EX000317,Bruststretch auf der Foam Roll,CHEST,Brustmuskulatur,primary,5,1,4,Oberkörper
EX000317,Bruststretch auf der Foam Roll,FRONT_DELTS,Vordere Schulter,secondary,3,1,2,Oberkörper
EX000318,Einarmiger Bruststretch an der Wand,CHEST,Brustmuskulatur,primary,5,1,4,Oberkörper
EX000318,Einarmiger Bruststretch an der Wand,FRONT_DELTS,Vordere Schulter,secondary,3,1,2,Oberkörper
EX000318,Einarmiger Bruststretch an der Wand,BICEPS,Bizeps,secondary,3,2,2,Oberkörper
EX000319,Türrahmen-Bruststretch,CHEST,Brustmuskulatur,primary,5,1,4,Oberkörper
EX000319,Türrahmen-Bruststretch,FRONT_DELTS,Vordere Schulter,secondary,3,1,2,Oberkörper
EX000319,Türrahmen-Bruststretch,BICEPS,Bizeps,secondary,3,2,2,Oberkörper
EX000320,Beinschwingen seitlich,ADDUCTORS,Adduktoren,primary,5,1,4,Unterkörper
EX000320,Beinschwingen seitlich,ABDUCTORS,Hüftabduktoren,secondary,3,1,3,Unterkörper
EX000320,Beinschwingen seitlich,GLUTES,Gesässmuskulatur,secondary,3,2,5,Unterkörper
EX000321,Beinschwingen vor und zurück,HIP_FLEXORS,Hüftbeuger,primary,5,1,2,Unterkörper
EX000321,Beinschwingen vor und zurück,HAMSTRINGS,Hintere Oberschenkelmuskulatur,secondary,3,1,4,Unterkörper
EX000321,Beinschwingen vor und zurück,GLUTES,Gesässmuskulatur,secondary,3,2,5,Unterkörper
EX000322,Spiderman Lunge mit Rotation,HIP_FLEXORS,Hüftbeuger,primary,5,1,2,Unterkörper
EX000322,Spiderman Lunge mit Rotation,ADDUCTORS,Adduktoren,secondary,3,1,4,Unterkörper
EX000322,Spiderman Lunge mit Rotation,HAMSTRINGS,Hintere Oberschenkelmuskulatur,secondary,3,2,4,Unterkörper
EX000322,Spiderman Lunge mit Rotation,OBLIQUES,Seitliche Bauchmuskulatur,secondary,3,3,3,Rumpf
EX000322,Spiderman Lunge mit Rotation,CHEST,Brustmuskulatur,secondary,2,4,4,Oberkörper
EX000323,World's Greatest Stretch,HIP_FLEXORS,Hüftbeuger,primary,5,1,2,Unterkörper
EX000323,World's Greatest Stretch,HAMSTRINGS,Hintere Oberschenkelmuskulatur,secondary,3,1,4,Unterkörper
EX000323,World's Greatest Stretch,ADDUCTORS,Adduktoren,secondary,3,2,4,Unterkörper
EX000323,World's Greatest Stretch,GLUTES,Gesässmuskulatur,secondary,3,3,5,Unterkörper
EX000323,World's Greatest Stretch,OBLIQUES,Seitliche Bauchmuskulatur,secondary,2,4,3,Rumpf
EX000323,World's Greatest Stretch,CHEST,Brustmuskulatur,secondary,2,5,4,Oberkörper
EX000324,Dynamischer Hamstring Sweep,HAMSTRINGS,Hintere Oberschenkelmuskulatur,primary,5,1,4,Unterkörper
EX000324,Dynamischer Hamstring Sweep,CALVES,Wadenmuskulatur,secondary,3,1,3,Unterkörper
EX000324,Dynamischer Hamstring Sweep,GLUTES,Gesässmuskulatur,secondary,3,2,5,Unterkörper
EX000325,"Hamstring-Stretch im Sitzen, einbeinig",HAMSTRINGS,Hintere Oberschenkelmuskulatur,primary,5,1,4,Unterkörper
EX000325,"Hamstring-Stretch im Sitzen, einbeinig",CALVES,Wadenmuskulatur,secondary,3,1,3,Unterkörper
EX000325,"Hamstring-Stretch im Sitzen, einbeinig",ERECTORS,Rückenstrecker,secondary,3,2,4,Rumpf
EX000326,Hamstring-Stretch in Rückenlage,HAMSTRINGS,Hintere Oberschenkelmuskulatur,primary,5,1,4,Unterkörper
EX000326,Hamstring-Stretch in Rückenlage,CALVES,Wadenmuskulatur,secondary,3,1,3,Unterkörper
EX000327,Hamstring-Stretch mit Widerstandsband,HAMSTRINGS,Hintere Oberschenkelmuskulatur,primary,5,1,4,Unterkörper
EX000327,Hamstring-Stretch mit Widerstandsband,CALVES,Wadenmuskulatur,secondary,3,1,3,Unterkörper
EX000328,Couch Stretch,QUADS,Quadrizeps,primary,5,1,5,Unterkörper
EX000328,Couch Stretch,HIP_FLEXORS,Hüftbeuger,secondary,3,1,2,Unterkörper
EX000328,Couch Stretch,GLUTES,Gesässmuskulatur,secondary,3,2,5,Unterkörper
EX000329,Hüftbeuger-Stretch halb kniend,HIP_FLEXORS,Hüftbeuger,primary,5,1,2,Unterkörper
EX000329,Hüftbeuger-Stretch halb kniend,QUADS,Quadrizeps,secondary,3,1,5,Unterkörper
EX000329,Hüftbeuger-Stretch halb kniend,GLUTES,Gesässmuskulatur,secondary,3,2,5,Unterkörper
EX000330,Hüftbeuger-Stretch mit Arm über Kopf,HIP_FLEXORS,Hüftbeuger,primary,5,1,2,Unterkörper
EX000330,Hüftbeuger-Stretch mit Arm über Kopf,QUADS,Quadrizeps,secondary,3,1,5,Unterkörper
EX000330,Hüftbeuger-Stretch mit Arm über Kopf,LATS,Latissimus,secondary,3,2,4,Oberkörper
EX000330,Hüftbeuger-Stretch mit Arm über Kopf,OBLIQUES,Seitliche Bauchmuskulatur,secondary,3,3,3,Rumpf
EX000331,Quadrizeps-Stretch in Seitenlage,QUADS,Quadrizeps,primary,5,1,5,Unterkörper
EX000331,Quadrizeps-Stretch in Seitenlage,HIP_FLEXORS,Hüftbeuger,secondary,3,1,2,Unterkörper
EX000332,Stehender Quadrizeps-Stretch,QUADS,Quadrizeps,primary,5,1,5,Unterkörper
EX000332,Stehender Quadrizeps-Stretch,HIP_FLEXORS,Hüftbeuger,secondary,3,1,2,Unterkörper
EX000333,90-90-Hüftsitz halten,GLUTES,Gesässmuskulatur,primary,5,1,5,Unterkörper
EX000333,90-90-Hüftsitz halten,ADDUCTORS,Adduktoren,secondary,3,1,4,Unterkörper
EX000333,90-90-Hüftsitz halten,ABDUCTORS,Hüftabduktoren,secondary,3,2,3,Unterkörper
EX000334,90-90-Hüftwechsel,GLUTES,Gesässmuskulatur,primary,5,1,5,Unterkörper
EX000334,90-90-Hüftwechsel,ADDUCTORS,Adduktoren,secondary,3,1,4,Unterkörper
EX000334,90-90-Hüftwechsel,ABDUCTORS,Hüftabduktoren,secondary,3,2,3,Unterkörper
EX000334,90-90-Hüftwechsel,OBLIQUES,Seitliche Bauchmuskulatur,secondary,3,3,3,Rumpf
EX000335,90-90-Hüftwechsel ohne Hände,GLUTES,Gesässmuskulatur,primary,5,1,5,Unterkörper
EX000335,90-90-Hüftwechsel ohne Hände,ADDUCTORS,Adduktoren,secondary,3,1,4,Unterkörper
EX000335,90-90-Hüftwechsel ohne Hände,ABDUCTORS,Hüftabduktoren,secondary,3,2,3,Unterkörper
EX000335,90-90-Hüftwechsel ohne Hände,OBLIQUES,Seitliche Bauchmuskulatur,secondary,3,3,3,Rumpf
EX000336,90-90-Vorbeuge,GLUTES,Gesässmuskulatur,primary,5,1,5,Unterkörper
EX000336,90-90-Vorbeuge,ADDUCTORS,Adduktoren,secondary,3,1,4,Unterkörper
EX000336,90-90-Vorbeuge,ERECTORS,Rückenstrecker,secondary,3,2,4,Rumpf
EX000337,Figure-Four-Stretch im Sitzen,GLUTES,Gesässmuskulatur,primary,5,1,5,Unterkörper
EX000337,Figure-Four-Stretch im Sitzen,ABDUCTORS,Hüftabduktoren,secondary,3,1,3,Unterkörper
EX000337,Figure-Four-Stretch im Sitzen,ERECTORS,Rückenstrecker,secondary,3,2,4,Rumpf
EX000338,Figure-Four-Stretch in Rückenlage,GLUTES,Gesässmuskulatur,primary,5,1,5,Unterkörper
EX000338,Figure-Four-Stretch in Rückenlage,ABDUCTORS,Hüftabduktoren,secondary,3,1,3,Unterkörper
EX000339,Goblet Squat Pry,ADDUCTORS,Adduktoren,primary,5,1,4,Unterkörper
EX000339,Goblet Squat Pry,QUADS,Quadrizeps,secondary,3,1,5,Unterkörper
EX000339,Goblet Squat Pry,GLUTES,Gesässmuskulatur,secondary,3,2,5,Unterkörper
EX000339,Goblet Squat Pry,CALVES,Wadenmuskulatur,secondary,3,3,3,Unterkörper
EX000339,Goblet Squat Pry,ERECTORS,Rückenstrecker,secondary,2,4,4,Rumpf
EX000340,Taubenpose,GLUTES,Gesässmuskulatur,primary,5,1,5,Unterkörper
EX000340,Taubenpose,HIP_FLEXORS,Hüftbeuger,secondary,3,1,2,Unterkörper
EX000340,Taubenpose,ADDUCTORS,Adduktoren,secondary,3,2,4,Unterkörper
EX000341,Tiefe Kniebeuge halten,ADDUCTORS,Adduktoren,primary,5,1,4,Unterkörper
EX000341,Tiefe Kniebeuge halten,QUADS,Quadrizeps,secondary,3,1,5,Unterkörper
EX000341,Tiefe Kniebeuge halten,GLUTES,Gesässmuskulatur,secondary,3,2,5,Unterkörper
EX000341,Tiefe Kniebeuge halten,CALVES,Wadenmuskulatur,secondary,3,3,3,Unterkörper
EX000341,Tiefe Kniebeuge halten,ERECTORS,Rückenstrecker,secondary,2,4,4,Rumpf
EX000342,Tiefe Kniebeuge mit Gewichtsverlagerung,ADDUCTORS,Adduktoren,primary,5,1,4,Unterkörper
EX000342,Tiefe Kniebeuge mit Gewichtsverlagerung,QUADS,Quadrizeps,secondary,3,1,5,Unterkörper
EX000342,Tiefe Kniebeuge mit Gewichtsverlagerung,GLUTES,Gesässmuskulatur,secondary,3,2,5,Unterkörper
EX000342,Tiefe Kniebeuge mit Gewichtsverlagerung,CALVES,Wadenmuskulatur,secondary,3,3,3,Unterkörper
EX000343,Einarmiger Lat-Stretch am Rack,LATS,Latissimus,primary,5,1,4,Oberkörper
EX000343,Einarmiger Lat-Stretch am Rack,OBLIQUES,Seitliche Bauchmuskulatur,secondary,3,1,3,Rumpf
EX000343,Einarmiger Lat-Stretch am Rack,TRICEPS,Trizeps,secondary,3,2,3,Oberkörper
EX000344,Lat-Stretch an der Bank,LATS,Latissimus,primary,5,1,4,Oberkörper
EX000344,Lat-Stretch an der Bank,TRICEPS,Trizeps,secondary,3,1,3,Oberkörper
EX000344,Lat-Stretch an der Bank,CHEST,Brustmuskulatur,secondary,3,2,4,Oberkörper
EX000344,Lat-Stretch an der Bank,ERECTORS,Rückenstrecker,secondary,3,3,4,Rumpf
EX000345,Lat-Stretch an der Wand,LATS,Latissimus,primary,5,1,4,Oberkörper
EX000345,Lat-Stretch an der Wand,TRICEPS,Trizeps,secondary,3,1,3,Oberkörper
EX000345,Lat-Stretch an der Wand,ERECTORS,Rückenstrecker,secondary,3,2,4,Rumpf
EX000346,Lat-Stretch im Kniestand mit Gymnastikball,LATS,Latissimus,primary,5,1,4,Oberkörper
EX000346,Lat-Stretch im Kniestand mit Gymnastikball,TRICEPS,Trizeps,secondary,3,1,3,Oberkörper
EX000346,Lat-Stretch im Kniestand mit Gymnastikball,CHEST,Brustmuskulatur,secondary,3,2,4,Oberkörper
EX000346,Lat-Stretch im Kniestand mit Gymnastikball,ERECTORS,Rückenstrecker,secondary,3,3,4,Rumpf
EX000347,Kinn einziehen an der Wand,NECK,Nackenmuskulatur,primary,5,1,2,Oberkörper
EX000347,Kinn einziehen an der Wand,DEEP_CORE,Tiefe Rumpfmuskulatur,secondary,3,1,2,Rumpf
EX000348,Levator-Scapulae-Stretch,TRAPS,Trapezmuskel,primary,5,1,3,Oberkörper
EX000348,Levator-Scapulae-Stretch,NECK,Nackenmuskulatur,secondary,3,1,2,Oberkörper
EX000349,Nackenneigung seitlich,NECK,Nackenmuskulatur,primary,5,1,2,Oberkörper
EX000349,Nackenneigung seitlich,TRAPS,Trapezmuskel,secondary,3,1,3,Oberkörper
EX000350,Nackenrotation aktiv,NECK,Nackenmuskulatur,primary,5,1,2,Oberkörper
EX000350,Nackenrotation aktiv,TRAPS,Trapezmuskel,secondary,3,1,3,Oberkörper
EX000351,Foam Rolling Adduktoren,ADDUCTORS,Adduktoren,primary,5,1,4,Unterkörper
EX000351,Foam Rolling Adduktoren,QUADS,Quadrizeps,secondary,3,1,5,Unterkörper
EX000352,Foam Rolling Brust,CHEST,Brustmuskulatur,primary,5,1,4,Oberkörper
EX000352,Foam Rolling Brust,FRONT_DELTS,Vordere Schulter,secondary,3,1,2,Oberkörper
EX000353,Foam Rolling Gesäss,GLUTES,Gesässmuskulatur,primary,5,1,5,Unterkörper
EX000353,Foam Rolling Gesäss,ABDUCTORS,Hüftabduktoren,secondary,3,1,3,Unterkörper
EX000354,Foam Rolling hintere Oberschenkel,HAMSTRINGS,Hintere Oberschenkelmuskulatur,primary,5,1,4,Unterkörper
EX000354,Foam Rolling hintere Oberschenkel,GLUTES,Gesässmuskulatur,secondary,3,1,5,Unterkörper
EX000355,Foam Rolling Latissimus,LATS,Latissimus,primary,5,1,4,Oberkörper
EX000355,Foam Rolling Latissimus,SERRATUS,Sägemuskel,secondary,3,1,2,Oberkörper
EX000355,Foam Rolling Latissimus,TRICEPS,Trizeps,secondary,3,2,3,Oberkörper
EX000356,Foam Rolling oberer Rücken,TRAPS,Trapezmuskel,primary,5,1,3,Oberkörper
EX000356,Foam Rolling oberer Rücken,RHOMBOIDS,Rhomboiden und mittlerer Rücken,secondary,3,1,2,Oberkörper
EX000356,Foam Rolling oberer Rücken,ERECTORS,Rückenstrecker,secondary,3,2,4,Rumpf
EX000357,Foam Rolling Quadrizeps,QUADS,Quadrizeps,primary,5,1,5,Unterkörper
EX000357,Foam Rolling Quadrizeps,HIP_FLEXORS,Hüftbeuger,secondary,3,1,2,Unterkörper
EX000358,Foam Rolling Schienbeinmuskel,TIBIALIS,Schienbeinmuskel,primary,5,1,1,Unterkörper
EX000358,Foam Rolling Schienbeinmuskel,CALVES,Wadenmuskulatur,secondary,3,1,3,Unterkörper
EX000359,Foam Rolling seitlicher Oberschenkel,ABDUCTORS,Hüftabduktoren,primary,5,1,3,Unterkörper
EX000359,Foam Rolling seitlicher Oberschenkel,QUADS,Quadrizeps,secondary,3,1,5,Unterkörper
EX000359,Foam Rolling seitlicher Oberschenkel,GLUTES,Gesässmuskulatur,secondary,3,2,5,Unterkörper
EX000360,Foam Rolling Trizeps,TRICEPS,Trizeps,primary,5,1,3,Oberkörper
EX000360,Foam Rolling Trizeps,LATS,Latissimus,secondary,3,1,4,Oberkörper
EX000361,Foam Rolling Unterarme,FOREARMS,Unterarmmuskulatur,primary,5,1,2,Oberkörper
EX000361,Foam Rolling Unterarme,BICEPS,Bizeps,secondary,3,1,2,Oberkörper
EX000362,Foam Rolling Waden,CALVES,Wadenmuskulatur,primary,5,1,3,Unterkörper
EX000362,Foam Rolling Waden,TIBIALIS,Schienbeinmuskel,secondary,3,1,1,Unterkörper
EX000363,Cross-Body-Schulterstretch,REAR_DELTS,Hintere Schulter,primary,5,1,2,Oberkörper
EX000363,Cross-Body-Schulterstretch,TRAPS,Trapezmuskel,secondary,3,1,3,Oberkörper
EX000363,Cross-Body-Schulterstretch,ROTATOR_CUFF,Rotatorenmanschette,secondary,3,2,1,Oberkörper
EX000364,Scapula-CARs,TRAPS,Trapezmuskel,primary,5,1,3,Oberkörper
EX000364,Scapula-CARs,RHOMBOIDS,Rhomboiden und mittlerer Rücken,secondary,3,1,2,Oberkörper
EX000364,Scapula-CARs,SERRATUS,Sägemuskel,secondary,3,2,2,Oberkörper
EX000364,Scapula-CARs,REAR_DELTS,Hintere Schulter,secondary,3,3,2,Oberkörper
EX000365,Schulter-CARs,ROTATOR_CUFF,Rotatorenmanschette,primary,5,1,1,Oberkörper
EX000365,Schulter-CARs,FRONT_DELTS,Vordere Schulter,secondary,3,1,2,Oberkörper
EX000365,Schulter-CARs,SIDE_DELTS,Seitliche Schulter,secondary,3,2,2,Oberkörper
EX000365,Schulter-CARs,REAR_DELTS,Hintere Schulter,secondary,3,3,2,Oberkörper
EX000365,Schulter-CARs,TRAPS,Trapezmuskel,secondary,2,4,3,Oberkörper
EX000366,Schulter-Pass-through mit Handtuch,CHEST,Brustmuskulatur,primary,5,1,4,Oberkörper
EX000366,Schulter-Pass-through mit Handtuch,FRONT_DELTS,Vordere Schulter,secondary,3,1,2,Oberkörper
EX000366,Schulter-Pass-through mit Handtuch,LATS,Latissimus,secondary,3,2,4,Oberkörper
EX000366,Schulter-Pass-through mit Handtuch,TRICEPS,Trizeps,secondary,3,3,3,Oberkörper
EX000367,Schulter-Pass-through mit Widerstandsband,CHEST,Brustmuskulatur,primary,5,1,4,Oberkörper
EX000367,Schulter-Pass-through mit Widerstandsband,FRONT_DELTS,Vordere Schulter,secondary,3,1,2,Oberkörper
EX000367,Schulter-Pass-through mit Widerstandsband,LATS,Latissimus,secondary,3,2,4,Oberkörper
EX000367,Schulter-Pass-through mit Widerstandsband,TRICEPS,Trizeps,secondary,3,3,3,Oberkörper
EX000368,Sleeper Stretch,ROTATOR_CUFF,Rotatorenmanschette,primary,5,1,1,Oberkörper
EX000368,Sleeper Stretch,REAR_DELTS,Hintere Schulter,secondary,3,1,2,Oberkörper
EX000369,Wall Angel,REAR_DELTS,Hintere Schulter,primary,5,1,2,Oberkörper
EX000369,Wall Angel,ROTATOR_CUFF,Rotatorenmanschette,secondary,3,1,1,Oberkörper
EX000369,Wall Angel,TRAPS,Trapezmuskel,secondary,3,2,3,Oberkörper
EX000369,Wall Angel,RHOMBOIDS,Rhomboiden und mittlerer Rücken,secondary,3,3,2,Oberkörper
EX000369,Wall Angel,CHEST,Brustmuskulatur,secondary,2,4,4,Oberkörper
EX000370,Cat-Cow,ERECTORS,Rückenstrecker,primary,5,1,4,Rumpf
EX000370,Cat-Cow,ABS,Gerade Bauchmuskulatur,secondary,3,1,3,Rumpf
EX000370,Cat-Cow,DEEP_CORE,Tiefe Rumpfmuskulatur,secondary,3,2,2,Rumpf
EX000371,Child's Pose,LATS,Latissimus,primary,5,1,4,Oberkörper
EX000371,Child's Pose,ERECTORS,Rückenstrecker,secondary,3,1,4,Rumpf
EX000371,Child's Pose,GLUTES,Gesässmuskulatur,secondary,3,2,5,Unterkörper
EX000372,Child's Pose mit seitlichem Reach,LATS,Latissimus,primary,5,1,4,Oberkörper
EX000372,Child's Pose mit seitlichem Reach,OBLIQUES,Seitliche Bauchmuskulatur,secondary,3,1,3,Rumpf
EX000372,Child's Pose mit seitlichem Reach,ERECTORS,Rückenstrecker,secondary,3,2,4,Rumpf
EX000373,Segmentales Abrollen im Stand ohne Gewicht,ERECTORS,Rückenstrecker,primary,5,1,4,Rumpf
EX000373,Segmentales Abrollen im Stand ohne Gewicht,HAMSTRINGS,Hintere Oberschenkelmuskulatur,secondary,3,1,4,Unterkörper
EX000373,Segmentales Abrollen im Stand ohne Gewicht,ABS,Gerade Bauchmuskulatur,secondary,3,2,3,Rumpf
EX000374,Seitbeuge im Kniestand mit Arm über Kopf,OBLIQUES,Seitliche Bauchmuskulatur,primary,5,1,3,Rumpf
EX000374,Seitbeuge im Kniestand mit Arm über Kopf,LATS,Latissimus,secondary,3,1,4,Oberkörper
EX000374,Seitbeuge im Kniestand mit Arm über Kopf,HIP_FLEXORS,Hüftbeuger,secondary,3,2,2,Unterkörper
EX000375,Windmill ohne Gewicht,OBLIQUES,Seitliche Bauchmuskulatur,primary,5,1,3,Rumpf
EX000375,Windmill ohne Gewicht,HAMSTRINGS,Hintere Oberschenkelmuskulatur,secondary,3,1,4,Unterkörper
EX000375,Windmill ohne Gewicht,GLUTES,Gesässmuskulatur,secondary,3,2,5,Unterkörper
EX000375,Windmill ohne Gewicht,TRAPS,Trapezmuskel,secondary,3,3,3,Oberkörper
EX000376,Brustwirbelsäulen-Extension über die Bank,ERECTORS,Rückenstrecker,primary,5,1,4,Rumpf
EX000376,Brustwirbelsäulen-Extension über die Bank,LATS,Latissimus,secondary,3,1,4,Oberkörper
EX000376,Brustwirbelsäulen-Extension über die Bank,CHEST,Brustmuskulatur,secondary,3,2,4,Oberkörper
EX000377,Brustwirbelsäulen-Extension über die Foam Roll,ERECTORS,Rückenstrecker,primary,5,1,4,Rumpf
EX000377,Brustwirbelsäulen-Extension über die Foam Roll,CHEST,Brustmuskulatur,secondary,3,1,4,Oberkörper
EX000377,Brustwirbelsäulen-Extension über die Foam Roll,LATS,Latissimus,secondary,3,2,4,Oberkörper
EX000378,Brustwirbelsäulen-Rotation im Vierfüsslerstand,OBLIQUES,Seitliche Bauchmuskulatur,primary,5,1,3,Rumpf
EX000378,Brustwirbelsäulen-Rotation im Vierfüsslerstand,ERECTORS,Rückenstrecker,secondary,3,1,4,Rumpf
EX000378,Brustwirbelsäulen-Rotation im Vierfüsslerstand,CHEST,Brustmuskulatur,secondary,3,2,4,Oberkörper
EX000378,Brustwirbelsäulen-Rotation im Vierfüsslerstand,REAR_DELTS,Hintere Schulter,secondary,3,3,2,Oberkörper
EX000379,Open Book Rotation,OBLIQUES,Seitliche Bauchmuskulatur,primary,5,1,3,Rumpf
EX000379,Open Book Rotation,CHEST,Brustmuskulatur,secondary,3,1,4,Oberkörper
EX000379,Open Book Rotation,ERECTORS,Rückenstrecker,secondary,3,2,4,Rumpf
EX000379,Open Book Rotation,REAR_DELTS,Hintere Schulter,secondary,3,3,2,Oberkörper
EX000380,Thread the Needle,OBLIQUES,Seitliche Bauchmuskulatur,primary,5,1,3,Rumpf
EX000380,Thread the Needle,CHEST,Brustmuskulatur,secondary,3,1,4,Oberkörper
EX000380,Thread the Needle,ERECTORS,Rückenstrecker,secondary,3,2,4,Rumpf
EX000380,Thread the Needle,REAR_DELTS,Hintere Schulter,secondary,3,3,2,Oberkörper
EX000381,Handgelenk-Rocks im Vierfüsslerstand,FOREARMS,Unterarmmuskulatur,primary,5,1,2,Oberkörper
EX000381,Handgelenk-Rocks im Vierfüsslerstand,FRONT_DELTS,Vordere Schulter,secondary,3,1,2,Oberkörper
EX000382,Handgelenk-Rocks mit Fingern zu den Knien,FOREARMS,Unterarmmuskulatur,primary,5,1,2,Oberkörper
EX000382,Handgelenk-Rocks mit Fingern zu den Knien,FRONT_DELTS,Vordere Schulter,secondary,3,1,2,Oberkörper
EX000383,Unterarmbeuger-Stretch,FOREARMS,Unterarmmuskulatur,primary,5,1,2,Oberkörper
EX000384,Unterarmstrecker-Stretch,FOREARMS,Unterarmmuskulatur,primary,5,1,2,Oberkörper
EX000385,Pogo Jumps,CALVES,Wadenmuskulatur,primary,5,1,3,Unterkörper
EX000385,Pogo Jumps,QUADS,Quadrizeps,secondary,3,1,5,Unterkörper
EX000385,Pogo Jumps,HAMSTRINGS,Hintere Oberschenkelmuskulatur,secondary,3,2,4,Unterkörper
EX000386,Ankle Hops vorwärts,CALVES,Wadenmuskulatur,primary,5,1,3,Unterkörper
EX000386,Ankle Hops vorwärts,QUADS,Quadrizeps,secondary,3,1,5,Unterkörper
EX000386,Ankle Hops vorwärts,GLUTES,Gesässmuskulatur,secondary,3,2,5,Unterkörper
EX000386,Ankle Hops vorwärts,TIBIALIS,Schienbeinmuskel,secondary,3,3,1,Unterkörper
EX000387,Box Jump,QUADS,Quadrizeps,primary,5,1,5,Unterkörper
EX000387,Box Jump,GLUTES,Gesässmuskulatur,secondary,3,1,5,Unterkörper
EX000387,Box Jump,HAMSTRINGS,Hintere Oberschenkelmuskulatur,secondary,3,2,4,Unterkörper
EX000387,Box Jump,CALVES,Wadenmuskulatur,secondary,3,3,3,Unterkörper
EX000387,Box Jump,ABS,Gerade Bauchmuskulatur,secondary,2,4,3,Rumpf
EX000388,Box Jump aus dem Sitzen,QUADS,Quadrizeps,primary,5,1,5,Unterkörper
EX000388,Box Jump aus dem Sitzen,GLUTES,Gesässmuskulatur,secondary,3,1,5,Unterkörper
EX000388,Box Jump aus dem Sitzen,HAMSTRINGS,Hintere Oberschenkelmuskulatur,secondary,3,2,4,Unterkörper
EX000388,Box Jump aus dem Sitzen,CALVES,Wadenmuskulatur,secondary,3,3,3,Unterkörper
EX000389,Box Jump mit Gegenbewegung,QUADS,Quadrizeps,primary,5,1,5,Unterkörper
EX000389,Box Jump mit Gegenbewegung,GLUTES,Gesässmuskulatur,secondary,3,1,5,Unterkörper
EX000389,Box Jump mit Gegenbewegung,HAMSTRINGS,Hintere Oberschenkelmuskulatur,secondary,3,2,4,Unterkörper
EX000389,Box Jump mit Gegenbewegung,CALVES,Wadenmuskulatur,secondary,3,3,3,Unterkörper
EX000390,Box Jump Over,QUADS,Quadrizeps,primary,5,1,5,Unterkörper
EX000390,Box Jump Over,GLUTES,Gesässmuskulatur,secondary,3,1,5,Unterkörper
EX000390,Box Jump Over,HAMSTRINGS,Hintere Oberschenkelmuskulatur,secondary,3,2,4,Unterkörper
EX000390,Box Jump Over,CALVES,Wadenmuskulatur,secondary,3,3,3,Unterkörper
EX000390,Box Jump Over,ABS,Gerade Bauchmuskulatur,secondary,2,4,3,Rumpf
EX000391,Box-Jump-Burpee,FULL_BODY,Ganzkörper,primary,5,1,5,Ganzkörper
EX000391,Box-Jump-Burpee,QUADS,Quadrizeps,secondary,3,1,5,Unterkörper
EX000391,Box-Jump-Burpee,GLUTES,Gesässmuskulatur,secondary,3,2,5,Unterkörper
EX000391,Box-Jump-Burpee,CHEST,Brustmuskulatur,secondary,3,3,4,Oberkörper
EX000391,Box-Jump-Burpee,TRICEPS,Trizeps,secondary,2,4,3,Oberkörper
EX000391,Box-Jump-Burpee,ABS,Gerade Bauchmuskulatur,secondary,2,5,3,Rumpf
EX000391,Box-Jump-Burpee,CALVES,Wadenmuskulatur,secondary,2,6,3,Unterkörper
EX000392,Bulgarian Split Squat Jump,QUADS,Quadrizeps,primary,5,1,5,Unterkörper
EX000392,Bulgarian Split Squat Jump,GLUTES,Gesässmuskulatur,secondary,3,1,5,Unterkörper
EX000392,Bulgarian Split Squat Jump,HAMSTRINGS,Hintere Oberschenkelmuskulatur,secondary,3,2,4,Unterkörper
EX000392,Bulgarian Split Squat Jump,CALVES,Wadenmuskulatur,secondary,3,3,3,Unterkörper
EX000393,Burpee,FULL_BODY,Ganzkörper,primary,5,1,5,Ganzkörper
EX000393,Burpee,QUADS,Quadrizeps,secondary,3,1,5,Unterkörper
EX000393,Burpee,GLUTES,Gesässmuskulatur,secondary,3,2,5,Unterkörper
EX000393,Burpee,CHEST,Brustmuskulatur,secondary,3,3,4,Oberkörper
EX000393,Burpee,TRICEPS,Trizeps,secondary,2,4,3,Oberkörper
EX000393,Burpee,ABS,Gerade Bauchmuskulatur,secondary,2,5,3,Rumpf
EX000393,Burpee,CALVES,Wadenmuskulatur,secondary,2,6,3,Unterkörper
EX000394,Burpee mit Liegestütz,FULL_BODY,Ganzkörper,primary,5,1,5,Ganzkörper
EX000394,Burpee mit Liegestütz,QUADS,Quadrizeps,secondary,3,1,5,Unterkörper
EX000394,Burpee mit Liegestütz,GLUTES,Gesässmuskulatur,secondary,3,2,5,Unterkörper
EX000394,Burpee mit Liegestütz,CHEST,Brustmuskulatur,secondary,3,3,4,Oberkörper
EX000394,Burpee mit Liegestütz,TRICEPS,Trizeps,secondary,2,4,3,Oberkörper
EX000394,Burpee mit Liegestütz,ABS,Gerade Bauchmuskulatur,secondary,2,5,3,Rumpf
EX000395,Burpee über eine Hantel,FULL_BODY,Ganzkörper,primary,5,1,5,Ganzkörper
EX000395,Burpee über eine Hantel,QUADS,Quadrizeps,secondary,3,1,5,Unterkörper
EX000395,Burpee über eine Hantel,GLUTES,Gesässmuskulatur,secondary,3,2,5,Unterkörper
EX000395,Burpee über eine Hantel,CHEST,Brustmuskulatur,secondary,3,3,4,Oberkörper
EX000395,Burpee über eine Hantel,TRICEPS,Trizeps,secondary,2,4,3,Oberkörper
EX000395,Burpee über eine Hantel,ABS,Gerade Bauchmuskulatur,secondary,2,5,3,Rumpf
EX000396,Burpee über eine Linie,FULL_BODY,Ganzkörper,primary,5,1,5,Ganzkörper
EX000396,Burpee über eine Linie,QUADS,Quadrizeps,secondary,3,1,5,Unterkörper
EX000396,Burpee über eine Linie,GLUTES,Gesässmuskulatur,secondary,3,2,5,Unterkörper
EX000396,Burpee über eine Linie,CHEST,Brustmuskulatur,secondary,3,3,4,Oberkörper
EX000396,Burpee über eine Linie,TRICEPS,Trizeps,secondary,2,4,3,Oberkörper
EX000396,Burpee über eine Linie,ABS,Gerade Bauchmuskulatur,secondary,2,5,3,Rumpf
EX000397,Depth Drop,QUADS,Quadrizeps,primary,5,1,5,Unterkörper
EX000397,Depth Drop,GLUTES,Gesässmuskulatur,secondary,3,1,5,Unterkörper
EX000397,Depth Drop,HAMSTRINGS,Hintere Oberschenkelmuskulatur,secondary,3,2,4,Unterkörper
EX000397,Depth Drop,CALVES,Wadenmuskulatur,secondary,3,3,3,Unterkörper
EX000398,Depth Jump,QUADS,Quadrizeps,primary,5,1,5,Unterkörper
EX000398,Depth Jump,GLUTES,Gesässmuskulatur,secondary,3,1,5,Unterkörper
EX000398,Depth Jump,HAMSTRINGS,Hintere Oberschenkelmuskulatur,secondary,3,2,4,Unterkörper
EX000398,Depth Jump,CALVES,Wadenmuskulatur,secondary,3,3,3,Unterkörper
EX000399,Depth Jump zum Box Jump,QUADS,Quadrizeps,primary,5,1,5,Unterkörper
EX000399,Depth Jump zum Box Jump,GLUTES,Gesässmuskulatur,secondary,3,1,5,Unterkörper
EX000399,Depth Jump zum Box Jump,HAMSTRINGS,Hintere Oberschenkelmuskulatur,secondary,3,2,4,Unterkörper
EX000399,Depth Jump zum Box Jump,CALVES,Wadenmuskulatur,secondary,3,3,3,Unterkörper
EX000400,Drop Push-up,CHEST,Brustmuskulatur,primary,5,1,4,Oberkörper
EX000400,Drop Push-up,TRICEPS,Trizeps,secondary,3,1,3,Oberkörper
EX000400,Drop Push-up,FRONT_DELTS,Vordere Schulter,secondary,3,2,2,Oberkörper
EX000400,Drop Push-up,ABS,Gerade Bauchmuskulatur,secondary,3,3,3,Rumpf
EX000400,Drop Push-up,SERRATUS,Sägemuskel,secondary,2,4,2,Oberkörper
EX000401,Einbeinige Mehrfachsprünge,QUADS,Quadrizeps,primary,5,1,5,Unterkörper
EX000401,Einbeinige Mehrfachsprünge,GLUTES,Gesässmuskulatur,secondary,3,1,5,Unterkörper
EX000401,Einbeinige Mehrfachsprünge,HAMSTRINGS,Hintere Oberschenkelmuskulatur,secondary,3,2,4,Unterkörper
EX000401,Einbeinige Mehrfachsprünge,CALVES,Wadenmuskulatur,secondary,3,3,3,Unterkörper
EX000401,Einbeinige Mehrfachsprünge,ABDUCTORS,Hüftabduktoren,secondary,2,4,3,Unterkörper
EX000402,Einbeiniger Box Jump,QUADS,Quadrizeps,primary,5,1,5,Unterkörper
EX000402,Einbeiniger Box Jump,GLUTES,Gesässmuskulatur,secondary,3,1,5,Unterkörper
EX000402,Einbeiniger Box Jump,HAMSTRINGS,Hintere Oberschenkelmuskulatur,secondary,3,2,4,Unterkörper
EX000402,Einbeiniger Box Jump,CALVES,Wadenmuskulatur,secondary,3,3,3,Unterkörper
EX000402,Einbeiniger Box Jump,ABDUCTORS,Hüftabduktoren,secondary,2,4,3,Unterkörper
EX000403,Einbeiniger Sprung seitwärts,GLUTES,Gesässmuskulatur,primary,5,1,5,Unterkörper
EX000403,Einbeiniger Sprung seitwärts,QUADS,Quadrizeps,secondary,3,1,5,Unterkörper
EX000403,Einbeiniger Sprung seitwärts,ABDUCTORS,Hüftabduktoren,secondary,3,2,3,Unterkörper
EX000403,Einbeiniger Sprung seitwärts,ADDUCTORS,Adduktoren,secondary,3,3,4,Unterkörper
EX000403,Einbeiniger Sprung seitwärts,CALVES,Wadenmuskulatur,secondary,2,4,3,Unterkörper
EX000404,Einbeiniger Sprung vorwärts,QUADS,Quadrizeps,primary,5,1,5,Unterkörper
EX000404,Einbeiniger Sprung vorwärts,GLUTES,Gesässmuskulatur,secondary,3,1,5,Unterkörper
EX000404,Einbeiniger Sprung vorwärts,HAMSTRINGS,Hintere Oberschenkelmuskulatur,secondary,3,2,4,Unterkörper
EX000404,Einbeiniger Sprung vorwärts,CALVES,Wadenmuskulatur,secondary,3,3,3,Unterkörper
EX000404,Einbeiniger Sprung vorwärts,ABDUCTORS,Hüftabduktoren,secondary,2,4,3,Unterkörper
EX000405,Explosiver Medizinball-Pass gegen die Wand,CHEST,Brustmuskulatur,primary,5,1,4,Oberkörper
EX000405,Explosiver Medizinball-Pass gegen die Wand,TRICEPS,Trizeps,secondary,3,1,3,Oberkörper
EX000405,Explosiver Medizinball-Pass gegen die Wand,FRONT_DELTS,Vordere Schulter,secondary,3,2,2,Oberkörper
EX000405,Explosiver Medizinball-Pass gegen die Wand,ABS,Gerade Bauchmuskulatur,secondary,3,3,3,Rumpf
EX000406,Hocksprung mit Knie zur Brust,QUADS,Quadrizeps,primary,5,1,5,Unterkörper
EX000406,Hocksprung mit Knie zur Brust,GLUTES,Gesässmuskulatur,secondary,3,1,5,Unterkörper
EX000406,Hocksprung mit Knie zur Brust,HIP_FLEXORS,Hüftbeuger,secondary,3,2,2,Unterkörper
EX000406,Hocksprung mit Knie zur Brust,CALVES,Wadenmuskulatur,secondary,3,3,3,Unterkörper
EX000406,Hocksprung mit Knie zur Brust,ABS,Gerade Bauchmuskulatur,secondary,2,4,3,Rumpf
EX000407,Hürdensprung beidbeinig,QUADS,Quadrizeps,primary,5,1,5,Unterkörper
EX000407,Hürdensprung beidbeinig,GLUTES,Gesässmuskulatur,secondary,3,1,5,Unterkörper
EX000407,Hürdensprung beidbeinig,HAMSTRINGS,Hintere Oberschenkelmuskulatur,secondary,3,2,4,Unterkörper
EX000407,Hürdensprung beidbeinig,CALVES,Wadenmuskulatur,secondary,3,3,3,Unterkörper
EX000408,Klatsch-Liegestütz hinter dem Rücken,CHEST,Brustmuskulatur,primary,5,1,4,Oberkörper
EX000408,Klatsch-Liegestütz hinter dem Rücken,TRICEPS,Trizeps,secondary,3,1,3,Oberkörper
EX000408,Klatsch-Liegestütz hinter dem Rücken,FRONT_DELTS,Vordere Schulter,secondary,3,2,2,Oberkörper
EX000408,Klatsch-Liegestütz hinter dem Rücken,ABS,Gerade Bauchmuskulatur,secondary,3,3,3,Rumpf
EX000409,Medizinball-Pass aus Rückenlage,CHEST,Brustmuskulatur,primary,5,1,4,Oberkörper
EX000409,Medizinball-Pass aus Rückenlage,TRICEPS,Trizeps,secondary,3,1,3,Oberkörper
EX000409,Medizinball-Pass aus Rückenlage,FRONT_DELTS,Vordere Schulter,secondary,3,2,2,Oberkörper
EX000410,Medizinball-Rückwärtswurf über Kopf,FULL_BODY,Ganzkörper,primary,5,1,5,Ganzkörper
EX000410,Medizinball-Rückwärtswurf über Kopf,GLUTES,Gesässmuskulatur,secondary,3,1,5,Unterkörper
EX000410,Medizinball-Rückwärtswurf über Kopf,HAMSTRINGS,Hintere Oberschenkelmuskulatur,secondary,3,2,4,Unterkörper
EX000410,Medizinball-Rückwärtswurf über Kopf,ERECTORS,Rückenstrecker,secondary,3,3,4,Rumpf
EX000410,Medizinball-Rückwärtswurf über Kopf,TRAPS,Trapezmuskel,secondary,2,4,3,Oberkörper
EX000410,Medizinball-Rückwärtswurf über Kopf,TRICEPS,Trizeps,secondary,2,5,3,Oberkörper
EX000411,Medizinball-Slam,FULL_BODY,Ganzkörper,primary,5,1,5,Ganzkörper
EX000411,Medizinball-Slam,LATS,Latissimus,secondary,3,1,4,Oberkörper
EX000411,Medizinball-Slam,ABS,Gerade Bauchmuskulatur,secondary,3,2,3,Rumpf
EX000411,Medizinball-Slam,TRICEPS,Trizeps,secondary,3,3,3,Oberkörper
EX000411,Medizinball-Slam,GLUTES,Gesässmuskulatur,secondary,2,4,5,Unterkörper
EX000411,Medizinball-Slam,QUADS,Quadrizeps,secondary,2,5,5,Unterkörper
EX000412,Medizinball-Überkopfwurf nach vorn,FULL_BODY,Ganzkörper,primary,5,1,5,Ganzkörper
EX000412,Medizinball-Überkopfwurf nach vorn,LATS,Latissimus,secondary,3,1,4,Oberkörper
EX000412,Medizinball-Überkopfwurf nach vorn,TRICEPS,Trizeps,secondary,3,2,3,Oberkörper
EX000412,Medizinball-Überkopfwurf nach vorn,ABS,Gerade Bauchmuskulatur,secondary,3,3,3,Rumpf
EX000412,Medizinball-Überkopfwurf nach vorn,GLUTES,Gesässmuskulatur,secondary,2,4,5,Unterkörper
EX000412,Medizinball-Überkopfwurf nach vorn,QUADS,Quadrizeps,secondary,2,5,5,Unterkörper
EX000413,Mehrfach-Hürdensprünge,QUADS,Quadrizeps,primary,5,1,5,Unterkörper
EX000413,Mehrfach-Hürdensprünge,GLUTES,Gesässmuskulatur,secondary,3,1,5,Unterkörper
EX000413,Mehrfach-Hürdensprünge,HAMSTRINGS,Hintere Oberschenkelmuskulatur,secondary,3,2,4,Unterkörper
EX000413,Mehrfach-Hürdensprünge,CALVES,Wadenmuskulatur,secondary,3,3,3,Unterkörper
EX000414,Mehrfach-Weitsprünge,GLUTES,Gesässmuskulatur,primary,5,1,5,Unterkörper
EX000414,Mehrfach-Weitsprünge,QUADS,Quadrizeps,secondary,3,1,5,Unterkörper
EX000414,Mehrfach-Weitsprünge,HAMSTRINGS,Hintere Oberschenkelmuskulatur,secondary,3,2,4,Unterkörper
EX000414,Mehrfach-Weitsprünge,CALVES,Wadenmuskulatur,secondary,3,3,3,Unterkörper
EX000414,Mehrfach-Weitsprünge,ABS,Gerade Bauchmuskulatur,secondary,2,4,3,Rumpf
EX000415,Plyometrischer Liegestütz auf Boxen,CHEST,Brustmuskulatur,primary,5,1,4,Oberkörper
EX000415,Plyometrischer Liegestütz auf Boxen,TRICEPS,Trizeps,secondary,3,1,3,Oberkörper
EX000415,Plyometrischer Liegestütz auf Boxen,FRONT_DELTS,Vordere Schulter,secondary,3,2,2,Oberkörper
EX000415,Plyometrischer Liegestütz auf Boxen,ABS,Gerade Bauchmuskulatur,secondary,3,3,3,Rumpf
EX000415,Plyometrischer Liegestütz auf Boxen,SERRATUS,Sägemuskel,secondary,2,4,2,Oberkörper
EX000416,Pogo Jumps einbeinig,CALVES,Wadenmuskulatur,primary,5,1,3,Unterkörper
EX000416,Pogo Jumps einbeinig,QUADS,Quadrizeps,secondary,3,1,5,Unterkörper
EX000416,Pogo Jumps einbeinig,GLUTES,Gesässmuskulatur,secondary,3,2,5,Unterkörper
EX000416,Pogo Jumps einbeinig,TIBIALIS,Schienbeinmuskel,secondary,3,3,1,Unterkörper
EX000417,Rotations-Slam mit Medizinball,OBLIQUES,Seitliche Bauchmuskulatur,primary,5,1,3,Rumpf
EX000417,Rotations-Slam mit Medizinball,LATS,Latissimus,secondary,3,1,4,Oberkörper
EX000417,Rotations-Slam mit Medizinball,ABS,Gerade Bauchmuskulatur,secondary,3,2,3,Rumpf
EX000417,Rotations-Slam mit Medizinball,GLUTES,Gesässmuskulatur,secondary,3,3,5,Unterkörper
EX000417,Rotations-Slam mit Medizinball,TRICEPS,Trizeps,secondary,2,4,3,Oberkörper
EX000418,Rotationswurf mit Medizinball gegen die Wand,OBLIQUES,Seitliche Bauchmuskulatur,primary,5,1,3,Rumpf
EX000418,Rotationswurf mit Medizinball gegen die Wand,GLUTES,Gesässmuskulatur,secondary,3,1,5,Unterkörper
EX000418,Rotationswurf mit Medizinball gegen die Wand,ABS,Gerade Bauchmuskulatur,secondary,3,2,3,Rumpf
EX000418,Rotationswurf mit Medizinball gegen die Wand,CHEST,Brustmuskulatur,secondary,3,3,4,Oberkörper
EX000418,Rotationswurf mit Medizinball gegen die Wand,FRONT_DELTS,Vordere Schulter,secondary,2,4,2,Oberkörper
EX000419,Seitliche Bounds,GLUTES,Gesässmuskulatur,primary,5,1,5,Unterkörper
EX000419,Seitliche Bounds,QUADS,Quadrizeps,secondary,3,1,5,Unterkörper
EX000419,Seitliche Bounds,ABDUCTORS,Hüftabduktoren,secondary,3,2,3,Unterkörper
EX000419,Seitliche Bounds,ADDUCTORS,Adduktoren,secondary,3,3,4,Unterkörper
EX000419,Seitliche Bounds,CALVES,Wadenmuskulatur,secondary,2,4,3,Unterkörper
EX000420,Seitliche Pogo Jumps,CALVES,Wadenmuskulatur,primary,5,1,3,Unterkörper
EX000420,Seitliche Pogo Jumps,QUADS,Quadrizeps,secondary,3,1,5,Unterkörper
EX000420,Seitliche Pogo Jumps,GLUTES,Gesässmuskulatur,secondary,3,2,5,Unterkörper
EX000420,Seitliche Pogo Jumps,ABDUCTORS,Hüftabduktoren,secondary,3,3,3,Unterkörper
EX000421,Seitlicher Box Jump,QUADS,Quadrizeps,primary,5,1,5,Unterkörper
EX000421,Seitlicher Box Jump,GLUTES,Gesässmuskulatur,secondary,3,1,5,Unterkörper
EX000421,Seitlicher Box Jump,ABDUCTORS,Hüftabduktoren,secondary,3,2,3,Unterkörper
EX000421,Seitlicher Box Jump,ADDUCTORS,Adduktoren,secondary,3,3,4,Unterkörper
EX000421,Seitlicher Box Jump,CALVES,Wadenmuskulatur,secondary,2,4,3,Unterkörper
EX000422,Shot-Put-Wurf mit Medizinball,CHEST,Brustmuskulatur,primary,5,1,4,Oberkörper
EX000422,Shot-Put-Wurf mit Medizinball,TRICEPS,Trizeps,secondary,3,1,3,Oberkörper
EX000422,Shot-Put-Wurf mit Medizinball,FRONT_DELTS,Vordere Schulter,secondary,3,2,2,Oberkörper
EX000422,Shot-Put-Wurf mit Medizinball,OBLIQUES,Seitliche Bauchmuskulatur,secondary,3,3,3,Rumpf
EX000422,Shot-Put-Wurf mit Medizinball,GLUTES,Gesässmuskulatur,secondary,2,4,5,Unterkörper
EX000423,Skater Jump,GLUTES,Gesässmuskulatur,primary,5,1,5,Unterkörper
EX000423,Skater Jump,QUADS,Quadrizeps,secondary,3,1,5,Unterkörper
EX000423,Skater Jump,ABDUCTORS,Hüftabduktoren,secondary,3,2,3,Unterkörper
EX000423,Skater Jump,ADDUCTORS,Adduktoren,secondary,3,3,4,Unterkörper
EX000423,Skater Jump,CALVES,Wadenmuskulatur,secondary,2,4,3,Unterkörper
EX000423,Skater Jump,OBLIQUES,Seitliche Bauchmuskulatur,secondary,2,5,3,Rumpf
EX000424,Skater Jump mit Landepause,GLUTES,Gesässmuskulatur,primary,5,1,5,Unterkörper
EX000424,Skater Jump mit Landepause,QUADS,Quadrizeps,secondary,3,1,5,Unterkörper
EX000424,Skater Jump mit Landepause,ABDUCTORS,Hüftabduktoren,secondary,3,2,3,Unterkörper
EX000424,Skater Jump mit Landepause,ADDUCTORS,Adduktoren,secondary,3,3,4,Unterkörper
EX000424,Skater Jump mit Landepause,CALVES,Wadenmuskulatur,secondary,2,4,3,Unterkörper
EX000424,Skater Jump mit Landepause,OBLIQUES,Seitliche Bauchmuskulatur,secondary,2,5,3,Rumpf
EX000425,Split Squat Jump,QUADS,Quadrizeps,primary,5,1,5,Unterkörper
EX000425,Split Squat Jump,GLUTES,Gesässmuskulatur,secondary,3,1,5,Unterkörper
EX000425,Split Squat Jump,HAMSTRINGS,Hintere Oberschenkelmuskulatur,secondary,3,2,4,Unterkörper
EX000425,Split Squat Jump,CALVES,Wadenmuskulatur,secondary,3,3,3,Unterkörper
EX000426,Sprungausfallschritt,QUADS,Quadrizeps,primary,5,1,5,Unterkörper
EX000426,Sprungausfallschritt,GLUTES,Gesässmuskulatur,secondary,3,1,5,Unterkörper
EX000426,Sprungausfallschritt,HAMSTRINGS,Hintere Oberschenkelmuskulatur,secondary,3,2,4,Unterkörper
EX000426,Sprungausfallschritt,CALVES,Wadenmuskulatur,secondary,3,3,3,Unterkörper
EX000426,Sprungausfallschritt,ABS,Gerade Bauchmuskulatur,secondary,2,4,3,Rumpf
EX000427,Squat Jump,QUADS,Quadrizeps,primary,5,1,5,Unterkörper
EX000427,Squat Jump,GLUTES,Gesässmuskulatur,secondary,3,1,5,Unterkörper
EX000427,Squat Jump,HAMSTRINGS,Hintere Oberschenkelmuskulatur,secondary,3,2,4,Unterkörper
EX000427,Squat Jump,CALVES,Wadenmuskulatur,secondary,3,3,3,Unterkörper
EX000427,Squat Jump,ABS,Gerade Bauchmuskulatur,secondary,2,4,3,Rumpf
EX000428,Squat Jump mit Pause unten,QUADS,Quadrizeps,primary,5,1,5,Unterkörper
EX000428,Squat Jump mit Pause unten,GLUTES,Gesässmuskulatur,secondary,3,1,5,Unterkörper
EX000428,Squat Jump mit Pause unten,HAMSTRINGS,Hintere Oberschenkelmuskulatur,secondary,3,2,4,Unterkörper
EX000428,Squat Jump mit Pause unten,CALVES,Wadenmuskulatur,secondary,3,3,3,Unterkörper
EX000428,Squat Jump mit Pause unten,ABS,Gerade Bauchmuskulatur,secondary,2,4,3,Rumpf
EX000429,Star Jump,FULL_BODY,Ganzkörper,primary,5,1,5,Ganzkörper
EX000429,Star Jump,QUADS,Quadrizeps,secondary,3,1,5,Unterkörper
EX000429,Star Jump,GLUTES,Gesässmuskulatur,secondary,3,2,5,Unterkörper
EX000429,Star Jump,CALVES,Wadenmuskulatur,secondary,3,3,3,Unterkörper
EX000429,Star Jump,SIDE_DELTS,Seitliche Schulter,secondary,2,4,2,Oberkörper
EX000429,Star Jump,ABS,Gerade Bauchmuskulatur,secondary,2,5,3,Rumpf
EX000430,Tuck Jump,QUADS,Quadrizeps,primary,5,1,5,Unterkörper
EX000430,Tuck Jump,GLUTES,Gesässmuskulatur,secondary,3,1,5,Unterkörper
EX000430,Tuck Jump,HIP_FLEXORS,Hüftbeuger,secondary,3,2,2,Unterkörper
EX000430,Tuck Jump,CALVES,Wadenmuskulatur,secondary,3,3,3,Unterkörper
EX000430,Tuck Jump,ABS,Gerade Bauchmuskulatur,secondary,2,4,3,Rumpf
EX000431,Weitsprung aus dem Stand,GLUTES,Gesässmuskulatur,primary,5,1,5,Unterkörper
EX000431,Weitsprung aus dem Stand,QUADS,Quadrizeps,secondary,3,1,5,Unterkörper
EX000431,Weitsprung aus dem Stand,HAMSTRINGS,Hintere Oberschenkelmuskulatur,secondary,3,2,4,Unterkörper
EX000431,Weitsprung aus dem Stand,CALVES,Wadenmuskulatur,secondary,3,3,3,Unterkörper
EX000431,Weitsprung aus dem Stand,ABS,Gerade Bauchmuskulatur,secondary,2,4,3,Rumpf
EX000432,Explosiver Liegestütz,CHEST,Brustmuskulatur,primary,5,1,4,Oberkörper
EX000432,Explosiver Liegestütz,TRICEPS,Trizeps,secondary,3,1,3,Oberkörper
EX000432,Explosiver Liegestütz,FRONT_DELTS,Vordere Schulter,secondary,3,2,2,Oberkörper
EX000432,Explosiver Liegestütz,ABS,Gerade Bauchmuskulatur,secondary,3,3,3,Rumpf
EX000432,Explosiver Liegestütz,SERRATUS,Sägemuskel,secondary,2,4,2,Oberkörper
EX000433,Klatsch-Liegestütz,CHEST,Brustmuskulatur,primary,5,1,4,Oberkörper
EX000433,Klatsch-Liegestütz,TRICEPS,Trizeps,secondary,3,1,3,Oberkörper
EX000433,Klatsch-Liegestütz,FRONT_DELTS,Vordere Schulter,secondary,3,2,2,Oberkörper
EX000433,Klatsch-Liegestütz,ABS,Gerade Bauchmuskulatur,secondary,3,3,3,Rumpf
EX000433,Klatsch-Liegestütz,SERRATUS,Sägemuskel,secondary,2,4,2,Oberkörper
EX000434,Wechselnder Medizinball-Liegestütz,CHEST,Brustmuskulatur,primary,5,1,4,Oberkörper
EX000434,Wechselnder Medizinball-Liegestütz,TRICEPS,Trizeps,secondary,3,1,3,Oberkörper
EX000434,Wechselnder Medizinball-Liegestütz,FRONT_DELTS,Vordere Schulter,secondary,3,2,2,Oberkörper
EX000434,Wechselnder Medizinball-Liegestütz,ABS,Gerade Bauchmuskulatur,secondary,3,3,3,Rumpf
EX000434,Wechselnder Medizinball-Liegestütz,SERRATUS,Sägemuskel,secondary,2,4,2,Oberkörper
EX000435,Alternierender Kettlebell Swing,GLUTES,Gesässmuskulatur,primary,5,1,5,Unterkörper
EX000435,Alternierender Kettlebell Swing,HAMSTRINGS,Hintere Oberschenkelmuskulatur,secondary,3,1,4,Unterkörper
EX000435,Alternierender Kettlebell Swing,ERECTORS,Rückenstrecker,secondary,3,2,4,Rumpf
EX000435,Alternierender Kettlebell Swing,OBLIQUES,Seitliche Bauchmuskulatur,secondary,3,3,3,Rumpf
EX000435,Alternierender Kettlebell Swing,LATS,Latissimus,secondary,2,4,4,Oberkörper
EX000435,Alternierender Kettlebell Swing,FOREARMS,Unterarmmuskulatur,secondary,2,5,2,Oberkörper
EX000436,American Kettlebell Swing,GLUTES,Gesässmuskulatur,primary,5,1,5,Unterkörper
EX000436,American Kettlebell Swing,HAMSTRINGS,Hintere Oberschenkelmuskulatur,secondary,3,1,4,Unterkörper
EX000436,American Kettlebell Swing,ERECTORS,Rückenstrecker,secondary,3,2,4,Rumpf
EX000436,American Kettlebell Swing,TRAPS,Trapezmuskel,secondary,3,3,3,Oberkörper
EX000436,American Kettlebell Swing,FRONT_DELTS,Vordere Schulter,secondary,2,4,2,Oberkörper
EX000436,American Kettlebell Swing,ABS,Gerade Bauchmuskulatur,secondary,2,5,3,Rumpf
EX000437,Doppel-Kettlebell Clean,FULL_BODY,Ganzkörper,primary,5,1,5,Ganzkörper
EX000437,Doppel-Kettlebell Clean,GLUTES,Gesässmuskulatur,secondary,3,1,5,Unterkörper
EX000437,Doppel-Kettlebell Clean,HAMSTRINGS,Hintere Oberschenkelmuskulatur,secondary,3,2,4,Unterkörper
EX000437,Doppel-Kettlebell Clean,QUADS,Quadrizeps,secondary,3,3,5,Unterkörper
EX000437,Doppel-Kettlebell Clean,TRAPS,Trapezmuskel,secondary,2,4,3,Oberkörper
EX000437,Doppel-Kettlebell Clean,BICEPS,Bizeps,secondary,2,5,2,Oberkörper
EX000437,Doppel-Kettlebell Clean,FOREARMS,Unterarmmuskulatur,secondary,2,6,2,Oberkörper
EX000437,Doppel-Kettlebell Clean,ABS,Gerade Bauchmuskulatur,secondary,2,7,3,Rumpf
EX000438,Doppel-Kettlebell Clean and Press,FULL_BODY,Ganzkörper,primary,5,1,5,Ganzkörper
EX000438,Doppel-Kettlebell Clean and Press,GLUTES,Gesässmuskulatur,secondary,3,1,5,Unterkörper
EX000438,Doppel-Kettlebell Clean and Press,HAMSTRINGS,Hintere Oberschenkelmuskulatur,secondary,3,2,4,Unterkörper
EX000438,Doppel-Kettlebell Clean and Press,QUADS,Quadrizeps,secondary,3,3,5,Unterkörper
EX000438,Doppel-Kettlebell Clean and Press,TRAPS,Trapezmuskel,secondary,2,4,3,Oberkörper
EX000438,Doppel-Kettlebell Clean and Press,FRONT_DELTS,Vordere Schulter,secondary,2,5,2,Oberkörper
EX000438,Doppel-Kettlebell Clean and Press,TRICEPS,Trizeps,secondary,2,6,3,Oberkörper
EX000438,Doppel-Kettlebell Clean and Press,ABS,Gerade Bauchmuskulatur,secondary,2,7,3,Rumpf
EX000439,Doppel-Kettlebell Jerk,FULL_BODY,Ganzkörper,primary,5,1,5,Ganzkörper
EX000439,Doppel-Kettlebell Jerk,FRONT_DELTS,Vordere Schulter,secondary,3,1,2,Oberkörper
EX000439,Doppel-Kettlebell Jerk,TRICEPS,Trizeps,secondary,3,2,3,Oberkörper
EX000439,Doppel-Kettlebell Jerk,QUADS,Quadrizeps,secondary,3,3,5,Unterkörper
EX000439,Doppel-Kettlebell Jerk,GLUTES,Gesässmuskulatur,secondary,2,4,5,Unterkörper
EX000439,Doppel-Kettlebell Jerk,TRAPS,Trapezmuskel,secondary,2,5,3,Oberkörper
EX000439,Doppel-Kettlebell Jerk,ABS,Gerade Bauchmuskulatur,secondary,2,6,3,Rumpf
EX000440,Doppel-Kettlebell Long Cycle,FULL_BODY,Ganzkörper,primary,5,1,5,Ganzkörper
EX000440,Doppel-Kettlebell Long Cycle,GLUTES,Gesässmuskulatur,secondary,3,1,5,Unterkörper
EX000440,Doppel-Kettlebell Long Cycle,QUADS,Quadrizeps,secondary,3,2,5,Unterkörper
EX000440,Doppel-Kettlebell Long Cycle,HAMSTRINGS,Hintere Oberschenkelmuskulatur,secondary,3,3,4,Unterkörper
EX000440,Doppel-Kettlebell Long Cycle,TRAPS,Trapezmuskel,secondary,2,4,3,Oberkörper
EX000440,Doppel-Kettlebell Long Cycle,FRONT_DELTS,Vordere Schulter,secondary,2,5,2,Oberkörper
EX000440,Doppel-Kettlebell Long Cycle,TRICEPS,Trizeps,secondary,2,6,3,Oberkörper
EX000440,Doppel-Kettlebell Long Cycle,ABS,Gerade Bauchmuskulatur,secondary,2,7,3,Rumpf
EX000441,Doppel-Kettlebell Push Press,FRONT_DELTS,Vordere Schulter,primary,5,1,2,Oberkörper
EX000441,Doppel-Kettlebell Push Press,TRICEPS,Trizeps,secondary,3,1,3,Oberkörper
EX000441,Doppel-Kettlebell Push Press,QUADS,Quadrizeps,secondary,3,2,5,Unterkörper
EX000441,Doppel-Kettlebell Push Press,GLUTES,Gesässmuskulatur,secondary,3,3,5,Unterkörper
EX000441,Doppel-Kettlebell Push Press,TRAPS,Trapezmuskel,secondary,2,4,3,Oberkörper
EX000441,Doppel-Kettlebell Push Press,ABS,Gerade Bauchmuskulatur,secondary,2,5,3,Rumpf
EX000442,Doppel-Kettlebell Snatch,FULL_BODY,Ganzkörper,primary,5,1,5,Ganzkörper
EX000442,Doppel-Kettlebell Snatch,GLUTES,Gesässmuskulatur,secondary,3,1,5,Unterkörper
EX000442,Doppel-Kettlebell Snatch,HAMSTRINGS,Hintere Oberschenkelmuskulatur,secondary,3,2,4,Unterkörper
EX000442,Doppel-Kettlebell Snatch,TRAPS,Trapezmuskel,secondary,3,3,3,Oberkörper
EX000442,Doppel-Kettlebell Snatch,FRONT_DELTS,Vordere Schulter,secondary,2,4,2,Oberkörper
EX000442,Doppel-Kettlebell Snatch,TRICEPS,Trizeps,secondary,2,5,3,Oberkörper
EX000442,Doppel-Kettlebell Snatch,FOREARMS,Unterarmmuskulatur,secondary,2,6,2,Oberkörper
EX000442,Doppel-Kettlebell Snatch,ABS,Gerade Bauchmuskulatur,secondary,2,7,3,Rumpf
EX000443,Doppel-Kettlebell Swing,GLUTES,Gesässmuskulatur,primary,5,1,5,Unterkörper
EX000443,Doppel-Kettlebell Swing,HAMSTRINGS,Hintere Oberschenkelmuskulatur,secondary,3,1,4,Unterkörper
EX000443,Doppel-Kettlebell Swing,ERECTORS,Rückenstrecker,secondary,3,2,4,Rumpf
EX000443,Doppel-Kettlebell Swing,LATS,Latissimus,secondary,3,3,4,Oberkörper
EX000443,Doppel-Kettlebell Swing,FOREARMS,Unterarmmuskulatur,secondary,2,4,2,Oberkörper
EX000443,Doppel-Kettlebell Swing,ABS,Gerade Bauchmuskulatur,secondary,2,5,3,Rumpf
EX000444,Doppel-Kettlebell Thruster,FULL_BODY,Ganzkörper,primary,5,1,5,Ganzkörper
EX000444,Doppel-Kettlebell Thruster,QUADS,Quadrizeps,secondary,3,1,5,Unterkörper
EX000444,Doppel-Kettlebell Thruster,GLUTES,Gesässmuskulatur,secondary,3,2,5,Unterkörper
EX000444,Doppel-Kettlebell Thruster,FRONT_DELTS,Vordere Schulter,secondary,3,3,2,Oberkörper
EX000444,Doppel-Kettlebell Thruster,TRICEPS,Trizeps,secondary,2,4,3,Oberkörper
EX000444,Doppel-Kettlebell Thruster,ABS,Gerade Bauchmuskulatur,secondary,2,5,3,Rumpf
EX000445,Halber Turkish Get-up bis zum Ellenbogen,OBLIQUES,Seitliche Bauchmuskulatur,primary,5,1,3,Rumpf
EX000445,Halber Turkish Get-up bis zum Ellenbogen,DEEP_CORE,Tiefe Rumpfmuskulatur,secondary,3,1,2,Rumpf
EX000445,Halber Turkish Get-up bis zum Ellenbogen,GLUTES,Gesässmuskulatur,secondary,3,2,5,Unterkörper
EX000445,Halber Turkish Get-up bis zum Ellenbogen,TRAPS,Trapezmuskel,secondary,3,3,3,Oberkörper
EX000445,Halber Turkish Get-up bis zum Ellenbogen,ROTATOR_CUFF,Rotatorenmanschette,secondary,2,4,1,Oberkörper
EX000446,Halber Turkish Get-up bis zum hohen Sitz,OBLIQUES,Seitliche Bauchmuskulatur,primary,5,1,3,Rumpf
EX000446,Halber Turkish Get-up bis zum hohen Sitz,DEEP_CORE,Tiefe Rumpfmuskulatur,secondary,3,1,2,Rumpf
EX000446,Halber Turkish Get-up bis zum hohen Sitz,GLUTES,Gesässmuskulatur,secondary,3,2,5,Unterkörper
EX000446,Halber Turkish Get-up bis zum hohen Sitz,TRAPS,Trapezmuskel,secondary,3,3,3,Oberkörper
EX000446,Halber Turkish Get-up bis zum hohen Sitz,ROTATOR_CUFF,Rotatorenmanschette,secondary,2,4,1,Oberkörper
EX000447,Kettlebell Bent Press,FULL_BODY,Ganzkörper,primary,5,1,5,Ganzkörper
EX000447,Kettlebell Bent Press,OBLIQUES,Seitliche Bauchmuskulatur,secondary,3,1,3,Rumpf
EX000447,Kettlebell Bent Press,GLUTES,Gesässmuskulatur,secondary,3,2,5,Unterkörper
EX000447,Kettlebell Bent Press,HAMSTRINGS,Hintere Oberschenkelmuskulatur,secondary,3,3,4,Unterkörper
EX000447,Kettlebell Bent Press,TRAPS,Trapezmuskel,secondary,2,4,3,Oberkörper
EX000447,Kettlebell Bent Press,ROTATOR_CUFF,Rotatorenmanschette,secondary,2,5,1,Oberkörper
EX000447,Kettlebell Bent Press,TRICEPS,Trizeps,secondary,2,6,3,Oberkörper
EX000448,Kettlebell Clean and Jerk,FULL_BODY,Ganzkörper,primary,5,1,5,Ganzkörper
EX000448,Kettlebell Clean and Jerk,GLUTES,Gesässmuskulatur,secondary,3,1,5,Unterkörper
EX000448,Kettlebell Clean and Jerk,QUADS,Quadrizeps,secondary,3,2,5,Unterkörper
EX000448,Kettlebell Clean and Jerk,TRAPS,Trapezmuskel,secondary,3,3,3,Oberkörper
EX000448,Kettlebell Clean and Jerk,FRONT_DELTS,Vordere Schulter,secondary,2,4,2,Oberkörper
EX000448,Kettlebell Clean and Jerk,TRICEPS,Trizeps,secondary,2,5,3,Oberkörper
EX000448,Kettlebell Clean and Jerk,OBLIQUES,Seitliche Bauchmuskulatur,secondary,2,6,3,Rumpf
EX000449,Kettlebell Clean and Press,FULL_BODY,Ganzkörper,primary,5,1,5,Ganzkörper
EX000449,Kettlebell Clean and Press,GLUTES,Gesässmuskulatur,secondary,3,1,5,Unterkörper
EX000449,Kettlebell Clean and Press,HAMSTRINGS,Hintere Oberschenkelmuskulatur,secondary,3,2,4,Unterkörper
EX000449,Kettlebell Clean and Press,QUADS,Quadrizeps,secondary,3,3,5,Unterkörper
EX000449,Kettlebell Clean and Press,TRAPS,Trapezmuskel,secondary,2,4,3,Oberkörper
EX000449,Kettlebell Clean and Press,FRONT_DELTS,Vordere Schulter,secondary,2,5,2,Oberkörper
EX000449,Kettlebell Clean and Press,TRICEPS,Trizeps,secondary,2,6,3,Oberkörper
EX000449,Kettlebell Clean and Press,OBLIQUES,Seitliche Bauchmuskulatur,secondary,2,7,3,Rumpf
EX000450,Kettlebell Clean and Push Press,FULL_BODY,Ganzkörper,primary,5,1,5,Ganzkörper
EX000450,Kettlebell Clean and Push Press,GLUTES,Gesässmuskulatur,secondary,3,1,5,Unterkörper
EX000450,Kettlebell Clean and Push Press,QUADS,Quadrizeps,secondary,3,2,5,Unterkörper
EX000450,Kettlebell Clean and Push Press,TRAPS,Trapezmuskel,secondary,3,3,3,Oberkörper
EX000450,Kettlebell Clean and Push Press,FRONT_DELTS,Vordere Schulter,secondary,2,4,2,Oberkörper
EX000450,Kettlebell Clean and Push Press,TRICEPS,Trizeps,secondary,2,5,3,Oberkörper
EX000450,Kettlebell Clean and Push Press,OBLIQUES,Seitliche Bauchmuskulatur,secondary,2,6,3,Rumpf
EX000451,Kettlebell Clean aus dem Hang,FULL_BODY,Ganzkörper,primary,5,1,5,Ganzkörper
EX000451,Kettlebell Clean aus dem Hang,GLUTES,Gesässmuskulatur,secondary,3,1,5,Unterkörper
EX000451,Kettlebell Clean aus dem Hang,HAMSTRINGS,Hintere Oberschenkelmuskulatur,secondary,3,2,4,Unterkörper
EX000451,Kettlebell Clean aus dem Hang,TRAPS,Trapezmuskel,secondary,3,3,3,Oberkörper
EX000451,Kettlebell Clean aus dem Hang,BICEPS,Bizeps,secondary,2,4,2,Oberkörper
EX000451,Kettlebell Clean aus dem Hang,FOREARMS,Unterarmmuskulatur,secondary,2,5,2,Oberkörper
EX000451,Kettlebell Clean aus dem Hang,OBLIQUES,Seitliche Bauchmuskulatur,secondary,2,6,3,Rumpf
EX000452,"Kettlebell Clean, einarmig",FULL_BODY,Ganzkörper,primary,5,1,5,Ganzkörper
EX000452,"Kettlebell Clean, einarmig",GLUTES,Gesässmuskulatur,secondary,3,1,5,Unterkörper
EX000452,"Kettlebell Clean, einarmig",HAMSTRINGS,Hintere Oberschenkelmuskulatur,secondary,3,2,4,Unterkörper
EX000452,"Kettlebell Clean, einarmig",QUADS,Quadrizeps,secondary,3,3,5,Unterkörper
EX000452,"Kettlebell Clean, einarmig",TRAPS,Trapezmuskel,secondary,2,4,3,Oberkörper
EX000452,"Kettlebell Clean, einarmig",BICEPS,Bizeps,secondary,2,5,2,Oberkörper
EX000452,"Kettlebell Clean, einarmig",FOREARMS,Unterarmmuskulatur,secondary,2,6,2,Oberkörper
EX000452,"Kettlebell Clean, einarmig",OBLIQUES,Seitliche Bauchmuskulatur,secondary,2,7,3,Rumpf
EX000453,Kettlebell Dead-Stop Swing,GLUTES,Gesässmuskulatur,primary,5,1,5,Unterkörper
EX000453,Kettlebell Dead-Stop Swing,HAMSTRINGS,Hintere Oberschenkelmuskulatur,secondary,3,1,4,Unterkörper
EX000453,Kettlebell Dead-Stop Swing,ERECTORS,Rückenstrecker,secondary,3,2,4,Rumpf
EX000453,Kettlebell Dead-Stop Swing,LATS,Latissimus,secondary,3,3,4,Oberkörper
EX000453,Kettlebell Dead-Stop Swing,ABS,Gerade Bauchmuskulatur,secondary,2,4,3,Rumpf
EX000454,Kettlebell Half Snatch,FULL_BODY,Ganzkörper,primary,5,1,5,Ganzkörper
EX000454,Kettlebell Half Snatch,GLUTES,Gesässmuskulatur,secondary,3,1,5,Unterkörper
EX000454,Kettlebell Half Snatch,HAMSTRINGS,Hintere Oberschenkelmuskulatur,secondary,3,2,4,Unterkörper
EX000454,Kettlebell Half Snatch,TRAPS,Trapezmuskel,secondary,3,3,3,Oberkörper
EX000454,Kettlebell Half Snatch,FRONT_DELTS,Vordere Schulter,secondary,2,4,2,Oberkörper
EX000454,Kettlebell Half Snatch,TRICEPS,Trizeps,secondary,2,5,3,Oberkörper
EX000454,Kettlebell Half Snatch,FOREARMS,Unterarmmuskulatur,secondary,2,6,2,Oberkörper
EX000455,"Kettlebell High Pull, beidhändig",GLUTES,Gesässmuskulatur,primary,5,1,5,Unterkörper
EX000455,"Kettlebell High Pull, beidhändig",HAMSTRINGS,Hintere Oberschenkelmuskulatur,secondary,3,1,4,Unterkörper
EX000455,"Kettlebell High Pull, beidhändig",TRAPS,Trapezmuskel,secondary,3,2,3,Oberkörper
EX000455,"Kettlebell High Pull, beidhändig",REAR_DELTS,Hintere Schulter,secondary,3,3,2,Oberkörper
EX000455,"Kettlebell High Pull, beidhändig",BICEPS,Bizeps,secondary,2,4,2,Oberkörper
EX000456,"Kettlebell High Pull, einarmig",GLUTES,Gesässmuskulatur,primary,5,1,5,Unterkörper
EX000456,"Kettlebell High Pull, einarmig",HAMSTRINGS,Hintere Oberschenkelmuskulatur,secondary,3,1,4,Unterkörper
EX000456,"Kettlebell High Pull, einarmig",TRAPS,Trapezmuskel,secondary,3,2,3,Oberkörper
EX000456,"Kettlebell High Pull, einarmig",REAR_DELTS,Hintere Schulter,secondary,3,3,2,Oberkörper
EX000456,"Kettlebell High Pull, einarmig",BICEPS,Bizeps,secondary,2,4,2,Oberkörper
EX000456,"Kettlebell High Pull, einarmig",OBLIQUES,Seitliche Bauchmuskulatur,secondary,2,5,3,Rumpf
EX000457,"Kettlebell Jerk, einarmig",FULL_BODY,Ganzkörper,primary,5,1,5,Ganzkörper
EX000457,"Kettlebell Jerk, einarmig",FRONT_DELTS,Vordere Schulter,secondary,3,1,2,Oberkörper
EX000457,"Kettlebell Jerk, einarmig",TRICEPS,Trizeps,secondary,3,2,3,Oberkörper
EX000457,"Kettlebell Jerk, einarmig",QUADS,Quadrizeps,secondary,3,3,5,Unterkörper
EX000457,"Kettlebell Jerk, einarmig",GLUTES,Gesässmuskulatur,secondary,2,4,5,Unterkörper
EX000457,"Kettlebell Jerk, einarmig",TRAPS,Trapezmuskel,secondary,2,5,3,Oberkörper
EX000457,"Kettlebell Jerk, einarmig",OBLIQUES,Seitliche Bauchmuskulatur,secondary,2,6,3,Rumpf
EX000458,"Kettlebell Push Press, einarmig",FRONT_DELTS,Vordere Schulter,primary,5,1,2,Oberkörper
EX000458,"Kettlebell Push Press, einarmig",TRICEPS,Trizeps,secondary,3,1,3,Oberkörper
EX000458,"Kettlebell Push Press, einarmig",QUADS,Quadrizeps,secondary,3,2,5,Unterkörper
EX000458,"Kettlebell Push Press, einarmig",GLUTES,Gesässmuskulatur,secondary,3,3,5,Unterkörper
EX000458,"Kettlebell Push Press, einarmig",TRAPS,Trapezmuskel,secondary,2,4,3,Oberkörper
EX000458,"Kettlebell Push Press, einarmig",OBLIQUES,Seitliche Bauchmuskulatur,secondary,2,5,3,Rumpf
EX000459,"Kettlebell Snatch, einarmig",FULL_BODY,Ganzkörper,primary,5,1,5,Ganzkörper
EX000459,"Kettlebell Snatch, einarmig",GLUTES,Gesässmuskulatur,secondary,3,1,5,Unterkörper
EX000459,"Kettlebell Snatch, einarmig",HAMSTRINGS,Hintere Oberschenkelmuskulatur,secondary,3,2,4,Unterkörper
EX000459,"Kettlebell Snatch, einarmig",TRAPS,Trapezmuskel,secondary,3,3,3,Oberkörper
EX000459,"Kettlebell Snatch, einarmig",FRONT_DELTS,Vordere Schulter,secondary,2,4,2,Oberkörper
EX000459,"Kettlebell Snatch, einarmig",TRICEPS,Trizeps,secondary,2,5,3,Oberkörper
EX000459,"Kettlebell Snatch, einarmig",FOREARMS,Unterarmmuskulatur,secondary,2,6,2,Oberkörper
EX000459,"Kettlebell Snatch, einarmig",OBLIQUES,Seitliche Bauchmuskulatur,secondary,2,7,3,Rumpf
EX000460,"Kettlebell Swing, beidhändig",GLUTES,Gesässmuskulatur,primary,5,1,5,Unterkörper
EX000460,"Kettlebell Swing, beidhändig",HAMSTRINGS,Hintere Oberschenkelmuskulatur,secondary,3,1,4,Unterkörper
EX000460,"Kettlebell Swing, beidhändig",ERECTORS,Rückenstrecker,secondary,3,2,4,Rumpf
EX000460,"Kettlebell Swing, beidhändig",ABS,Gerade Bauchmuskulatur,secondary,3,3,3,Rumpf
EX000460,"Kettlebell Swing, beidhändig",LATS,Latissimus,secondary,2,4,4,Oberkörper
EX000460,"Kettlebell Swing, beidhändig",FOREARMS,Unterarmmuskulatur,secondary,2,5,2,Oberkörper
EX000461,"Kettlebell Swing, einhändig",GLUTES,Gesässmuskulatur,primary,5,1,5,Unterkörper
EX000461,"Kettlebell Swing, einhändig",HAMSTRINGS,Hintere Oberschenkelmuskulatur,secondary,3,1,4,Unterkörper
EX000461,"Kettlebell Swing, einhändig",ERECTORS,Rückenstrecker,secondary,3,2,4,Rumpf
EX000461,"Kettlebell Swing, einhändig",OBLIQUES,Seitliche Bauchmuskulatur,secondary,3,3,3,Rumpf
EX000461,"Kettlebell Swing, einhändig",LATS,Latissimus,secondary,2,4,4,Oberkörper
EX000461,"Kettlebell Swing, einhändig",FOREARMS,Unterarmmuskulatur,secondary,2,5,2,Oberkörper
EX000462,"Kettlebell Thruster, einarmig",FULL_BODY,Ganzkörper,primary,5,1,5,Ganzkörper
EX000462,"Kettlebell Thruster, einarmig",QUADS,Quadrizeps,secondary,3,1,5,Unterkörper
EX000462,"Kettlebell Thruster, einarmig",GLUTES,Gesässmuskulatur,secondary,3,2,5,Unterkörper
EX000462,"Kettlebell Thruster, einarmig",FRONT_DELTS,Vordere Schulter,secondary,3,3,2,Oberkörper
EX000462,"Kettlebell Thruster, einarmig",TRICEPS,Trizeps,secondary,2,4,3,Oberkörper
EX000462,"Kettlebell Thruster, einarmig",ABS,Gerade Bauchmuskulatur,secondary,2,5,3,Rumpf
EX000462,"Kettlebell Thruster, einarmig",OBLIQUES,Seitliche Bauchmuskulatur,secondary,2,6,3,Rumpf
EX000463,Kettlebell Windmill,OBLIQUES,Seitliche Bauchmuskulatur,primary,5,1,3,Rumpf
EX000463,Kettlebell Windmill,GLUTES,Gesässmuskulatur,secondary,3,1,5,Unterkörper
EX000463,Kettlebell Windmill,HAMSTRINGS,Hintere Oberschenkelmuskulatur,secondary,3,2,4,Unterkörper
EX000463,Kettlebell Windmill,TRAPS,Trapezmuskel,secondary,3,3,3,Oberkörper
EX000463,Kettlebell Windmill,ROTATOR_CUFF,Rotatorenmanschette,secondary,2,4,1,Oberkörper
EX000463,Kettlebell Windmill,DEEP_CORE,Tiefe Rumpfmuskulatur,secondary,2,5,2,Rumpf
EX000464,Turkish Get-up,FULL_BODY,Ganzkörper,primary,5,1,5,Ganzkörper
EX000464,Turkish Get-up,OBLIQUES,Seitliche Bauchmuskulatur,secondary,3,1,3,Rumpf
EX000464,Turkish Get-up,DEEP_CORE,Tiefe Rumpfmuskulatur,secondary,3,2,2,Rumpf
EX000464,Turkish Get-up,GLUTES,Gesässmuskulatur,secondary,3,3,5,Unterkörper
EX000464,Turkish Get-up,QUADS,Quadrizeps,secondary,2,4,5,Unterkörper
EX000464,Turkish Get-up,TRAPS,Trapezmuskel,secondary,2,5,3,Oberkörper
EX000464,Turkish Get-up,ROTATOR_CUFF,Rotatorenmanschette,secondary,2,6,1,Oberkörper
EX000464,Turkish Get-up,TRICEPS,Trizeps,secondary,2,7,3,Oberkörper
EX000465,Devil Press mit Kurzhanteln,FULL_BODY,Ganzkörper,primary,5,1,5,Ganzkörper
EX000465,Devil Press mit Kurzhanteln,CHEST,Brustmuskulatur,secondary,3,1,4,Oberkörper
EX000465,Devil Press mit Kurzhanteln,TRICEPS,Trizeps,secondary,3,2,3,Oberkörper
EX000465,Devil Press mit Kurzhanteln,GLUTES,Gesässmuskulatur,secondary,3,3,5,Unterkörper
EX000465,Devil Press mit Kurzhanteln,HAMSTRINGS,Hintere Oberschenkelmuskulatur,secondary,2,4,4,Unterkörper
EX000465,Devil Press mit Kurzhanteln,FRONT_DELTS,Vordere Schulter,secondary,2,5,2,Oberkörper
EX000465,Devil Press mit Kurzhanteln,ABS,Gerade Bauchmuskulatur,secondary,2,6,3,Rumpf
EX000466,Doppel-Kurzhantel-Snatch,FULL_BODY,Ganzkörper,primary,5,1,5,Ganzkörper
EX000466,Doppel-Kurzhantel-Snatch,GLUTES,Gesässmuskulatur,secondary,3,1,5,Unterkörper
EX000466,Doppel-Kurzhantel-Snatch,HAMSTRINGS,Hintere Oberschenkelmuskulatur,secondary,3,2,4,Unterkörper
EX000466,Doppel-Kurzhantel-Snatch,QUADS,Quadrizeps,secondary,3,3,5,Unterkörper
EX000466,Doppel-Kurzhantel-Snatch,TRAPS,Trapezmuskel,secondary,2,4,3,Oberkörper
EX000466,Doppel-Kurzhantel-Snatch,FRONT_DELTS,Vordere Schulter,secondary,2,5,2,Oberkörper
EX000466,Doppel-Kurzhantel-Snatch,TRICEPS,Trizeps,secondary,2,6,3,Oberkörper
EX000466,Doppel-Kurzhantel-Snatch,ABS,Gerade Bauchmuskulatur,secondary,2,7,3,Rumpf
EX000467,"Kurzhantel-Clean and Press, beidarmig",FULL_BODY,Ganzkörper,primary,5,1,5,Ganzkörper
EX000467,"Kurzhantel-Clean and Press, beidarmig",GLUTES,Gesässmuskulatur,secondary,3,1,5,Unterkörper
EX000467,"Kurzhantel-Clean and Press, beidarmig",QUADS,Quadrizeps,secondary,3,2,5,Unterkörper
EX000467,"Kurzhantel-Clean and Press, beidarmig",TRAPS,Trapezmuskel,secondary,3,3,3,Oberkörper
EX000467,"Kurzhantel-Clean and Press, beidarmig",FRONT_DELTS,Vordere Schulter,secondary,2,4,2,Oberkörper
EX000467,"Kurzhantel-Clean and Press, beidarmig",TRICEPS,Trizeps,secondary,2,5,3,Oberkörper
EX000467,"Kurzhantel-Clean and Press, beidarmig",ABS,Gerade Bauchmuskulatur,secondary,2,6,3,Rumpf
EX000468,"Kurzhantel-Clean and Press, einarmig",FULL_BODY,Ganzkörper,primary,5,1,5,Ganzkörper
EX000468,"Kurzhantel-Clean and Press, einarmig",GLUTES,Gesässmuskulatur,secondary,3,1,5,Unterkörper
EX000468,"Kurzhantel-Clean and Press, einarmig",HAMSTRINGS,Hintere Oberschenkelmuskulatur,secondary,3,2,4,Unterkörper
EX000468,"Kurzhantel-Clean and Press, einarmig",QUADS,Quadrizeps,secondary,3,3,5,Unterkörper
EX000468,"Kurzhantel-Clean and Press, einarmig",TRAPS,Trapezmuskel,secondary,2,4,3,Oberkörper
EX000468,"Kurzhantel-Clean and Press, einarmig",FRONT_DELTS,Vordere Schulter,secondary,2,5,2,Oberkörper
EX000468,"Kurzhantel-Clean and Press, einarmig",TRICEPS,Trizeps,secondary,2,6,3,Oberkörper
EX000468,"Kurzhantel-Clean and Press, einarmig",OBLIQUES,Seitliche Bauchmuskulatur,secondary,2,7,3,Rumpf
EX000469,Kurzhantel-Hang-Snatch,FULL_BODY,Ganzkörper,primary,5,1,5,Ganzkörper
EX000469,Kurzhantel-Hang-Snatch,GLUTES,Gesässmuskulatur,secondary,3,1,5,Unterkörper
EX000469,Kurzhantel-Hang-Snatch,HAMSTRINGS,Hintere Oberschenkelmuskulatur,secondary,3,2,4,Unterkörper
EX000469,Kurzhantel-Hang-Snatch,TRAPS,Trapezmuskel,secondary,3,3,3,Oberkörper
EX000469,Kurzhantel-Hang-Snatch,FRONT_DELTS,Vordere Schulter,secondary,2,4,2,Oberkörper
EX000469,Kurzhantel-Hang-Snatch,TRICEPS,Trizeps,secondary,2,5,3,Oberkörper
EX000469,Kurzhantel-Hang-Snatch,OBLIQUES,Seitliche Bauchmuskulatur,secondary,2,6,3,Rumpf
EX000470,"Kurzhantel-Power-Clean, beidarmig",FULL_BODY,Ganzkörper,primary,5,1,5,Ganzkörper
EX000470,"Kurzhantel-Power-Clean, beidarmig",GLUTES,Gesässmuskulatur,secondary,3,1,5,Unterkörper
EX000470,"Kurzhantel-Power-Clean, beidarmig",HAMSTRINGS,Hintere Oberschenkelmuskulatur,secondary,3,2,4,Unterkörper
EX000470,"Kurzhantel-Power-Clean, beidarmig",QUADS,Quadrizeps,secondary,3,3,5,Unterkörper
EX000470,"Kurzhantel-Power-Clean, beidarmig",TRAPS,Trapezmuskel,secondary,2,4,3,Oberkörper
EX000470,"Kurzhantel-Power-Clean, beidarmig",BICEPS,Bizeps,secondary,2,5,2,Oberkörper
EX000470,"Kurzhantel-Power-Clean, beidarmig",FOREARMS,Unterarmmuskulatur,secondary,2,6,2,Oberkörper
EX000470,"Kurzhantel-Power-Clean, beidarmig",ABS,Gerade Bauchmuskulatur,secondary,2,7,3,Rumpf
EX000471,"Kurzhantel-Power-Clean, einarmig",FULL_BODY,Ganzkörper,primary,5,1,5,Ganzkörper
EX000471,"Kurzhantel-Power-Clean, einarmig",GLUTES,Gesässmuskulatur,secondary,3,1,5,Unterkörper
EX000471,"Kurzhantel-Power-Clean, einarmig",HAMSTRINGS,Hintere Oberschenkelmuskulatur,secondary,3,2,4,Unterkörper
EX000471,"Kurzhantel-Power-Clean, einarmig",QUADS,Quadrizeps,secondary,3,3,5,Unterkörper
EX000471,"Kurzhantel-Power-Clean, einarmig",TRAPS,Trapezmuskel,secondary,2,4,3,Oberkörper
EX000471,"Kurzhantel-Power-Clean, einarmig",BICEPS,Bizeps,secondary,2,5,2,Oberkörper
EX000471,"Kurzhantel-Power-Clean, einarmig",FOREARMS,Unterarmmuskulatur,secondary,2,6,2,Oberkörper
EX000471,"Kurzhantel-Power-Clean, einarmig",OBLIQUES,Seitliche Bauchmuskulatur,secondary,2,7,3,Rumpf
EX000472,"Kurzhantel-Push-Press, beidarmig",FRONT_DELTS,Vordere Schulter,primary,5,1,2,Oberkörper
EX000472,"Kurzhantel-Push-Press, beidarmig",TRICEPS,Trizeps,secondary,3,1,3,Oberkörper
EX000472,"Kurzhantel-Push-Press, beidarmig",QUADS,Quadrizeps,secondary,3,2,5,Unterkörper
EX000472,"Kurzhantel-Push-Press, beidarmig",GLUTES,Gesässmuskulatur,secondary,3,3,5,Unterkörper
EX000472,"Kurzhantel-Push-Press, beidarmig",TRAPS,Trapezmuskel,secondary,2,4,3,Oberkörper
EX000472,"Kurzhantel-Push-Press, beidarmig",ABS,Gerade Bauchmuskulatur,secondary,2,5,3,Rumpf
EX000473,"Kurzhantel-Push-Press, einarmig",FRONT_DELTS,Vordere Schulter,primary,5,1,2,Oberkörper
EX000473,"Kurzhantel-Push-Press, einarmig",TRICEPS,Trizeps,secondary,3,1,3,Oberkörper
EX000473,"Kurzhantel-Push-Press, einarmig",QUADS,Quadrizeps,secondary,3,2,5,Unterkörper
EX000473,"Kurzhantel-Push-Press, einarmig",GLUTES,Gesässmuskulatur,secondary,3,3,5,Unterkörper
EX000473,"Kurzhantel-Push-Press, einarmig",TRAPS,Trapezmuskel,secondary,2,4,3,Oberkörper
EX000473,"Kurzhantel-Push-Press, einarmig",OBLIQUES,Seitliche Bauchmuskulatur,secondary,2,5,3,Rumpf
EX000474,Kurzhantel-Snatch vom Boden,FULL_BODY,Ganzkörper,primary,5,1,5,Ganzkörper
EX000474,Kurzhantel-Snatch vom Boden,GLUTES,Gesässmuskulatur,secondary,3,1,5,Unterkörper
EX000474,Kurzhantel-Snatch vom Boden,HAMSTRINGS,Hintere Oberschenkelmuskulatur,secondary,3,2,4,Unterkörper
EX000474,Kurzhantel-Snatch vom Boden,QUADS,Quadrizeps,secondary,3,3,5,Unterkörper
EX000474,Kurzhantel-Snatch vom Boden,TRAPS,Trapezmuskel,secondary,2,4,3,Oberkörper
EX000474,Kurzhantel-Snatch vom Boden,FRONT_DELTS,Vordere Schulter,secondary,2,5,2,Oberkörper
EX000474,Kurzhantel-Snatch vom Boden,TRICEPS,Trizeps,secondary,2,6,3,Oberkörper
EX000474,Kurzhantel-Snatch vom Boden,OBLIQUES,Seitliche Bauchmuskulatur,secondary,2,7,3,Rumpf
EX000475,"Kurzhantel-Thruster, beidarmig",FULL_BODY,Ganzkörper,primary,5,1,5,Ganzkörper
EX000475,"Kurzhantel-Thruster, beidarmig",QUADS,Quadrizeps,secondary,3,1,5,Unterkörper
EX000475,"Kurzhantel-Thruster, beidarmig",GLUTES,Gesässmuskulatur,secondary,3,2,5,Unterkörper
EX000475,"Kurzhantel-Thruster, beidarmig",FRONT_DELTS,Vordere Schulter,secondary,3,3,2,Oberkörper
EX000475,"Kurzhantel-Thruster, beidarmig",TRICEPS,Trizeps,secondary,2,4,3,Oberkörper
EX000475,"Kurzhantel-Thruster, beidarmig",ABS,Gerade Bauchmuskulatur,secondary,2,5,3,Rumpf
EX000476,"Kurzhantel-Thruster, einarmig",FULL_BODY,Ganzkörper,primary,5,1,5,Ganzkörper
EX000476,"Kurzhantel-Thruster, einarmig",QUADS,Quadrizeps,secondary,3,1,5,Unterkörper
EX000476,"Kurzhantel-Thruster, einarmig",GLUTES,Gesässmuskulatur,secondary,3,2,5,Unterkörper
EX000476,"Kurzhantel-Thruster, einarmig",FRONT_DELTS,Vordere Schulter,secondary,3,3,2,Oberkörper
EX000476,"Kurzhantel-Thruster, einarmig",TRICEPS,Trizeps,secondary,2,4,3,Oberkörper
EX000476,"Kurzhantel-Thruster, einarmig",OBLIQUES,Seitliche Bauchmuskulatur,secondary,2,5,3,Rumpf
EX000477,Man Maker mit Kurzhanteln,FULL_BODY,Ganzkörper,primary,5,1,5,Ganzkörper
EX000477,Man Maker mit Kurzhanteln,CHEST,Brustmuskulatur,secondary,3,1,4,Oberkörper
EX000477,Man Maker mit Kurzhanteln,LATS,Latissimus,secondary,3,2,4,Oberkörper
EX000477,Man Maker mit Kurzhanteln,TRICEPS,Trizeps,secondary,3,3,3,Oberkörper
EX000477,Man Maker mit Kurzhanteln,QUADS,Quadrizeps,secondary,2,4,5,Unterkörper
EX000477,Man Maker mit Kurzhanteln,GLUTES,Gesässmuskulatur,secondary,2,5,5,Unterkörper
EX000477,Man Maker mit Kurzhanteln,ABS,Gerade Bauchmuskulatur,secondary,2,6,3,Rumpf
EX000478,Medizinball-Clean,FULL_BODY,Ganzkörper,primary,5,1,5,Ganzkörper
EX000478,Medizinball-Clean,GLUTES,Gesässmuskulatur,secondary,3,1,5,Unterkörper
EX000478,Medizinball-Clean,HAMSTRINGS,Hintere Oberschenkelmuskulatur,secondary,3,2,4,Unterkörper
EX000478,Medizinball-Clean,QUADS,Quadrizeps,secondary,3,3,5,Unterkörper
EX000478,Medizinball-Clean,BICEPS,Bizeps,secondary,2,4,2,Oberkörper
EX000478,Medizinball-Clean,FRONT_DELTS,Vordere Schulter,secondary,2,5,2,Oberkörper
EX000479,Sandsack vom Boden in den Bear Hug,FULL_BODY,Ganzkörper,primary,5,1,5,Ganzkörper
EX000479,Sandsack vom Boden in den Bear Hug,GLUTES,Gesässmuskulatur,secondary,3,1,5,Unterkörper
EX000479,Sandsack vom Boden in den Bear Hug,HAMSTRINGS,Hintere Oberschenkelmuskulatur,secondary,3,2,4,Unterkörper
EX000479,Sandsack vom Boden in den Bear Hug,ERECTORS,Rückenstrecker,secondary,3,3,4,Rumpf
EX000479,Sandsack vom Boden in den Bear Hug,BICEPS,Bizeps,secondary,2,4,2,Oberkörper
EX000479,Sandsack vom Boden in den Bear Hug,QUADS,Quadrizeps,secondary,2,5,5,Unterkörper
EX000480,Sandsack über die Stange heben,FULL_BODY,Ganzkörper,primary,5,1,5,Ganzkörper
EX000480,Sandsack über die Stange heben,GLUTES,Gesässmuskulatur,secondary,3,1,5,Unterkörper
EX000480,Sandsack über die Stange heben,HAMSTRINGS,Hintere Oberschenkelmuskulatur,secondary,3,2,4,Unterkörper
EX000480,Sandsack über die Stange heben,ERECTORS,Rückenstrecker,secondary,3,3,4,Rumpf
EX000480,Sandsack über die Stange heben,BICEPS,Bizeps,secondary,2,4,2,Oberkörper
EX000480,Sandsack über die Stange heben,TRAPS,Trapezmuskel,secondary,2,5,3,Oberkörper
EX000481,Sandsack-Clean,FULL_BODY,Ganzkörper,primary,5,1,5,Ganzkörper
EX000481,Sandsack-Clean,GLUTES,Gesässmuskulatur,secondary,3,1,5,Unterkörper
EX000481,Sandsack-Clean,HAMSTRINGS,Hintere Oberschenkelmuskulatur,secondary,3,2,4,Unterkörper
EX000481,Sandsack-Clean,QUADS,Quadrizeps,secondary,3,3,5,Unterkörper
EX000481,Sandsack-Clean,ERECTORS,Rückenstrecker,secondary,2,4,4,Rumpf
EX000481,Sandsack-Clean,BICEPS,Bizeps,secondary,2,5,2,Oberkörper
EX000481,Sandsack-Clean,TRAPS,Trapezmuskel,secondary,2,6,3,Oberkörper
EX000482,Sandsack-Clean and Press,FULL_BODY,Ganzkörper,primary,5,1,5,Ganzkörper
EX000482,Sandsack-Clean and Press,GLUTES,Gesässmuskulatur,secondary,3,1,5,Unterkörper
EX000482,Sandsack-Clean and Press,QUADS,Quadrizeps,secondary,3,2,5,Unterkörper
EX000482,Sandsack-Clean and Press,ERECTORS,Rückenstrecker,secondary,3,3,4,Rumpf
EX000482,Sandsack-Clean and Press,BICEPS,Bizeps,secondary,2,4,2,Oberkörper
EX000482,Sandsack-Clean and Press,FRONT_DELTS,Vordere Schulter,secondary,2,5,2,Oberkörper
EX000482,Sandsack-Clean and Press,TRICEPS,Trizeps,secondary,2,6,3,Oberkörper
EX000483,Sandsack-Clean auf die Schulter,FULL_BODY,Ganzkörper,primary,5,1,5,Ganzkörper
EX000483,Sandsack-Clean auf die Schulter,GLUTES,Gesässmuskulatur,secondary,3,1,5,Unterkörper
EX000483,Sandsack-Clean auf die Schulter,HAMSTRINGS,Hintere Oberschenkelmuskulatur,secondary,3,2,4,Unterkörper
EX000483,Sandsack-Clean auf die Schulter,QUADS,Quadrizeps,secondary,3,3,5,Unterkörper
EX000483,Sandsack-Clean auf die Schulter,ERECTORS,Rückenstrecker,secondary,2,4,4,Rumpf
EX000483,Sandsack-Clean auf die Schulter,BICEPS,Bizeps,secondary,2,5,2,Oberkörper
EX000483,Sandsack-Clean auf die Schulter,TRAPS,Trapezmuskel,secondary,2,6,3,Oberkörper
EX000483,Sandsack-Clean auf die Schulter,OBLIQUES,Seitliche Bauchmuskulatur,secondary,2,7,3,Rumpf
EX000484,Sandsack-Shouldering alternierend,FULL_BODY,Ganzkörper,primary,5,1,5,Ganzkörper
EX000484,Sandsack-Shouldering alternierend,GLUTES,Gesässmuskulatur,secondary,3,1,5,Unterkörper
EX000484,Sandsack-Shouldering alternierend,HAMSTRINGS,Hintere Oberschenkelmuskulatur,secondary,3,2,4,Unterkörper
EX000484,Sandsack-Shouldering alternierend,ERECTORS,Rückenstrecker,secondary,3,3,4,Rumpf
EX000484,Sandsack-Shouldering alternierend,BICEPS,Bizeps,secondary,2,4,2,Oberkörper
EX000484,Sandsack-Shouldering alternierend,TRAPS,Trapezmuskel,secondary,2,5,3,Oberkörper
EX000484,Sandsack-Shouldering alternierend,OBLIQUES,Seitliche Bauchmuskulatur,secondary,2,6,3,Rumpf
EX000485,Clean and Jerk,FULL_BODY,Ganzkörper,primary,5,1,5,Ganzkörper
EX000485,Clean and Jerk,QUADS,Quadrizeps,secondary,3,1,5,Unterkörper
EX000485,Clean and Jerk,GLUTES,Gesässmuskulatur,secondary,3,2,5,Unterkörper
EX000485,Clean and Jerk,HAMSTRINGS,Hintere Oberschenkelmuskulatur,secondary,3,3,4,Unterkörper
EX000485,Clean and Jerk,ERECTORS,Rückenstrecker,secondary,2,4,4,Rumpf
EX000485,Clean and Jerk,TRAPS,Trapezmuskel,secondary,2,5,3,Oberkörper
EX000485,Clean and Jerk,FRONT_DELTS,Vordere Schulter,secondary,2,6,2,Oberkörper
EX000485,Clean and Jerk,TRICEPS,Trizeps,secondary,2,7,3,Oberkörper
EX000485,Clean and Jerk,FOREARMS,Unterarmmuskulatur,secondary,2,8,2,Oberkörper
EX000485,Clean and Jerk,ABS,Gerade Bauchmuskulatur,secondary,2,9,3,Rumpf
EX000486,Clean and Push Jerk,FULL_BODY,Ganzkörper,primary,5,1,5,Ganzkörper
EX000486,Clean and Push Jerk,QUADS,Quadrizeps,secondary,3,1,5,Unterkörper
EX000486,Clean and Push Jerk,GLUTES,Gesässmuskulatur,secondary,3,2,5,Unterkörper
EX000486,Clean and Push Jerk,HAMSTRINGS,Hintere Oberschenkelmuskulatur,secondary,3,3,4,Unterkörper
EX000486,Clean and Push Jerk,ERECTORS,Rückenstrecker,secondary,2,4,4,Rumpf
EX000486,Clean and Push Jerk,TRAPS,Trapezmuskel,secondary,2,5,3,Oberkörper
EX000486,Clean and Push Jerk,FRONT_DELTS,Vordere Schulter,secondary,2,6,2,Oberkörper
EX000486,Clean and Push Jerk,TRICEPS,Trizeps,secondary,2,7,3,Oberkörper
EX000486,Clean and Push Jerk,FOREARMS,Unterarmmuskulatur,secondary,2,8,2,Oberkörper
EX000486,Clean and Push Jerk,ABS,Gerade Bauchmuskulatur,secondary,2,9,3,Rumpf
EX000487,Clean and Split Jerk,FULL_BODY,Ganzkörper,primary,5,1,5,Ganzkörper
EX000487,Clean and Split Jerk,QUADS,Quadrizeps,secondary,3,1,5,Unterkörper
EX000487,Clean and Split Jerk,GLUTES,Gesässmuskulatur,secondary,3,2,5,Unterkörper
EX000487,Clean and Split Jerk,HAMSTRINGS,Hintere Oberschenkelmuskulatur,secondary,3,3,4,Unterkörper
EX000487,Clean and Split Jerk,ERECTORS,Rückenstrecker,secondary,2,4,4,Rumpf
EX000487,Clean and Split Jerk,TRAPS,Trapezmuskel,secondary,2,5,3,Oberkörper
EX000487,Clean and Split Jerk,FRONT_DELTS,Vordere Schulter,secondary,2,6,2,Oberkörper
EX000487,Clean and Split Jerk,TRICEPS,Trizeps,secondary,2,7,3,Oberkörper
EX000487,Clean and Split Jerk,FOREARMS,Unterarmmuskulatur,secondary,2,8,2,Oberkörper
EX000487,Clean and Split Jerk,ABS,Gerade Bauchmuskulatur,secondary,2,9,3,Rumpf
EX000488,Clean aus dem Defizit,FULL_BODY,Ganzkörper,primary,5,1,5,Ganzkörper
EX000488,Clean aus dem Defizit,QUADS,Quadrizeps,secondary,3,1,5,Unterkörper
EX000488,Clean aus dem Defizit,GLUTES,Gesässmuskulatur,secondary,3,2,5,Unterkörper
EX000488,Clean aus dem Defizit,HAMSTRINGS,Hintere Oberschenkelmuskulatur,secondary,3,3,4,Unterkörper
EX000488,Clean aus dem Defizit,ERECTORS,Rückenstrecker,secondary,2,4,4,Rumpf
EX000488,Clean aus dem Defizit,TRAPS,Trapezmuskel,secondary,2,5,3,Oberkörper
EX000488,Clean aus dem Defizit,FRONT_DELTS,Vordere Schulter,secondary,2,6,2,Oberkörper
EX000488,Clean aus dem Defizit,TRICEPS,Trizeps,secondary,2,7,3,Oberkörper
EX000488,Clean aus dem Defizit,FOREARMS,Unterarmmuskulatur,secondary,2,8,2,Oberkörper
EX000488,Clean aus dem Defizit,ABS,Gerade Bauchmuskulatur,secondary,2,9,3,Rumpf
EX000489,Clean High Pull,FULL_BODY,Ganzkörper,primary,5,1,5,Ganzkörper
EX000489,Clean High Pull,QUADS,Quadrizeps,secondary,3,1,5,Unterkörper
EX000489,Clean High Pull,GLUTES,Gesässmuskulatur,secondary,3,2,5,Unterkörper
EX000489,Clean High Pull,HAMSTRINGS,Hintere Oberschenkelmuskulatur,secondary,3,3,4,Unterkörper
EX000489,Clean High Pull,ERECTORS,Rückenstrecker,secondary,2,4,4,Rumpf
EX000489,Clean High Pull,TRAPS,Trapezmuskel,secondary,2,5,3,Oberkörper
EX000489,Clean High Pull,FRONT_DELTS,Vordere Schulter,secondary,2,6,2,Oberkörper
EX000489,Clean High Pull,TRICEPS,Trizeps,secondary,2,7,3,Oberkörper
EX000489,Clean High Pull,FOREARMS,Unterarmmuskulatur,secondary,2,8,2,Oberkörper
EX000489,Clean High Pull,ABS,Gerade Bauchmuskulatur,secondary,2,9,3,Rumpf
EX000490,Clean Pull,FULL_BODY,Ganzkörper,primary,5,1,5,Ganzkörper
EX000490,Clean Pull,QUADS,Quadrizeps,secondary,3,1,5,Unterkörper
EX000490,Clean Pull,GLUTES,Gesässmuskulatur,secondary,3,2,5,Unterkörper
EX000490,Clean Pull,HAMSTRINGS,Hintere Oberschenkelmuskulatur,secondary,3,3,4,Unterkörper
EX000490,Clean Pull,ERECTORS,Rückenstrecker,secondary,2,4,4,Rumpf
EX000490,Clean Pull,TRAPS,Trapezmuskel,secondary,2,5,3,Oberkörper
EX000490,Clean Pull,FRONT_DELTS,Vordere Schulter,secondary,2,6,2,Oberkörper
EX000490,Clean Pull,TRICEPS,Trizeps,secondary,2,7,3,Oberkörper
EX000490,Clean Pull,FOREARMS,Unterarmmuskulatur,secondary,2,8,2,Oberkörper
EX000490,Clean Pull,ABS,Gerade Bauchmuskulatur,secondary,2,9,3,Rumpf
EX000491,Clean vom Boden,FULL_BODY,Ganzkörper,primary,5,1,5,Ganzkörper
EX000491,Clean vom Boden,QUADS,Quadrizeps,secondary,3,1,5,Unterkörper
EX000491,Clean vom Boden,GLUTES,Gesässmuskulatur,secondary,3,2,5,Unterkörper
EX000491,Clean vom Boden,HAMSTRINGS,Hintere Oberschenkelmuskulatur,secondary,3,3,4,Unterkörper
EX000491,Clean vom Boden,ERECTORS,Rückenstrecker,secondary,2,4,4,Rumpf
EX000491,Clean vom Boden,TRAPS,Trapezmuskel,secondary,2,5,3,Oberkörper
EX000491,Clean vom Boden,FRONT_DELTS,Vordere Schulter,secondary,2,6,2,Oberkörper
EX000491,Clean vom Boden,TRICEPS,Trizeps,secondary,2,7,3,Oberkörper
EX000491,Clean vom Boden,FOREARMS,Unterarmmuskulatur,secondary,2,8,2,Oberkörper
EX000491,Clean vom Boden,ABS,Gerade Bauchmuskulatur,secondary,2,9,3,Rumpf
EX000492,Clean von Blöcken,FULL_BODY,Ganzkörper,primary,5,1,5,Ganzkörper
EX000492,Clean von Blöcken,QUADS,Quadrizeps,secondary,3,1,5,Unterkörper
EX000492,Clean von Blöcken,GLUTES,Gesässmuskulatur,secondary,3,2,5,Unterkörper
EX000492,Clean von Blöcken,HAMSTRINGS,Hintere Oberschenkelmuskulatur,secondary,3,3,4,Unterkörper
EX000492,Clean von Blöcken,ERECTORS,Rückenstrecker,secondary,2,4,4,Rumpf
EX000492,Clean von Blöcken,TRAPS,Trapezmuskel,secondary,2,5,3,Oberkörper
EX000492,Clean von Blöcken,FRONT_DELTS,Vordere Schulter,secondary,2,6,2,Oberkörper
EX000492,Clean von Blöcken,TRICEPS,Trizeps,secondary,2,7,3,Oberkörper
EX000492,Clean von Blöcken,FOREARMS,Unterarmmuskulatur,secondary,2,8,2,Oberkörper
EX000492,Clean von Blöcken,ABS,Gerade Bauchmuskulatur,secondary,2,9,3,Rumpf
EX000493,"Clean-Komplex: Pull, Clean, Front Squat",FULL_BODY,Ganzkörper,primary,5,1,5,Ganzkörper
EX000493,"Clean-Komplex: Pull, Clean, Front Squat",QUADS,Quadrizeps,secondary,3,1,5,Unterkörper
EX000493,"Clean-Komplex: Pull, Clean, Front Squat",GLUTES,Gesässmuskulatur,secondary,3,2,5,Unterkörper
EX000493,"Clean-Komplex: Pull, Clean, Front Squat",HAMSTRINGS,Hintere Oberschenkelmuskulatur,secondary,3,3,4,Unterkörper
EX000493,"Clean-Komplex: Pull, Clean, Front Squat",ERECTORS,Rückenstrecker,secondary,2,4,4,Rumpf
EX000493,"Clean-Komplex: Pull, Clean, Front Squat",TRAPS,Trapezmuskel,secondary,2,5,3,Oberkörper
EX000493,"Clean-Komplex: Pull, Clean, Front Squat",FRONT_DELTS,Vordere Schulter,secondary,2,6,2,Oberkörper
EX000493,"Clean-Komplex: Pull, Clean, Front Squat",TRICEPS,Trizeps,secondary,2,7,3,Oberkörper
EX000493,"Clean-Komplex: Pull, Clean, Front Squat",FOREARMS,Unterarmmuskulatur,secondary,2,8,2,Oberkörper
EX000493,"Clean-Komplex: Pull, Clean, Front Squat",ABS,Gerade Bauchmuskulatur,secondary,2,9,3,Rumpf
EX000494,Drop Snatch,FULL_BODY,Ganzkörper,primary,5,1,5,Ganzkörper
EX000494,Drop Snatch,QUADS,Quadrizeps,secondary,3,1,5,Unterkörper
EX000494,Drop Snatch,GLUTES,Gesässmuskulatur,secondary,3,2,5,Unterkörper
EX000494,Drop Snatch,HAMSTRINGS,Hintere Oberschenkelmuskulatur,secondary,3,3,4,Unterkörper
EX000494,Drop Snatch,ERECTORS,Rückenstrecker,secondary,2,4,4,Rumpf
EX000494,Drop Snatch,TRAPS,Trapezmuskel,secondary,2,5,3,Oberkörper
EX000494,Drop Snatch,FRONT_DELTS,Vordere Schulter,secondary,2,6,2,Oberkörper
EX000494,Drop Snatch,TRICEPS,Trizeps,secondary,2,7,3,Oberkörper
EX000494,Drop Snatch,FOREARMS,Unterarmmuskulatur,secondary,2,8,2,Oberkörper
EX000494,Drop Snatch,ABS,Gerade Bauchmuskulatur,secondary,2,9,3,Rumpf
EX000495,Hang Clean,FULL_BODY,Ganzkörper,primary,5,1,5,Ganzkörper
EX000495,Hang Clean,QUADS,Quadrizeps,secondary,3,1,5,Unterkörper
EX000495,Hang Clean,GLUTES,Gesässmuskulatur,secondary,3,2,5,Unterkörper
EX000495,Hang Clean,HAMSTRINGS,Hintere Oberschenkelmuskulatur,secondary,3,3,4,Unterkörper
EX000495,Hang Clean,ERECTORS,Rückenstrecker,secondary,2,4,4,Rumpf
EX000495,Hang Clean,TRAPS,Trapezmuskel,secondary,2,5,3,Oberkörper
EX000495,Hang Clean,FRONT_DELTS,Vordere Schulter,secondary,2,6,2,Oberkörper
EX000495,Hang Clean,TRICEPS,Trizeps,secondary,2,7,3,Oberkörper
EX000495,Hang Clean,FOREARMS,Unterarmmuskulatur,secondary,2,8,2,Oberkörper
EX000495,Hang Clean,ABS,Gerade Bauchmuskulatur,secondary,2,9,3,Rumpf
EX000496,Hang Power Clean,FULL_BODY,Ganzkörper,primary,5,1,5,Ganzkörper
EX000496,Hang Power Clean,QUADS,Quadrizeps,secondary,3,1,5,Unterkörper
EX000496,Hang Power Clean,GLUTES,Gesässmuskulatur,secondary,3,2,5,Unterkörper
EX000496,Hang Power Clean,HAMSTRINGS,Hintere Oberschenkelmuskulatur,secondary,3,3,4,Unterkörper
EX000496,Hang Power Clean,ERECTORS,Rückenstrecker,secondary,2,4,4,Rumpf
EX000496,Hang Power Clean,TRAPS,Trapezmuskel,secondary,2,5,3,Oberkörper
EX000496,Hang Power Clean,FRONT_DELTS,Vordere Schulter,secondary,2,6,2,Oberkörper
EX000496,Hang Power Clean,TRICEPS,Trizeps,secondary,2,7,3,Oberkörper
EX000496,Hang Power Clean,FOREARMS,Unterarmmuskulatur,secondary,2,8,2,Oberkörper
EX000496,Hang Power Clean,ABS,Gerade Bauchmuskulatur,secondary,2,9,3,Rumpf
EX000497,Hang Power Snatch,FULL_BODY,Ganzkörper,primary,5,1,5,Ganzkörper
EX000497,Hang Power Snatch,QUADS,Quadrizeps,secondary,3,1,5,Unterkörper
EX000497,Hang Power Snatch,GLUTES,Gesässmuskulatur,secondary,3,2,5,Unterkörper
EX000497,Hang Power Snatch,HAMSTRINGS,Hintere Oberschenkelmuskulatur,secondary,3,3,4,Unterkörper
EX000497,Hang Power Snatch,ERECTORS,Rückenstrecker,secondary,2,4,4,Rumpf
EX000497,Hang Power Snatch,TRAPS,Trapezmuskel,secondary,2,5,3,Oberkörper
EX000497,Hang Power Snatch,FRONT_DELTS,Vordere Schulter,secondary,2,6,2,Oberkörper
EX000497,Hang Power Snatch,TRICEPS,Trizeps,secondary,2,7,3,Oberkörper
EX000497,Hang Power Snatch,FOREARMS,Unterarmmuskulatur,secondary,2,8,2,Oberkörper
EX000497,Hang Power Snatch,ABS,Gerade Bauchmuskulatur,secondary,2,9,3,Rumpf
EX000498,Hang Snatch,FULL_BODY,Ganzkörper,primary,5,1,5,Ganzkörper
EX000498,Hang Snatch,QUADS,Quadrizeps,secondary,3,1,5,Unterkörper
EX000498,Hang Snatch,GLUTES,Gesässmuskulatur,secondary,3,2,5,Unterkörper
EX000498,Hang Snatch,HAMSTRINGS,Hintere Oberschenkelmuskulatur,secondary,3,3,4,Unterkörper
EX000498,Hang Snatch,ERECTORS,Rückenstrecker,secondary,2,4,4,Rumpf
EX000498,Hang Snatch,TRAPS,Trapezmuskel,secondary,2,5,3,Oberkörper
EX000498,Hang Snatch,FRONT_DELTS,Vordere Schulter,secondary,2,6,2,Oberkörper
EX000498,Hang Snatch,TRICEPS,Trizeps,secondary,2,7,3,Oberkörper
EX000498,Hang Snatch,FOREARMS,Unterarmmuskulatur,secondary,2,8,2,Oberkörper
EX000498,Hang Snatch,ABS,Gerade Bauchmuskulatur,secondary,2,9,3,Rumpf
EX000499,Jerk hinter dem Kopf,FULL_BODY,Ganzkörper,primary,5,1,5,Ganzkörper
EX000499,Jerk hinter dem Kopf,QUADS,Quadrizeps,secondary,3,1,5,Unterkörper
EX000499,Jerk hinter dem Kopf,GLUTES,Gesässmuskulatur,secondary,3,2,5,Unterkörper
EX000499,Jerk hinter dem Kopf,HAMSTRINGS,Hintere Oberschenkelmuskulatur,secondary,3,3,4,Unterkörper
EX000499,Jerk hinter dem Kopf,ERECTORS,Rückenstrecker,secondary,2,4,4,Rumpf
EX000499,Jerk hinter dem Kopf,TRAPS,Trapezmuskel,secondary,2,5,3,Oberkörper
EX000499,Jerk hinter dem Kopf,FRONT_DELTS,Vordere Schulter,secondary,2,6,2,Oberkörper
EX000499,Jerk hinter dem Kopf,TRICEPS,Trizeps,secondary,2,7,3,Oberkörper
EX000499,Jerk hinter dem Kopf,FOREARMS,Unterarmmuskulatur,secondary,2,8,2,Oberkörper
EX000499,Jerk hinter dem Kopf,ABS,Gerade Bauchmuskulatur,secondary,2,9,3,Rumpf
EX000500,Muscle Clean,FULL_BODY,Ganzkörper,primary,5,1,5,Ganzkörper
EX000500,Muscle Clean,QUADS,Quadrizeps,secondary,3,1,5,Unterkörper
EX000500,Muscle Clean,GLUTES,Gesässmuskulatur,secondary,3,2,5,Unterkörper
EX000500,Muscle Clean,HAMSTRINGS,Hintere Oberschenkelmuskulatur,secondary,3,3,4,Unterkörper
EX000500,Muscle Clean,ERECTORS,Rückenstrecker,secondary,2,4,4,Rumpf
EX000500,Muscle Clean,TRAPS,Trapezmuskel,secondary,2,5,3,Oberkörper
EX000500,Muscle Clean,FRONT_DELTS,Vordere Schulter,secondary,2,6,2,Oberkörper
EX000500,Muscle Clean,TRICEPS,Trizeps,secondary,2,7,3,Oberkörper
EX000500,Muscle Clean,FOREARMS,Unterarmmuskulatur,secondary,2,8,2,Oberkörper
EX000500,Muscle Clean,ABS,Gerade Bauchmuskulatur,secondary,2,9,3,Rumpf
EX000501,Muscle Snatch,FULL_BODY,Ganzkörper,primary,5,1,5,Ganzkörper
EX000501,Muscle Snatch,QUADS,Quadrizeps,secondary,3,1,5,Unterkörper
EX000501,Muscle Snatch,GLUTES,Gesässmuskulatur,secondary,3,2,5,Unterkörper
EX000501,Muscle Snatch,HAMSTRINGS,Hintere Oberschenkelmuskulatur,secondary,3,3,4,Unterkörper
EX000501,Muscle Snatch,ERECTORS,Rückenstrecker,secondary,2,4,4,Rumpf
EX000501,Muscle Snatch,TRAPS,Trapezmuskel,secondary,2,5,3,Oberkörper
EX000501,Muscle Snatch,FRONT_DELTS,Vordere Schulter,secondary,2,6,2,Oberkörper
EX000501,Muscle Snatch,TRICEPS,Trizeps,secondary,2,7,3,Oberkörper
EX000501,Muscle Snatch,FOREARMS,Unterarmmuskulatur,secondary,2,8,2,Oberkörper
EX000501,Muscle Snatch,ABS,Gerade Bauchmuskulatur,secondary,2,9,3,Rumpf
EX000502,Power Clean aus dem hohen Hang,FULL_BODY,Ganzkörper,primary,5,1,5,Ganzkörper
EX000502,Power Clean aus dem hohen Hang,QUADS,Quadrizeps,secondary,3,1,5,Unterkörper
EX000502,Power Clean aus dem hohen Hang,GLUTES,Gesässmuskulatur,secondary,3,2,5,Unterkörper
EX000502,Power Clean aus dem hohen Hang,HAMSTRINGS,Hintere Oberschenkelmuskulatur,secondary,3,3,4,Unterkörper
EX000502,Power Clean aus dem hohen Hang,ERECTORS,Rückenstrecker,secondary,2,4,4,Rumpf
EX000502,Power Clean aus dem hohen Hang,TRAPS,Trapezmuskel,secondary,2,5,3,Oberkörper
EX000502,Power Clean aus dem hohen Hang,FRONT_DELTS,Vordere Schulter,secondary,2,6,2,Oberkörper
EX000502,Power Clean aus dem hohen Hang,TRICEPS,Trizeps,secondary,2,7,3,Oberkörper
EX000502,Power Clean aus dem hohen Hang,FOREARMS,Unterarmmuskulatur,secondary,2,8,2,Oberkörper
EX000502,Power Clean aus dem hohen Hang,ABS,Gerade Bauchmuskulatur,secondary,2,9,3,Rumpf
EX000503,Power Clean aus dem tiefen Hang,FULL_BODY,Ganzkörper,primary,5,1,5,Ganzkörper
EX000503,Power Clean aus dem tiefen Hang,QUADS,Quadrizeps,secondary,3,1,5,Unterkörper
EX000503,Power Clean aus dem tiefen Hang,GLUTES,Gesässmuskulatur,secondary,3,2,5,Unterkörper
EX000503,Power Clean aus dem tiefen Hang,HAMSTRINGS,Hintere Oberschenkelmuskulatur,secondary,3,3,4,Unterkörper
EX000503,Power Clean aus dem tiefen Hang,ERECTORS,Rückenstrecker,secondary,2,4,4,Rumpf
EX000503,Power Clean aus dem tiefen Hang,TRAPS,Trapezmuskel,secondary,2,5,3,Oberkörper
EX000503,Power Clean aus dem tiefen Hang,FRONT_DELTS,Vordere Schulter,secondary,2,6,2,Oberkörper
EX000503,Power Clean aus dem tiefen Hang,TRICEPS,Trizeps,secondary,2,7,3,Oberkörper
EX000503,Power Clean aus dem tiefen Hang,FOREARMS,Unterarmmuskulatur,secondary,2,8,2,Oberkörper
EX000503,Power Clean aus dem tiefen Hang,ABS,Gerade Bauchmuskulatur,secondary,2,9,3,Rumpf
EX000504,Power Clean vom Boden,FULL_BODY,Ganzkörper,primary,5,1,5,Ganzkörper
EX000504,Power Clean vom Boden,QUADS,Quadrizeps,secondary,3,1,5,Unterkörper
EX000504,Power Clean vom Boden,GLUTES,Gesässmuskulatur,secondary,3,2,5,Unterkörper
EX000504,Power Clean vom Boden,HAMSTRINGS,Hintere Oberschenkelmuskulatur,secondary,3,3,4,Unterkörper
EX000504,Power Clean vom Boden,ERECTORS,Rückenstrecker,secondary,2,4,4,Rumpf
EX000504,Power Clean vom Boden,TRAPS,Trapezmuskel,secondary,2,5,3,Oberkörper
EX000504,Power Clean vom Boden,FRONT_DELTS,Vordere Schulter,secondary,2,6,2,Oberkörper
EX000504,Power Clean vom Boden,TRICEPS,Trizeps,secondary,2,7,3,Oberkörper
EX000504,Power Clean vom Boden,FOREARMS,Unterarmmuskulatur,secondary,2,8,2,Oberkörper
EX000504,Power Clean vom Boden,ABS,Gerade Bauchmuskulatur,secondary,2,9,3,Rumpf
EX000505,Power Clean von Blöcken,FULL_BODY,Ganzkörper,primary,5,1,5,Ganzkörper
EX000505,Power Clean von Blöcken,QUADS,Quadrizeps,secondary,3,1,5,Unterkörper
EX000505,Power Clean von Blöcken,GLUTES,Gesässmuskulatur,secondary,3,2,5,Unterkörper
EX000505,Power Clean von Blöcken,HAMSTRINGS,Hintere Oberschenkelmuskulatur,secondary,3,3,4,Unterkörper
EX000505,Power Clean von Blöcken,ERECTORS,Rückenstrecker,secondary,2,4,4,Rumpf
EX000505,Power Clean von Blöcken,TRAPS,Trapezmuskel,secondary,2,5,3,Oberkörper
EX000505,Power Clean von Blöcken,FRONT_DELTS,Vordere Schulter,secondary,2,6,2,Oberkörper
EX000505,Power Clean von Blöcken,TRICEPS,Trizeps,secondary,2,7,3,Oberkörper
EX000505,Power Clean von Blöcken,FOREARMS,Unterarmmuskulatur,secondary,2,8,2,Oberkörper
EX000505,Power Clean von Blöcken,ABS,Gerade Bauchmuskulatur,secondary,2,9,3,Rumpf
EX000506,Power Jerk aus dem Rack,FULL_BODY,Ganzkörper,primary,5,1,5,Ganzkörper
EX000506,Power Jerk aus dem Rack,QUADS,Quadrizeps,secondary,3,1,5,Unterkörper
EX000506,Power Jerk aus dem Rack,GLUTES,Gesässmuskulatur,secondary,3,2,5,Unterkörper
EX000506,Power Jerk aus dem Rack,HAMSTRINGS,Hintere Oberschenkelmuskulatur,secondary,3,3,4,Unterkörper
EX000506,Power Jerk aus dem Rack,ERECTORS,Rückenstrecker,secondary,2,4,4,Rumpf
EX000506,Power Jerk aus dem Rack,TRAPS,Trapezmuskel,secondary,2,5,3,Oberkörper
EX000506,Power Jerk aus dem Rack,FRONT_DELTS,Vordere Schulter,secondary,2,6,2,Oberkörper
EX000506,Power Jerk aus dem Rack,TRICEPS,Trizeps,secondary,2,7,3,Oberkörper
EX000506,Power Jerk aus dem Rack,FOREARMS,Unterarmmuskulatur,secondary,2,8,2,Oberkörper
EX000506,Power Jerk aus dem Rack,ABS,Gerade Bauchmuskulatur,secondary,2,9,3,Rumpf
EX000507,Power Snatch vom Boden,FULL_BODY,Ganzkörper,primary,5,1,5,Ganzkörper
EX000507,Power Snatch vom Boden,QUADS,Quadrizeps,secondary,3,1,5,Unterkörper
EX000507,Power Snatch vom Boden,GLUTES,Gesässmuskulatur,secondary,3,2,5,Unterkörper
EX000507,Power Snatch vom Boden,HAMSTRINGS,Hintere Oberschenkelmuskulatur,secondary,3,3,4,Unterkörper
EX000507,Power Snatch vom Boden,ERECTORS,Rückenstrecker,secondary,2,4,4,Rumpf
EX000507,Power Snatch vom Boden,TRAPS,Trapezmuskel,secondary,2,5,3,Oberkörper
EX000507,Power Snatch vom Boden,FRONT_DELTS,Vordere Schulter,secondary,2,6,2,Oberkörper
EX000507,Power Snatch vom Boden,TRICEPS,Trizeps,secondary,2,7,3,Oberkörper
EX000507,Power Snatch vom Boden,FOREARMS,Unterarmmuskulatur,secondary,2,8,2,Oberkörper
EX000507,Power Snatch vom Boden,ABS,Gerade Bauchmuskulatur,secondary,2,9,3,Rumpf
EX000508,Power Snatch von Blöcken,FULL_BODY,Ganzkörper,primary,5,1,5,Ganzkörper
EX000508,Power Snatch von Blöcken,QUADS,Quadrizeps,secondary,3,1,5,Unterkörper
EX000508,Power Snatch von Blöcken,GLUTES,Gesässmuskulatur,secondary,3,2,5,Unterkörper
EX000508,Power Snatch von Blöcken,HAMSTRINGS,Hintere Oberschenkelmuskulatur,secondary,3,3,4,Unterkörper
EX000508,Power Snatch von Blöcken,ERECTORS,Rückenstrecker,secondary,2,4,4,Rumpf
EX000508,Power Snatch von Blöcken,TRAPS,Trapezmuskel,secondary,2,5,3,Oberkörper
EX000508,Power Snatch von Blöcken,FRONT_DELTS,Vordere Schulter,secondary,2,6,2,Oberkörper
EX000508,Power Snatch von Blöcken,TRICEPS,Trizeps,secondary,2,7,3,Oberkörper
EX000508,Power Snatch von Blöcken,FOREARMS,Unterarmmuskulatur,secondary,2,8,2,Oberkörper
EX000508,Power Snatch von Blöcken,ABS,Gerade Bauchmuskulatur,secondary,2,9,3,Rumpf
EX000509,Push Jerk aus dem Rack,FULL_BODY,Ganzkörper,primary,5,1,5,Ganzkörper
EX000509,Push Jerk aus dem Rack,QUADS,Quadrizeps,secondary,3,1,5,Unterkörper
EX000509,Push Jerk aus dem Rack,GLUTES,Gesässmuskulatur,secondary,3,2,5,Unterkörper
EX000509,Push Jerk aus dem Rack,HAMSTRINGS,Hintere Oberschenkelmuskulatur,secondary,3,3,4,Unterkörper
EX000509,Push Jerk aus dem Rack,ERECTORS,Rückenstrecker,secondary,2,4,4,Rumpf
EX000509,Push Jerk aus dem Rack,TRAPS,Trapezmuskel,secondary,2,5,3,Oberkörper
EX000509,Push Jerk aus dem Rack,FRONT_DELTS,Vordere Schulter,secondary,2,6,2,Oberkörper
EX000509,Push Jerk aus dem Rack,TRICEPS,Trizeps,secondary,2,7,3,Oberkörper
EX000509,Push Jerk aus dem Rack,FOREARMS,Unterarmmuskulatur,secondary,2,8,2,Oberkörper
EX000509,Push Jerk aus dem Rack,ABS,Gerade Bauchmuskulatur,secondary,2,9,3,Rumpf
EX000510,Snatch Balance,FULL_BODY,Ganzkörper,primary,5,1,5,Ganzkörper
EX000510,Snatch Balance,QUADS,Quadrizeps,secondary,3,1,5,Unterkörper
EX000510,Snatch Balance,GLUTES,Gesässmuskulatur,secondary,3,2,5,Unterkörper
EX000510,Snatch Balance,HAMSTRINGS,Hintere Oberschenkelmuskulatur,secondary,3,3,4,Unterkörper
EX000510,Snatch Balance,ERECTORS,Rückenstrecker,secondary,2,4,4,Rumpf
EX000510,Snatch Balance,TRAPS,Trapezmuskel,secondary,2,5,3,Oberkörper
EX000510,Snatch Balance,FRONT_DELTS,Vordere Schulter,secondary,2,6,2,Oberkörper
EX000510,Snatch Balance,TRICEPS,Trizeps,secondary,2,7,3,Oberkörper
EX000510,Snatch Balance,FOREARMS,Unterarmmuskulatur,secondary,2,8,2,Oberkörper
EX000510,Snatch Balance,ABS,Gerade Bauchmuskulatur,secondary,2,9,3,Rumpf
EX000511,Snatch High Pull,FULL_BODY,Ganzkörper,primary,5,1,5,Ganzkörper
EX000511,Snatch High Pull,QUADS,Quadrizeps,secondary,3,1,5,Unterkörper
EX000511,Snatch High Pull,GLUTES,Gesässmuskulatur,secondary,3,2,5,Unterkörper
EX000511,Snatch High Pull,HAMSTRINGS,Hintere Oberschenkelmuskulatur,secondary,3,3,4,Unterkörper
EX000511,Snatch High Pull,ERECTORS,Rückenstrecker,secondary,2,4,4,Rumpf
EX000511,Snatch High Pull,TRAPS,Trapezmuskel,secondary,2,5,3,Oberkörper
EX000511,Snatch High Pull,FRONT_DELTS,Vordere Schulter,secondary,2,6,2,Oberkörper
EX000511,Snatch High Pull,TRICEPS,Trizeps,secondary,2,7,3,Oberkörper
EX000511,Snatch High Pull,FOREARMS,Unterarmmuskulatur,secondary,2,8,2,Oberkörper
EX000511,Snatch High Pull,ABS,Gerade Bauchmuskulatur,secondary,2,9,3,Rumpf
EX000512,Snatch Pull,FULL_BODY,Ganzkörper,primary,5,1,5,Ganzkörper
EX000512,Snatch Pull,QUADS,Quadrizeps,secondary,3,1,5,Unterkörper
EX000512,Snatch Pull,GLUTES,Gesässmuskulatur,secondary,3,2,5,Unterkörper
EX000512,Snatch Pull,HAMSTRINGS,Hintere Oberschenkelmuskulatur,secondary,3,3,4,Unterkörper
EX000512,Snatch Pull,ERECTORS,Rückenstrecker,secondary,2,4,4,Rumpf
EX000512,Snatch Pull,TRAPS,Trapezmuskel,secondary,2,5,3,Oberkörper
EX000512,Snatch Pull,FRONT_DELTS,Vordere Schulter,secondary,2,6,2,Oberkörper
EX000512,Snatch Pull,TRICEPS,Trizeps,secondary,2,7,3,Oberkörper
EX000512,Snatch Pull,FOREARMS,Unterarmmuskulatur,secondary,2,8,2,Oberkörper
EX000512,Snatch Pull,ABS,Gerade Bauchmuskulatur,secondary,2,9,3,Rumpf
EX000513,Snatch vom Boden,FULL_BODY,Ganzkörper,primary,5,1,5,Ganzkörper
EX000513,Snatch vom Boden,QUADS,Quadrizeps,secondary,3,1,5,Unterkörper
EX000513,Snatch vom Boden,GLUTES,Gesässmuskulatur,secondary,3,2,5,Unterkörper
EX000513,Snatch vom Boden,HAMSTRINGS,Hintere Oberschenkelmuskulatur,secondary,3,3,4,Unterkörper
EX000513,Snatch vom Boden,ERECTORS,Rückenstrecker,secondary,2,4,4,Rumpf
EX000513,Snatch vom Boden,TRAPS,Trapezmuskel,secondary,2,5,3,Oberkörper
EX000513,Snatch vom Boden,FRONT_DELTS,Vordere Schulter,secondary,2,6,2,Oberkörper
EX000513,Snatch vom Boden,TRICEPS,Trizeps,secondary,2,7,3,Oberkörper
EX000513,Snatch vom Boden,FOREARMS,Unterarmmuskulatur,secondary,2,8,2,Oberkörper
EX000513,Snatch vom Boden,ABS,Gerade Bauchmuskulatur,secondary,2,9,3,Rumpf
EX000514,Snatch von Blöcken,FULL_BODY,Ganzkörper,primary,5,1,5,Ganzkörper
EX000514,Snatch von Blöcken,QUADS,Quadrizeps,secondary,3,1,5,Unterkörper
EX000514,Snatch von Blöcken,GLUTES,Gesässmuskulatur,secondary,3,2,5,Unterkörper
EX000514,Snatch von Blöcken,HAMSTRINGS,Hintere Oberschenkelmuskulatur,secondary,3,3,4,Unterkörper
EX000514,Snatch von Blöcken,ERECTORS,Rückenstrecker,secondary,2,4,4,Rumpf
EX000514,Snatch von Blöcken,TRAPS,Trapezmuskel,secondary,2,5,3,Oberkörper
EX000514,Snatch von Blöcken,FRONT_DELTS,Vordere Schulter,secondary,2,6,2,Oberkörper
EX000514,Snatch von Blöcken,TRICEPS,Trizeps,secondary,2,7,3,Oberkörper
EX000514,Snatch von Blöcken,FOREARMS,Unterarmmuskulatur,secondary,2,8,2,Oberkörper
EX000514,Snatch von Blöcken,ABS,Gerade Bauchmuskulatur,secondary,2,9,3,Rumpf
EX000515,"Snatch-Komplex: Pull, Snatch, Overhead Squat",FULL_BODY,Ganzkörper,primary,5,1,5,Ganzkörper
EX000515,"Snatch-Komplex: Pull, Snatch, Overhead Squat",QUADS,Quadrizeps,secondary,3,1,5,Unterkörper
EX000515,"Snatch-Komplex: Pull, Snatch, Overhead Squat",GLUTES,Gesässmuskulatur,secondary,3,2,5,Unterkörper
EX000515,"Snatch-Komplex: Pull, Snatch, Overhead Squat",HAMSTRINGS,Hintere Oberschenkelmuskulatur,secondary,3,3,4,Unterkörper
EX000515,"Snatch-Komplex: Pull, Snatch, Overhead Squat",ERECTORS,Rückenstrecker,secondary,2,4,4,Rumpf
EX000515,"Snatch-Komplex: Pull, Snatch, Overhead Squat",TRAPS,Trapezmuskel,secondary,2,5,3,Oberkörper
EX000515,"Snatch-Komplex: Pull, Snatch, Overhead Squat",FRONT_DELTS,Vordere Schulter,secondary,2,6,2,Oberkörper
EX000515,"Snatch-Komplex: Pull, Snatch, Overhead Squat",TRICEPS,Trizeps,secondary,2,7,3,Oberkörper
EX000515,"Snatch-Komplex: Pull, Snatch, Overhead Squat",FOREARMS,Unterarmmuskulatur,secondary,2,8,2,Oberkörper
EX000515,"Snatch-Komplex: Pull, Snatch, Overhead Squat",ABS,Gerade Bauchmuskulatur,secondary,2,9,3,Rumpf
EX000516,Split Jerk aus dem Rack,FULL_BODY,Ganzkörper,primary,5,1,5,Ganzkörper
EX000516,Split Jerk aus dem Rack,QUADS,Quadrizeps,secondary,3,1,5,Unterkörper
EX000516,Split Jerk aus dem Rack,GLUTES,Gesässmuskulatur,secondary,3,2,5,Unterkörper
EX000516,Split Jerk aus dem Rack,HAMSTRINGS,Hintere Oberschenkelmuskulatur,secondary,3,3,4,Unterkörper
EX000516,Split Jerk aus dem Rack,ERECTORS,Rückenstrecker,secondary,2,4,4,Rumpf
EX000516,Split Jerk aus dem Rack,TRAPS,Trapezmuskel,secondary,2,5,3,Oberkörper
EX000516,Split Jerk aus dem Rack,FRONT_DELTS,Vordere Schulter,secondary,2,6,2,Oberkörper
EX000516,Split Jerk aus dem Rack,TRICEPS,Trizeps,secondary,2,7,3,Oberkörper
EX000516,Split Jerk aus dem Rack,FOREARMS,Unterarmmuskulatur,secondary,2,8,2,Oberkörper
EX000516,Split Jerk aus dem Rack,ABS,Gerade Bauchmuskulatur,secondary,2,9,3,Rumpf
EX000517,Tall Clean,FULL_BODY,Ganzkörper,primary,5,1,5,Ganzkörper
EX000517,Tall Clean,QUADS,Quadrizeps,secondary,3,1,5,Unterkörper
EX000517,Tall Clean,GLUTES,Gesässmuskulatur,secondary,3,2,5,Unterkörper
EX000517,Tall Clean,HAMSTRINGS,Hintere Oberschenkelmuskulatur,secondary,3,3,4,Unterkörper
EX000517,Tall Clean,ERECTORS,Rückenstrecker,secondary,2,4,4,Rumpf
EX000517,Tall Clean,TRAPS,Trapezmuskel,secondary,2,5,3,Oberkörper
EX000517,Tall Clean,FRONT_DELTS,Vordere Schulter,secondary,2,6,2,Oberkörper
EX000517,Tall Clean,TRICEPS,Trizeps,secondary,2,7,3,Oberkörper
EX000517,Tall Clean,FOREARMS,Unterarmmuskulatur,secondary,2,8,2,Oberkörper
EX000517,Tall Clean,ABS,Gerade Bauchmuskulatur,secondary,2,9,3,Rumpf
EX000518,Tall Snatch,FULL_BODY,Ganzkörper,primary,5,1,5,Ganzkörper
EX000518,Tall Snatch,QUADS,Quadrizeps,secondary,3,1,5,Unterkörper
EX000518,Tall Snatch,GLUTES,Gesässmuskulatur,secondary,3,2,5,Unterkörper
EX000518,Tall Snatch,HAMSTRINGS,Hintere Oberschenkelmuskulatur,secondary,3,3,4,Unterkörper
EX000518,Tall Snatch,ERECTORS,Rückenstrecker,secondary,2,4,4,Rumpf
EX000518,Tall Snatch,TRAPS,Trapezmuskel,secondary,2,5,3,Oberkörper
EX000518,Tall Snatch,FRONT_DELTS,Vordere Schulter,secondary,2,6,2,Oberkörper
EX000518,Tall Snatch,TRICEPS,Trizeps,secondary,2,7,3,Oberkörper
EX000518,Tall Snatch,FOREARMS,Unterarmmuskulatur,secondary,2,8,2,Oberkörper
EX000518,Tall Snatch,ABS,Gerade Bauchmuskulatur,secondary,2,9,3,Rumpf
EX000519,"Kettlebell Push Press, beidarmig",FRONT_DELTS,Vordere Schulter,primary,5,1,2,Oberkörper
EX000519,"Kettlebell Push Press, beidarmig",TRICEPS,Trizeps,secondary,3,1,3,Oberkörper
EX000519,"Kettlebell Push Press, beidarmig",SIDE_DELTS,Seitliche Schulter,secondary,3,2,2,Oberkörper
EX000519,"Kettlebell Push Press, beidarmig",ABS,Gerade Bauchmuskulatur,secondary,3,3,3,Rumpf
EX000519,"Kettlebell Push Press, beidarmig",GLUTES,Gesässmuskulatur,secondary,2,4,5,Unterkörper
EX000520,Push Press mit Langhantel,FRONT_DELTS,Vordere Schulter,primary,5,1,2,Oberkörper
EX000520,Push Press mit Langhantel,TRICEPS,Trizeps,secondary,3,1,3,Oberkörper
EX000520,Push Press mit Langhantel,SIDE_DELTS,Seitliche Schulter,secondary,3,2,2,Oberkörper
EX000520,Push Press mit Langhantel,ABS,Gerade Bauchmuskulatur,secondary,3,3,3,Rumpf
EX000520,Push Press mit Langhantel,GLUTES,Gesässmuskulatur,secondary,2,4,5,Unterkörper
EX000521,Hip-Hinge-Drill an der Wand,HAMSTRINGS,Hintere Oberschenkelmuskulatur,primary,5,1,4,Unterkörper
EX000521,Hip-Hinge-Drill an der Wand,GLUTES,Gesässmuskulatur,secondary,3,1,5,Unterkörper
EX000521,Hip-Hinge-Drill an der Wand,ERECTORS,Rückenstrecker,secondary,3,2,4,Rumpf
EX000521,Hip-Hinge-Drill an der Wand,ABS,Gerade Bauchmuskulatur,secondary,3,3,3,Rumpf
EX000522,"Abduktion an der Maschine, nach vorne gelehnt",ABDUCTORS,Hüftabduktoren,primary,5,1,3,Unterkörper
EX000523,"Abduktion an der Maschine, sitzend",ABDUCTORS,Hüftabduktoren,primary,5,1,3,Unterkörper
EX000524,"Adduktion an der Maschine, sitzend",ADDUCTORS,Adduktoren,primary,5,1,4,Unterkörper
EX000525,Clamshell mit Miniband,ABDUCTORS,Hüftabduktoren,primary,5,1,3,Unterkörper
EX000526,Einbeinige Hüftabduktion am Kabelzug,ABDUCTORS,Hüftabduktoren,primary,5,1,3,Unterkörper
EX000527,Einbeinige Hüftadduktion am Kabelzug,ADDUCTORS,Adduktoren,primary,5,1,4,Unterkörper
EX000528,Monster Walk mit Miniband,ABDUCTORS,Hüftabduktoren,primary,5,1,3,Unterkörper
EX000529,Seitlicher Band Walk,ABDUCTORS,Hüftabduktoren,primary,5,1,3,Unterkörper
EX000530,Seitliches Adduktorenheben im Liegen,ADDUCTORS,Adduktoren,primary,5,1,4,Unterkörper
EX000531,Seitliches Beinheben im Liegen,ABDUCTORS,Hüftabduktoren,primary,5,1,3,Unterkörper
EX000532,Seitliches Beinheben mit Knöchelgewicht,ABDUCTORS,Hüftabduktoren,primary,5,1,3,Unterkörper
EX000533,Isometrische Nackenextension gegen die Hand,NECK,Nackenmuskulatur,primary,5,1,2,Oberkörper
EX000533,Isometrische Nackenextension gegen die Hand,TRAPS,Trapezmuskel,secondary,3,1,3,Oberkörper
EX000534,Isometrische Nackenflexion gegen die Hand,NECK,Nackenmuskulatur,primary,5,1,2,Oberkörper
EX000534,Isometrische Nackenflexion gegen die Hand,TRAPS,Trapezmuskel,secondary,3,1,3,Oberkörper
EX000535,Isometrische Nackenrotation gegen die Hand,NECK,Nackenmuskulatur,primary,5,1,2,Oberkörper
EX000535,Isometrische Nackenrotation gegen die Hand,TRAPS,Trapezmuskel,secondary,3,1,3,Oberkörper
EX000536,Isometrische seitliche Nackenflexion gegen die Hand,NECK,Nackenmuskulatur,primary,5,1,2,Oberkörper
EX000536,Isometrische seitliche Nackenflexion gegen die Hand,TRAPS,Trapezmuskel,secondary,3,1,3,Oberkörper
EX000537,Nackenextension in Bauchlage,NECK,Nackenmuskulatur,primary,5,1,2,Oberkörper
EX000537,Nackenextension in Bauchlage,TRAPS,Trapezmuskel,secondary,3,1,3,Oberkörper
EX000538,Nackenextension mit Kopfgeschirr,NECK,Nackenmuskulatur,primary,5,1,2,Oberkörper
EX000538,Nackenextension mit Kopfgeschirr,TRAPS,Trapezmuskel,secondary,3,1,3,Oberkörper
EX000539,Nackenextension mit Widerstandsband,NECK,Nackenmuskulatur,primary,5,1,2,Oberkörper
EX000539,Nackenextension mit Widerstandsband,TRAPS,Trapezmuskel,secondary,3,1,3,Oberkörper
EX000540,Nackenflexion in Rückenlage,NECK,Nackenmuskulatur,primary,5,1,2,Oberkörper
EX000540,Nackenflexion in Rückenlage,TRAPS,Trapezmuskel,secondary,3,1,3,Oberkörper
EX000541,Nackenflexion mit Kopfgeschirr,NECK,Nackenmuskulatur,primary,5,1,2,Oberkörper
EX000541,Nackenflexion mit Kopfgeschirr,TRAPS,Trapezmuskel,secondary,3,1,3,Oberkörper
EX000542,Nackenflexion mit Widerstandsband,NECK,Nackenmuskulatur,primary,5,1,2,Oberkörper
EX000542,Nackenflexion mit Widerstandsband,TRAPS,Trapezmuskel,secondary,3,1,3,Oberkörper
EX000543,Nackenrotation mit Widerstandsband,NECK,Nackenmuskulatur,primary,5,1,2,Oberkörper
EX000543,Nackenrotation mit Widerstandsband,TRAPS,Trapezmuskel,secondary,3,1,3,Oberkörper
EX000544,Seitliche Nackenflexion in Seitenlage,NECK,Nackenmuskulatur,primary,5,1,2,Oberkörper
EX000544,Seitliche Nackenflexion in Seitenlage,TRAPS,Trapezmuskel,secondary,3,1,3,Oberkörper
EX000545,Seitliche Nackenflexion mit Kopfgeschirr,NECK,Nackenmuskulatur,primary,5,1,2,Oberkörper
EX000545,Seitliche Nackenflexion mit Kopfgeschirr,TRAPS,Trapezmuskel,secondary,3,1,3,Oberkörper
EX000546,Seitliche Nackenflexion mit Widerstandsband,NECK,Nackenmuskulatur,primary,5,1,2,Oberkörper
EX000546,Seitliche Nackenflexion mit Widerstandsband,TRAPS,Trapezmuskel,secondary,3,1,3,Oberkörper
EX000547,"Wrestler Bridge, statisch",NECK,Nackenmuskulatur,primary,5,1,2,Oberkörper
EX000547,"Wrestler Bridge, statisch",TRAPS,Trapezmuskel,secondary,3,1,3,Oberkörper
EX000547,"Wrestler Bridge, statisch",DEEP_CORE,Tiefe Rumpfmuskulatur,secondary,3,2,2,Rumpf
EX000548,Liegestütz Plus,SERRATUS,Sägemuskel,primary,5,1,2,Oberkörper
EX000548,Liegestütz Plus,CHEST,Brustmuskulatur,secondary,3,1,4,Oberkörper
EX000548,Liegestütz Plus,TRICEPS,Trizeps,secondary,3,2,3,Oberkörper
EX000548,Liegestütz Plus,FRONT_DELTS,Vordere Schulter,secondary,3,3,2,Oberkörper
EX000548,Liegestütz Plus,ABS,Gerade Bauchmuskulatur,secondary,2,4,3,Rumpf
EX000549,Scapula-Liegestütz,SERRATUS,Sägemuskel,primary,5,1,2,Oberkörper
EX000549,Scapula-Liegestütz,CHEST,Brustmuskulatur,secondary,3,1,4,Oberkörper
EX000549,Scapula-Liegestütz,TRICEPS,Trizeps,secondary,3,2,3,Oberkörper
EX000549,Scapula-Liegestütz,FRONT_DELTS,Vordere Schulter,secondary,3,3,2,Oberkörper
EX000549,Scapula-Liegestütz,ABS,Gerade Bauchmuskulatur,secondary,2,4,3,Rumpf
EX000550,T-Raise in Bauchlage,REAR_DELTS,Hintere Schulter,primary,5,1,2,Oberkörper
EX000550,T-Raise in Bauchlage,RHOMBOIDS,Rhomboiden und mittlerer Rücken,secondary,3,1,2,Oberkörper
EX000550,T-Raise in Bauchlage,TRAPS,Trapezmuskel,secondary,3,2,3,Oberkörper
EX000550,T-Raise in Bauchlage,ROTATOR_CUFF,Rotatorenmanschette,secondary,3,3,1,Oberkörper
EX000551,W-Raise in Bauchlage,REAR_DELTS,Hintere Schulter,primary,5,1,2,Oberkörper
EX000551,W-Raise in Bauchlage,RHOMBOIDS,Rhomboiden und mittlerer Rücken,secondary,3,1,2,Oberkörper
EX000551,W-Raise in Bauchlage,TRAPS,Trapezmuskel,secondary,3,2,3,Oberkörper
EX000551,W-Raise in Bauchlage,ROTATOR_CUFF,Rotatorenmanschette,secondary,3,3,1,Oberkörper
EX000552,Y-T-W-Kombination in Bauchlage,REAR_DELTS,Hintere Schulter,primary,5,1,2,Oberkörper
EX000552,Y-T-W-Kombination in Bauchlage,RHOMBOIDS,Rhomboiden und mittlerer Rücken,secondary,3,1,2,Oberkörper
EX000552,Y-T-W-Kombination in Bauchlage,TRAPS,Trapezmuskel,secondary,3,2,3,Oberkörper
EX000552,Y-T-W-Kombination in Bauchlage,ROTATOR_CUFF,Rotatorenmanschette,secondary,3,3,1,Oberkörper
EX000553,Aussenrotation am Kabelzug am Körper,ROTATOR_CUFF,Rotatorenmanschette,primary,5,1,1,Oberkörper
EX000553,Aussenrotation am Kabelzug am Körper,RHOMBOIDS,Rhomboiden und mittlerer Rücken,secondary,3,1,2,Oberkörper
EX000553,Aussenrotation am Kabelzug am Körper,TRAPS,Trapezmuskel,secondary,3,2,3,Oberkörper
EX000553,Aussenrotation am Kabelzug am Körper,SERRATUS,Sägemuskel,secondary,3,3,2,Oberkörper
EX000553,Aussenrotation am Kabelzug am Körper,ROTATOR_CUFF,Rotatorenmanschette,secondary,2,4,1,Oberkörper
EX000554,Aussenrotation am Kabelzug bei 90° Abduktion,ROTATOR_CUFF,Rotatorenmanschette,primary,5,1,1,Oberkörper
EX000554,Aussenrotation am Kabelzug bei 90° Abduktion,RHOMBOIDS,Rhomboiden und mittlerer Rücken,secondary,3,1,2,Oberkörper
EX000554,Aussenrotation am Kabelzug bei 90° Abduktion,TRAPS,Trapezmuskel,secondary,3,2,3,Oberkörper
EX000554,Aussenrotation am Kabelzug bei 90° Abduktion,SERRATUS,Sägemuskel,secondary,3,3,2,Oberkörper
EX000554,Aussenrotation am Kabelzug bei 90° Abduktion,ROTATOR_CUFF,Rotatorenmanschette,secondary,2,4,1,Oberkörper
EX000555,Aussenrotation mit Widerstandsband am Körper,ROTATOR_CUFF,Rotatorenmanschette,primary,5,1,1,Oberkörper
EX000555,Aussenrotation mit Widerstandsband am Körper,RHOMBOIDS,Rhomboiden und mittlerer Rücken,secondary,3,1,2,Oberkörper
EX000555,Aussenrotation mit Widerstandsband am Körper,TRAPS,Trapezmuskel,secondary,3,2,3,Oberkörper
EX000555,Aussenrotation mit Widerstandsband am Körper,SERRATUS,Sägemuskel,secondary,3,3,2,Oberkörper
EX000555,Aussenrotation mit Widerstandsband am Körper,ROTATOR_CUFF,Rotatorenmanschette,secondary,2,4,1,Oberkörper
EX000556,Aussenrotation mit Widerstandsband bei 90° Abduktion,ROTATOR_CUFF,Rotatorenmanschette,primary,5,1,1,Oberkörper
EX000556,Aussenrotation mit Widerstandsband bei 90° Abduktion,RHOMBOIDS,Rhomboiden und mittlerer Rücken,secondary,3,1,2,Oberkörper
EX000556,Aussenrotation mit Widerstandsband bei 90° Abduktion,TRAPS,Trapezmuskel,secondary,3,2,3,Oberkörper
EX000556,Aussenrotation mit Widerstandsband bei 90° Abduktion,SERRATUS,Sägemuskel,secondary,3,3,2,Oberkörper
EX000556,Aussenrotation mit Widerstandsband bei 90° Abduktion,ROTATOR_CUFF,Rotatorenmanschette,secondary,2,4,1,Oberkörper
EX000557,Band Pull-Apart,REAR_DELTS,Hintere Schulter,primary,5,1,2,Oberkörper
EX000557,Band Pull-Apart,RHOMBOIDS,Rhomboiden und mittlerer Rücken,secondary,3,1,2,Oberkörper
EX000557,Band Pull-Apart,TRAPS,Trapezmuskel,secondary,3,2,3,Oberkörper
EX000557,Band Pull-Apart,SERRATUS,Sägemuskel,secondary,3,3,2,Oberkörper
EX000557,Band Pull-Apart,ROTATOR_CUFF,Rotatorenmanschette,secondary,2,4,1,Oberkörper
EX000558,Band Pull-Apart über Kopf,TRAPS,Trapezmuskel,primary,5,1,3,Oberkörper
EX000558,Band Pull-Apart über Kopf,RHOMBOIDS,Rhomboiden und mittlerer Rücken,secondary,3,1,2,Oberkörper
EX000558,Band Pull-Apart über Kopf,TRAPS,Trapezmuskel,secondary,3,2,3,Oberkörper
EX000558,Band Pull-Apart über Kopf,SERRATUS,Sägemuskel,secondary,3,3,2,Oberkörper
EX000558,Band Pull-Apart über Kopf,ROTATOR_CUFF,Rotatorenmanschette,secondary,2,4,1,Oberkörper
EX000559,Face Pull am Kabelzug,REAR_DELTS,Hintere Schulter,primary,5,1,2,Oberkörper
EX000559,Face Pull am Kabelzug,RHOMBOIDS,Rhomboiden und mittlerer Rücken,secondary,3,1,2,Oberkörper
EX000559,Face Pull am Kabelzug,TRAPS,Trapezmuskel,secondary,3,2,3,Oberkörper
EX000559,Face Pull am Kabelzug,SERRATUS,Sägemuskel,secondary,3,3,2,Oberkörper
EX000559,Face Pull am Kabelzug,ROTATOR_CUFF,Rotatorenmanschette,secondary,2,4,1,Oberkörper
EX000560,Face Pull mit Aussenrotation am Kabelzug,ROTATOR_CUFF,Rotatorenmanschette,primary,5,1,1,Oberkörper
EX000560,Face Pull mit Aussenrotation am Kabelzug,RHOMBOIDS,Rhomboiden und mittlerer Rücken,secondary,3,1,2,Oberkörper
EX000560,Face Pull mit Aussenrotation am Kabelzug,TRAPS,Trapezmuskel,secondary,3,2,3,Oberkörper
EX000560,Face Pull mit Aussenrotation am Kabelzug,SERRATUS,Sägemuskel,secondary,3,3,2,Oberkörper
EX000560,Face Pull mit Aussenrotation am Kabelzug,ROTATOR_CUFF,Rotatorenmanschette,secondary,2,4,1,Oberkörper
EX000561,Face Pull mit Widerstandsband,REAR_DELTS,Hintere Schulter,primary,5,1,2,Oberkörper
EX000561,Face Pull mit Widerstandsband,RHOMBOIDS,Rhomboiden und mittlerer Rücken,secondary,3,1,2,Oberkörper
EX000561,Face Pull mit Widerstandsband,TRAPS,Trapezmuskel,secondary,3,2,3,Oberkörper
EX000561,Face Pull mit Widerstandsband,SERRATUS,Sägemuskel,secondary,3,3,2,Oberkörper
EX000561,Face Pull mit Widerstandsband,ROTATOR_CUFF,Rotatorenmanschette,secondary,2,4,1,Oberkörper
EX000562,Innenrotation am Kabelzug,ROTATOR_CUFF,Rotatorenmanschette,primary,5,1,1,Oberkörper
EX000562,Innenrotation am Kabelzug,RHOMBOIDS,Rhomboiden und mittlerer Rücken,secondary,3,1,2,Oberkörper
EX000562,Innenrotation am Kabelzug,TRAPS,Trapezmuskel,secondary,3,2,3,Oberkörper
EX000562,Innenrotation am Kabelzug,SERRATUS,Sägemuskel,secondary,3,3,2,Oberkörper
EX000562,Innenrotation am Kabelzug,ROTATOR_CUFF,Rotatorenmanschette,secondary,2,4,1,Oberkörper
EX000563,Innenrotation mit Widerstandsband,ROTATOR_CUFF,Rotatorenmanschette,primary,5,1,1,Oberkörper
EX000563,Innenrotation mit Widerstandsband,RHOMBOIDS,Rhomboiden und mittlerer Rücken,secondary,3,1,2,Oberkörper
EX000563,Innenrotation mit Widerstandsband,TRAPS,Trapezmuskel,secondary,3,2,3,Oberkörper
EX000563,Innenrotation mit Widerstandsband,SERRATUS,Sägemuskel,secondary,3,3,2,Oberkörper
EX000563,Innenrotation mit Widerstandsband,ROTATOR_CUFF,Rotatorenmanschette,secondary,2,4,1,Oberkörper
EX000564,Scapular Dip,SERRATUS,Sägemuskel,primary,5,1,2,Oberkörper
EX000564,Scapular Dip,RHOMBOIDS,Rhomboiden und mittlerer Rücken,secondary,3,1,2,Oberkörper
EX000564,Scapular Dip,TRAPS,Trapezmuskel,secondary,3,2,3,Oberkörper
EX000564,Scapular Dip,SERRATUS,Sägemuskel,secondary,3,3,2,Oberkörper
EX000564,Scapular Dip,ROTATOR_CUFF,Rotatorenmanschette,secondary,2,4,1,Oberkörper
EX000565,Scapular Pull-Up,LATS,Latissimus,primary,5,1,4,Oberkörper
EX000565,Scapular Pull-Up,RHOMBOIDS,Rhomboiden und mittlerer Rücken,secondary,3,1,2,Oberkörper
EX000565,Scapular Pull-Up,TRAPS,Trapezmuskel,secondary,3,2,3,Oberkörper
EX000565,Scapular Pull-Up,SERRATUS,Sägemuskel,secondary,3,3,2,Oberkörper
EX000565,Scapular Pull-Up,ROTATOR_CUFF,Rotatorenmanschette,secondary,2,4,1,Oberkörper
EX000566,Seitliche Aussenrotation mit Kurzhantel,ROTATOR_CUFF,Rotatorenmanschette,primary,5,1,1,Oberkörper
EX000566,Seitliche Aussenrotation mit Kurzhantel,RHOMBOIDS,Rhomboiden und mittlerer Rücken,secondary,3,1,2,Oberkörper
EX000566,Seitliche Aussenrotation mit Kurzhantel,TRAPS,Trapezmuskel,secondary,3,2,3,Oberkörper
EX000566,Seitliche Aussenrotation mit Kurzhantel,SERRATUS,Sägemuskel,secondary,3,3,2,Oberkörper
EX000566,Seitliche Aussenrotation mit Kurzhantel,ROTATOR_CUFF,Rotatorenmanschette,secondary,2,4,1,Oberkörper
EX000567,Serratus Punch am Kabelzug,SERRATUS,Sägemuskel,primary,5,1,2,Oberkörper
EX000567,Serratus Punch am Kabelzug,RHOMBOIDS,Rhomboiden und mittlerer Rücken,secondary,3,1,2,Oberkörper
EX000567,Serratus Punch am Kabelzug,TRAPS,Trapezmuskel,secondary,3,2,3,Oberkörper
EX000567,Serratus Punch am Kabelzug,SERRATUS,Sägemuskel,secondary,3,3,2,Oberkörper
EX000567,Serratus Punch am Kabelzug,ROTATOR_CUFF,Rotatorenmanschette,secondary,2,4,1,Oberkörper
EX000568,Serratus Punch mit Kurzhantel,SERRATUS,Sägemuskel,primary,5,1,2,Oberkörper
EX000568,Serratus Punch mit Kurzhantel,RHOMBOIDS,Rhomboiden und mittlerer Rücken,secondary,3,1,2,Oberkörper
EX000568,Serratus Punch mit Kurzhantel,TRAPS,Trapezmuskel,secondary,3,2,3,Oberkörper
EX000568,Serratus Punch mit Kurzhantel,SERRATUS,Sägemuskel,secondary,3,3,2,Oberkörper
EX000568,Serratus Punch mit Kurzhantel,ROTATOR_CUFF,Rotatorenmanschette,secondary,2,4,1,Oberkörper
EX000569,Wall Slide,SERRATUS,Sägemuskel,primary,5,1,2,Oberkörper
EX000569,Wall Slide,RHOMBOIDS,Rhomboiden und mittlerer Rücken,secondary,3,1,2,Oberkörper
EX000569,Wall Slide,TRAPS,Trapezmuskel,secondary,3,2,3,Oberkörper
EX000569,Wall Slide,SERRATUS,Sägemuskel,secondary,3,3,2,Oberkörper
EX000569,Wall Slide,ROTATOR_CUFF,Rotatorenmanschette,secondary,2,4,1,Oberkörper
EX000570,Wall Slide mit Miniband,SERRATUS,Sägemuskel,primary,5,1,2,Oberkörper
EX000570,Wall Slide mit Miniband,RHOMBOIDS,Rhomboiden und mittlerer Rücken,secondary,3,1,2,Oberkörper
EX000570,Wall Slide mit Miniband,TRAPS,Trapezmuskel,secondary,3,2,3,Oberkörper
EX000570,Wall Slide mit Miniband,SERRATUS,Sägemuskel,secondary,3,3,2,Oberkörper
EX000570,Wall Slide mit Miniband,ROTATOR_CUFF,Rotatorenmanschette,secondary,2,4,1,Oberkörper
EX000571,45-Grad-Rückenstrecken,ERECTORS,Rückenstrecker,primary,5,1,4,Rumpf
EX000571,45-Grad-Rückenstrecken,GLUTES,Gesässmuskulatur,secondary,3,1,5,Unterkörper
EX000571,45-Grad-Rückenstrecken,HAMSTRINGS,Hintere Oberschenkelmuskulatur,secondary,3,2,4,Unterkörper
EX000572,45-Grad-Rückenstrecken mit Hantelscheibe,ERECTORS,Rückenstrecker,primary,5,1,4,Rumpf
EX000572,45-Grad-Rückenstrecken mit Hantelscheibe,GLUTES,Gesässmuskulatur,secondary,3,1,5,Unterkörper
EX000572,45-Grad-Rückenstrecken mit Hantelscheibe,HAMSTRINGS,Hintere Oberschenkelmuskulatur,secondary,3,2,4,Unterkörper
EX000573,45-Grad-Rückenstrecken mit Kurzhantel,ERECTORS,Rückenstrecker,primary,5,1,4,Rumpf
EX000573,45-Grad-Rückenstrecken mit Kurzhantel,GLUTES,Gesässmuskulatur,secondary,3,1,5,Unterkörper
EX000573,45-Grad-Rückenstrecken mit Kurzhantel,HAMSTRINGS,Hintere Oberschenkelmuskulatur,secondary,3,2,4,Unterkörper
EX000574,45-Grad-Rückenstrecken mit Langhantel,ERECTORS,Rückenstrecker,primary,5,1,4,Rumpf
EX000574,45-Grad-Rückenstrecken mit Langhantel,GLUTES,Gesässmuskulatur,secondary,3,1,5,Unterkörper
EX000574,45-Grad-Rückenstrecken mit Langhantel,HAMSTRINGS,Hintere Oberschenkelmuskulatur,secondary,3,2,4,Unterkörper
EX000574,45-Grad-Rückenstrecken mit Langhantel,TRAPS,Trapezmuskel,secondary,3,3,3,Oberkörper
EX000575,45-Grad-Rückenstrecken mit neutralem Rücken,ERECTORS,Rückenstrecker,primary,5,1,4,Rumpf
EX000575,45-Grad-Rückenstrecken mit neutralem Rücken,GLUTES,Gesässmuskulatur,secondary,3,1,5,Unterkörper
EX000575,45-Grad-Rückenstrecken mit neutralem Rücken,HAMSTRINGS,Hintere Oberschenkelmuskulatur,secondary,3,2,4,Unterkörper
EX000576,45-Grad-Rückenstrecken mit rundem Rücken,GLUTES,Gesässmuskulatur,primary,5,1,5,Unterkörper
EX000576,45-Grad-Rückenstrecken mit rundem Rücken,HAMSTRINGS,Hintere Oberschenkelmuskulatur,secondary,3,1,4,Unterkörper
EX000576,45-Grad-Rückenstrecken mit rundem Rücken,ERECTORS,Rückenstrecker,secondary,3,2,4,Rumpf
EX000577,Alternierender Superman,ERECTORS,Rückenstrecker,primary,5,1,4,Rumpf
EX000577,Alternierender Superman,GLUTES,Gesässmuskulatur,secondary,3,1,5,Unterkörper
EX000577,Alternierender Superman,HAMSTRINGS,Hintere Oberschenkelmuskulatur,secondary,3,2,4,Unterkörper
EX000577,Alternierender Superman,REAR_DELTS,Hintere Schulter,secondary,3,3,2,Oberkörper
EX000578,Einbeinige 45-Grad-Rückenstreckung,GLUTES,Gesässmuskulatur,primary,5,1,5,Unterkörper
EX000578,Einbeinige 45-Grad-Rückenstreckung,HAMSTRINGS,Hintere Oberschenkelmuskulatur,secondary,3,1,4,Unterkörper
EX000578,Einbeinige 45-Grad-Rückenstreckung,ERECTORS,Rückenstrecker,secondary,3,2,4,Rumpf
EX000579,Einbeinige Reverse Hyperextension,GLUTES,Gesässmuskulatur,primary,5,1,5,Unterkörper
EX000579,Einbeinige Reverse Hyperextension,HAMSTRINGS,Hintere Oberschenkelmuskulatur,secondary,3,1,4,Unterkörper
EX000579,Einbeinige Reverse Hyperextension,ERECTORS,Rückenstrecker,secondary,3,2,4,Rumpf
EX000580,GHD-Hüftstrecken,GLUTES,Gesässmuskulatur,primary,5,1,5,Unterkörper
EX000580,GHD-Hüftstrecken,HAMSTRINGS,Hintere Oberschenkelmuskulatur,secondary,3,1,4,Unterkörper
EX000580,GHD-Hüftstrecken,ERECTORS,Rückenstrecker,secondary,3,2,4,Rumpf
EX000581,GHD-Rückenstrecken,ERECTORS,Rückenstrecker,primary,5,1,4,Rumpf
EX000581,GHD-Rückenstrecken,GLUTES,Gesässmuskulatur,secondary,3,1,5,Unterkörper
EX000581,GHD-Rückenstrecken,HAMSTRINGS,Hintere Oberschenkelmuskulatur,secondary,3,2,4,Unterkörper
EX000582,GHD-Sorensen Hold,ERECTORS,Rückenstrecker,primary,5,1,4,Rumpf
EX000582,GHD-Sorensen Hold,GLUTES,Gesässmuskulatur,secondary,3,1,5,Unterkörper
EX000582,GHD-Sorensen Hold,HAMSTRINGS,Hintere Oberschenkelmuskulatur,secondary,3,2,4,Unterkörper
EX000583,Jefferson Curl mit Kettlebell,ERECTORS,Rückenstrecker,primary,5,1,4,Rumpf
EX000583,Jefferson Curl mit Kettlebell,HAMSTRINGS,Hintere Oberschenkelmuskulatur,secondary,3,1,4,Unterkörper
EX000583,Jefferson Curl mit Kettlebell,GLUTES,Gesässmuskulatur,secondary,3,2,5,Unterkörper
EX000583,Jefferson Curl mit Kettlebell,ABS,Gerade Bauchmuskulatur,secondary,3,3,3,Rumpf
EX000584,Jefferson Curl mit Kurzhanteln,ERECTORS,Rückenstrecker,primary,5,1,4,Rumpf
EX000584,Jefferson Curl mit Kurzhanteln,HAMSTRINGS,Hintere Oberschenkelmuskulatur,secondary,3,1,4,Unterkörper
EX000584,Jefferson Curl mit Kurzhanteln,GLUTES,Gesässmuskulatur,secondary,3,2,5,Unterkörper
EX000584,Jefferson Curl mit Kurzhanteln,ABS,Gerade Bauchmuskulatur,secondary,3,3,3,Rumpf
EX000585,Jefferson Curl mit Langhantel,ERECTORS,Rückenstrecker,primary,5,1,4,Rumpf
EX000585,Jefferson Curl mit Langhantel,HAMSTRINGS,Hintere Oberschenkelmuskulatur,secondary,3,1,4,Unterkörper
EX000585,Jefferson Curl mit Langhantel,GLUTES,Gesässmuskulatur,secondary,3,2,5,Unterkörper
EX000585,Jefferson Curl mit Langhantel,ABS,Gerade Bauchmuskulatur,secondary,3,3,3,Rumpf
EX000586,Reverse Hyperextension an der Maschine,GLUTES,Gesässmuskulatur,primary,5,1,5,Unterkörper
EX000586,Reverse Hyperextension an der Maschine,HAMSTRINGS,Hintere Oberschenkelmuskulatur,secondary,3,1,4,Unterkörper
EX000586,Reverse Hyperextension an der Maschine,ERECTORS,Rückenstrecker,secondary,3,2,4,Rumpf
EX000587,Reverse Hyperextension auf dem Gymnastikball,GLUTES,Gesässmuskulatur,primary,5,1,5,Unterkörper
EX000587,Reverse Hyperextension auf dem Gymnastikball,HAMSTRINGS,Hintere Oberschenkelmuskulatur,secondary,3,1,4,Unterkörper
EX000587,Reverse Hyperextension auf dem Gymnastikball,ERECTORS,Rückenstrecker,secondary,3,2,4,Rumpf
EX000588,Reverse Hyperextension auf der Bank,GLUTES,Gesässmuskulatur,primary,5,1,5,Unterkörper
EX000588,Reverse Hyperextension auf der Bank,HAMSTRINGS,Hintere Oberschenkelmuskulatur,secondary,3,1,4,Unterkörper
EX000588,Reverse Hyperextension auf der Bank,ERECTORS,Rückenstrecker,secondary,3,2,4,Rumpf
EX000589,Rückenstrecken am Boden,ERECTORS,Rückenstrecker,primary,5,1,4,Rumpf
EX000589,Rückenstrecken am Boden,GLUTES,Gesässmuskulatur,secondary,3,1,5,Unterkörper
EX000589,Rückenstrecken am Boden,HAMSTRINGS,Hintere Oberschenkelmuskulatur,secondary,3,2,4,Unterkörper
EX000590,Rückenstrecken an der Horizontalbank,ERECTORS,Rückenstrecker,primary,5,1,4,Rumpf
EX000590,Rückenstrecken an der Horizontalbank,GLUTES,Gesässmuskulatur,secondary,3,1,5,Unterkörper
EX000590,Rückenstrecken an der Horizontalbank,HAMSTRINGS,Hintere Oberschenkelmuskulatur,secondary,3,2,4,Unterkörper
EX000591,Rückenstrecken an der Maschine,ERECTORS,Rückenstrecker,primary,5,1,4,Rumpf
EX000591,Rückenstrecken an der Maschine,GLUTES,Gesässmuskulatur,secondary,3,1,5,Unterkörper
EX000591,Rückenstrecken an der Maschine,HAMSTRINGS,Hintere Oberschenkelmuskulatur,secondary,3,2,4,Unterkörper
EX000592,Rückenstrecken auf dem Gymnastikball,ERECTORS,Rückenstrecker,primary,5,1,4,Rumpf
EX000592,Rückenstrecken auf dem Gymnastikball,GLUTES,Gesässmuskulatur,secondary,3,1,5,Unterkörper
EX000592,Rückenstrecken auf dem Gymnastikball,HAMSTRINGS,Hintere Oberschenkelmuskulatur,secondary,3,2,4,Unterkörper
EX000593,Sorensen Hold an der Rückenstreckbank,ERECTORS,Rückenstrecker,primary,5,1,4,Rumpf
EX000593,Sorensen Hold an der Rückenstreckbank,GLUTES,Gesässmuskulatur,secondary,3,1,5,Unterkörper
EX000593,Sorensen Hold an der Rückenstreckbank,HAMSTRINGS,Hintere Oberschenkelmuskulatur,secondary,3,2,4,Unterkörper
EX000594,Superman Hold,ERECTORS,Rückenstrecker,primary,5,1,4,Rumpf
EX000594,Superman Hold,GLUTES,Gesässmuskulatur,secondary,3,1,5,Unterkörper
EX000594,Superman Hold,HAMSTRINGS,Hintere Oberschenkelmuskulatur,secondary,3,2,4,Unterkörper
EX000594,Superman Hold,REAR_DELTS,Hintere Schulter,secondary,3,3,2,Oberkörper
EX000595,Superman mit Armzug,ERECTORS,Rückenstrecker,primary,5,1,4,Rumpf
EX000595,Superman mit Armzug,LATS,Latissimus,secondary,3,1,4,Oberkörper
EX000595,Superman mit Armzug,RHOMBOIDS,Rhomboiden und mittlerer Rücken,secondary,3,2,2,Oberkörper
EX000595,Superman mit Armzug,GLUTES,Gesässmuskulatur,secondary,3,3,5,Unterkörper
EX000595,Superman mit Armzug,HAMSTRINGS,Hintere Oberschenkelmuskulatur,secondary,2,4,4,Unterkörper
EX000596,Landmine-Rudern beidarmig,LATS,Latissimus,primary,5,1,4,Oberkörper
EX000596,Landmine-Rudern beidarmig,RHOMBOIDS,Rhomboiden und mittlerer Rücken,secondary,3,1,2,Oberkörper
EX000596,Landmine-Rudern beidarmig,BICEPS,Bizeps,secondary,3,2,2,Oberkörper
EX000596,Landmine-Rudern beidarmig,REAR_DELTS,Hintere Schulter,secondary,3,3,2,Oberkörper
EX000596,Landmine-Rudern beidarmig,TRAPS,Trapezmuskel,secondary,2,4,3,Oberkörper
EX000596,Landmine-Rudern beidarmig,ERECTORS,Rückenstrecker,secondary,2,5,4,Rumpf
EX000596,Landmine-Rudern beidarmig,FOREARMS,Unterarmmuskulatur,secondary,2,6,2,Oberkörper
EX000597,Landmine-Rudern einarmig,LATS,Latissimus,primary,5,1,4,Oberkörper
EX000597,Landmine-Rudern einarmig,RHOMBOIDS,Rhomboiden und mittlerer Rücken,secondary,3,1,2,Oberkörper
EX000597,Landmine-Rudern einarmig,BICEPS,Bizeps,secondary,3,2,2,Oberkörper
EX000597,Landmine-Rudern einarmig,REAR_DELTS,Hintere Schulter,secondary,3,3,2,Oberkörper
EX000597,Landmine-Rudern einarmig,TRAPS,Trapezmuskel,secondary,2,4,3,Oberkörper
EX000597,Landmine-Rudern einarmig,ERECTORS,Rückenstrecker,secondary,2,5,4,Rumpf
EX000597,Landmine-Rudern einarmig,FOREARMS,Unterarmmuskulatur,secondary,2,6,2,Oberkörper
EX000598,"Langhantelrudern auf der Schrägbank, brustgestützt",RHOMBOIDS,Rhomboiden und mittlerer Rücken,primary,5,1,2,Oberkörper
EX000598,"Langhantelrudern auf der Schrägbank, brustgestützt",LATS,Latissimus,secondary,3,1,4,Oberkörper
EX000598,"Langhantelrudern auf der Schrägbank, brustgestützt",BICEPS,Bizeps,secondary,3,2,2,Oberkörper
EX000598,"Langhantelrudern auf der Schrägbank, brustgestützt",REAR_DELTS,Hintere Schulter,secondary,3,3,2,Oberkörper
EX000598,"Langhantelrudern auf der Schrägbank, brustgestützt",TRAPS,Trapezmuskel,secondary,2,4,3,Oberkörper
EX000598,"Langhantelrudern auf der Schrägbank, brustgestützt",ERECTORS,Rückenstrecker,secondary,2,5,4,Rumpf
EX000598,"Langhantelrudern auf der Schrägbank, brustgestützt",FOREARMS,Unterarmmuskulatur,secondary,2,6,2,Oberkörper
EX000599,Langhantelrudern mit engem Griff,LATS,Latissimus,primary,5,1,4,Oberkörper
EX000599,Langhantelrudern mit engem Griff,RHOMBOIDS,Rhomboiden und mittlerer Rücken,secondary,3,1,2,Oberkörper
EX000599,Langhantelrudern mit engem Griff,BICEPS,Bizeps,secondary,3,2,2,Oberkörper
EX000599,Langhantelrudern mit engem Griff,REAR_DELTS,Hintere Schulter,secondary,3,3,2,Oberkörper
EX000599,Langhantelrudern mit engem Griff,TRAPS,Trapezmuskel,secondary,2,4,3,Oberkörper
EX000599,Langhantelrudern mit engem Griff,ERECTORS,Rückenstrecker,secondary,2,5,4,Rumpf
EX000599,Langhantelrudern mit engem Griff,FOREARMS,Unterarmmuskulatur,secondary,2,6,2,Oberkörper
EX000600,Langhantelrudern mit weitem Griff,REAR_DELTS,Hintere Schulter,primary,5,1,2,Oberkörper
EX000600,Langhantelrudern mit weitem Griff,RHOMBOIDS,Rhomboiden und mittlerer Rücken,secondary,3,1,2,Oberkörper
EX000600,Langhantelrudern mit weitem Griff,TRAPS,Trapezmuskel,secondary,3,2,3,Oberkörper
EX000600,Langhantelrudern mit weitem Griff,LATS,Latissimus,secondary,3,3,4,Oberkörper
EX000600,Langhantelrudern mit weitem Griff,BICEPS,Bizeps,secondary,2,4,2,Oberkörper
EX000600,Langhantelrudern mit weitem Griff,ERECTORS,Rückenstrecker,secondary,2,5,4,Rumpf
EX000600,Langhantelrudern mit weitem Griff,FOREARMS,Unterarmmuskulatur,secondary,2,6,2,Oberkörper
EX000601,Meadows Row,LATS,Latissimus,primary,5,1,4,Oberkörper
EX000601,Meadows Row,RHOMBOIDS,Rhomboiden und mittlerer Rücken,secondary,3,1,2,Oberkörper
EX000601,Meadows Row,BICEPS,Bizeps,secondary,3,2,2,Oberkörper
EX000601,Meadows Row,REAR_DELTS,Hintere Schulter,secondary,3,3,2,Oberkörper
EX000601,Meadows Row,TRAPS,Trapezmuskel,secondary,2,4,3,Oberkörper
EX000601,Meadows Row,ERECTORS,Rückenstrecker,secondary,2,5,4,Rumpf
EX000601,Meadows Row,FOREARMS,Unterarmmuskulatur,secondary,2,6,2,Oberkörper
EX000602,Pausen-Langhantelrudern,RHOMBOIDS,Rhomboiden und mittlerer Rücken,primary,5,1,2,Oberkörper
EX000602,Pausen-Langhantelrudern,LATS,Latissimus,secondary,3,1,4,Oberkörper
EX000602,Pausen-Langhantelrudern,BICEPS,Bizeps,secondary,3,2,2,Oberkörper
EX000602,Pausen-Langhantelrudern,REAR_DELTS,Hintere Schulter,secondary,3,3,2,Oberkörper
EX000602,Pausen-Langhantelrudern,TRAPS,Trapezmuskel,secondary,2,4,3,Oberkörper
EX000602,Pausen-Langhantelrudern,ERECTORS,Rückenstrecker,secondary,2,5,4,Rumpf
EX000602,Pausen-Langhantelrudern,FOREARMS,Unterarmmuskulatur,secondary,2,6,2,Oberkörper
EX000603,Pendlay Row,RHOMBOIDS,Rhomboiden und mittlerer Rücken,primary,5,1,2,Oberkörper
EX000603,Pendlay Row,LATS,Latissimus,secondary,3,1,4,Oberkörper
EX000603,Pendlay Row,BICEPS,Bizeps,secondary,3,2,2,Oberkörper
EX000603,Pendlay Row,REAR_DELTS,Hintere Schulter,secondary,3,3,2,Oberkörper
EX000603,Pendlay Row,TRAPS,Trapezmuskel,secondary,2,4,3,Oberkörper
EX000603,Pendlay Row,ERECTORS,Rückenstrecker,secondary,2,5,4,Rumpf
EX000603,Pendlay Row,FOREARMS,Unterarmmuskulatur,secondary,2,6,2,Oberkörper
EX000604,Seal Row mit Langhantel,RHOMBOIDS,Rhomboiden und mittlerer Rücken,primary,5,1,2,Oberkörper
EX000604,Seal Row mit Langhantel,LATS,Latissimus,secondary,3,1,4,Oberkörper
EX000604,Seal Row mit Langhantel,BICEPS,Bizeps,secondary,3,2,2,Oberkörper
EX000604,Seal Row mit Langhantel,REAR_DELTS,Hintere Schulter,secondary,3,3,2,Oberkörper
EX000604,Seal Row mit Langhantel,TRAPS,Trapezmuskel,secondary,2,4,3,Oberkörper
EX000604,Seal Row mit Langhantel,ERECTORS,Rückenstrecker,secondary,2,5,4,Rumpf
EX000604,Seal Row mit Langhantel,FOREARMS,Unterarmmuskulatur,secondary,2,6,2,Oberkörper
EX000605,Seal Row mit Swiss Bar,RHOMBOIDS,Rhomboiden und mittlerer Rücken,primary,5,1,2,Oberkörper
EX000605,Seal Row mit Swiss Bar,LATS,Latissimus,secondary,3,1,4,Oberkörper
EX000605,Seal Row mit Swiss Bar,BICEPS,Bizeps,secondary,3,2,2,Oberkörper
EX000605,Seal Row mit Swiss Bar,REAR_DELTS,Hintere Schulter,secondary,3,3,2,Oberkörper
EX000605,Seal Row mit Swiss Bar,TRAPS,Trapezmuskel,secondary,2,4,3,Oberkörper
EX000605,Seal Row mit Swiss Bar,ERECTORS,Rückenstrecker,secondary,2,5,4,Rumpf
EX000605,Seal Row mit Swiss Bar,FOREARMS,Unterarmmuskulatur,secondary,2,6,2,Oberkörper
EX000606,T-Bar Row frei,LATS,Latissimus,primary,5,1,4,Oberkörper
EX000606,T-Bar Row frei,RHOMBOIDS,Rhomboiden und mittlerer Rücken,secondary,3,1,2,Oberkörper
EX000606,T-Bar Row frei,BICEPS,Bizeps,secondary,3,2,2,Oberkörper
EX000606,T-Bar Row frei,REAR_DELTS,Hintere Schulter,secondary,3,3,2,Oberkörper
EX000606,T-Bar Row frei,TRAPS,Trapezmuskel,secondary,2,4,3,Oberkörper
EX000606,T-Bar Row frei,ERECTORS,Rückenstrecker,secondary,2,5,4,Rumpf
EX000606,T-Bar Row frei,FOREARMS,Unterarmmuskulatur,secondary,2,6,2,Oberkörper
EX000607,"T-Bar Row, brustgestützt",RHOMBOIDS,Rhomboiden und mittlerer Rücken,primary,5,1,2,Oberkörper
EX000607,"T-Bar Row, brustgestützt",LATS,Latissimus,secondary,3,1,4,Oberkörper
EX000607,"T-Bar Row, brustgestützt",BICEPS,Bizeps,secondary,3,2,2,Oberkörper
EX000607,"T-Bar Row, brustgestützt",REAR_DELTS,Hintere Schulter,secondary,3,3,2,Oberkörper
EX000607,"T-Bar Row, brustgestützt",TRAPS,Trapezmuskel,secondary,2,4,3,Oberkörper
EX000607,"T-Bar Row, brustgestützt",ERECTORS,Rückenstrecker,secondary,2,5,4,Rumpf
EX000607,"T-Bar Row, brustgestützt",FOREARMS,Unterarmmuskulatur,secondary,2,6,2,Oberkörper
EX000608,Tempo-Langhantelrudern,RHOMBOIDS,Rhomboiden und mittlerer Rücken,primary,5,1,2,Oberkörper
EX000608,Tempo-Langhantelrudern,LATS,Latissimus,secondary,3,1,4,Oberkörper
EX000608,Tempo-Langhantelrudern,BICEPS,Bizeps,secondary,3,2,2,Oberkörper
EX000608,Tempo-Langhantelrudern,REAR_DELTS,Hintere Schulter,secondary,3,3,2,Oberkörper
EX000608,Tempo-Langhantelrudern,TRAPS,Trapezmuskel,secondary,2,4,3,Oberkörper
EX000608,Tempo-Langhantelrudern,ERECTORS,Rückenstrecker,secondary,2,5,4,Rumpf
EX000608,Tempo-Langhantelrudern,FOREARMS,Unterarmmuskulatur,secondary,2,6,2,Oberkörper
EX000609,Vorgebeugtes Rudern mit Langhantel im Obergriff,RHOMBOIDS,Rhomboiden und mittlerer Rücken,primary,5,1,2,Oberkörper
EX000609,Vorgebeugtes Rudern mit Langhantel im Obergriff,LATS,Latissimus,secondary,3,1,4,Oberkörper
EX000609,Vorgebeugtes Rudern mit Langhantel im Obergriff,BICEPS,Bizeps,secondary,3,2,2,Oberkörper
EX000609,Vorgebeugtes Rudern mit Langhantel im Obergriff,REAR_DELTS,Hintere Schulter,secondary,3,3,2,Oberkörper
EX000609,Vorgebeugtes Rudern mit Langhantel im Obergriff,TRAPS,Trapezmuskel,secondary,2,4,3,Oberkörper
EX000609,Vorgebeugtes Rudern mit Langhantel im Obergriff,ERECTORS,Rückenstrecker,secondary,2,5,4,Rumpf
EX000609,Vorgebeugtes Rudern mit Langhantel im Obergriff,FOREARMS,Unterarmmuskulatur,secondary,2,6,2,Oberkörper
EX000610,Vorgebeugtes Rudern mit Langhantel im Untergriff,LATS,Latissimus,primary,5,1,4,Oberkörper
EX000610,Vorgebeugtes Rudern mit Langhantel im Untergriff,RHOMBOIDS,Rhomboiden und mittlerer Rücken,secondary,3,1,2,Oberkörper
EX000610,Vorgebeugtes Rudern mit Langhantel im Untergriff,BICEPS,Bizeps,secondary,3,2,2,Oberkörper
EX000610,Vorgebeugtes Rudern mit Langhantel im Untergriff,REAR_DELTS,Hintere Schulter,secondary,3,3,2,Oberkörper
EX000610,Vorgebeugtes Rudern mit Langhantel im Untergriff,TRAPS,Trapezmuskel,secondary,2,4,3,Oberkörper
EX000610,Vorgebeugtes Rudern mit Langhantel im Untergriff,ERECTORS,Rückenstrecker,secondary,2,5,4,Rumpf
EX000610,Vorgebeugtes Rudern mit Langhantel im Untergriff,FOREARMS,Unterarmmuskulatur,secondary,2,6,2,Oberkörper
EX000611,Yates Row,LATS,Latissimus,primary,5,1,4,Oberkörper
EX000611,Yates Row,RHOMBOIDS,Rhomboiden und mittlerer Rücken,secondary,3,1,2,Oberkörper
EX000611,Yates Row,BICEPS,Bizeps,secondary,3,2,2,Oberkörper
EX000611,Yates Row,REAR_DELTS,Hintere Schulter,secondary,3,3,2,Oberkörper
EX000611,Yates Row,TRAPS,Trapezmuskel,secondary,2,4,3,Oberkörper
EX000611,Yates Row,ERECTORS,Rückenstrecker,secondary,2,5,4,Rumpf
EX000611,Yates Row,FOREARMS,Unterarmmuskulatur,secondary,2,6,2,Oberkörper
EX000612,Bankdrücken mit engem Griff,TRICEPS,Trizeps,primary,5,1,3,Oberkörper
EX000612,Bankdrücken mit engem Griff,CHEST,Brustmuskulatur,secondary,3,1,4,Oberkörper
EX000612,Bankdrücken mit engem Griff,FRONT_DELTS,Vordere Schulter,secondary,3,2,2,Oberkörper
EX000613,Bankdrücken mit Füssen auf der Bank,CHEST,Brustmuskulatur,primary,5,1,4,Oberkörper
EX000613,Bankdrücken mit Füssen auf der Bank,TRICEPS,Trizeps,secondary,3,1,3,Oberkörper
EX000613,Bankdrücken mit Füssen auf der Bank,FRONT_DELTS,Vordere Schulter,secondary,3,2,2,Oberkörper
EX000614,Bankdrücken mit Langhantel,CHEST,Brustmuskulatur,primary,5,1,4,Oberkörper
EX000614,Bankdrücken mit Langhantel,TRICEPS,Trizeps,secondary,3,1,3,Oberkörper
EX000614,Bankdrücken mit Langhantel,FRONT_DELTS,Vordere Schulter,secondary,3,2,2,Oberkörper
EX000615,Bankdrücken mit Swiss Bar,TRICEPS,Trizeps,primary,5,1,3,Oberkörper
EX000615,Bankdrücken mit Swiss Bar,CHEST,Brustmuskulatur,secondary,3,1,4,Oberkörper
EX000615,Bankdrücken mit Swiss Bar,FRONT_DELTS,Vordere Schulter,secondary,3,2,2,Oberkörper
EX000616,Bankdrücken mit weitem Griff,CHEST,Brustmuskulatur,primary,5,1,4,Oberkörper
EX000616,Bankdrücken mit weitem Griff,TRICEPS,Trizeps,secondary,3,1,3,Oberkörper
EX000616,Bankdrücken mit weitem Griff,FRONT_DELTS,Vordere Schulter,secondary,3,2,2,Oberkörper
EX000617,Floor Press mit Langhantel,TRICEPS,Trizeps,primary,5,1,3,Oberkörper
EX000617,Floor Press mit Langhantel,CHEST,Brustmuskulatur,secondary,3,1,4,Oberkörper
EX000617,Floor Press mit Langhantel,FRONT_DELTS,Vordere Schulter,secondary,3,2,2,Oberkörper
EX000618,Guillotine Press mit Langhantel,CHEST,Brustmuskulatur,primary,5,1,4,Oberkörper
EX000618,Guillotine Press mit Langhantel,TRICEPS,Trizeps,secondary,3,1,3,Oberkörper
EX000618,Guillotine Press mit Langhantel,FRONT_DELTS,Vordere Schulter,secondary,3,2,2,Oberkörper
EX000619,Larsen Press,CHEST,Brustmuskulatur,primary,5,1,4,Oberkörper
EX000619,Larsen Press,TRICEPS,Trizeps,secondary,3,1,3,Oberkörper
EX000619,Larsen Press,FRONT_DELTS,Vordere Schulter,secondary,3,2,2,Oberkörper
EX000620,Negativbankdrücken mit Langhantel,CHEST,Brustmuskulatur,primary,5,1,4,Oberkörper
EX000620,Negativbankdrücken mit Langhantel,TRICEPS,Trizeps,secondary,3,1,3,Oberkörper
EX000620,Negativbankdrücken mit Langhantel,FRONT_DELTS,Vordere Schulter,secondary,3,2,2,Oberkörper
EX000621,Pausen-Bankdrücken mit Langhantel,CHEST,Brustmuskulatur,primary,5,1,4,Oberkörper
EX000621,Pausen-Bankdrücken mit Langhantel,TRICEPS,Trizeps,secondary,3,1,3,Oberkörper
EX000621,Pausen-Bankdrücken mit Langhantel,FRONT_DELTS,Vordere Schulter,secondary,3,2,2,Oberkörper
EX000622,Pausen-Schrägbankdrücken mit Langhantel,CHEST,Brustmuskulatur,primary,5,1,4,Oberkörper
EX000622,Pausen-Schrägbankdrücken mit Langhantel,TRICEPS,Trizeps,secondary,3,1,3,Oberkörper
EX000622,Pausen-Schrägbankdrücken mit Langhantel,FRONT_DELTS,Vordere Schulter,secondary,3,2,2,Oberkörper
EX000623,Pin Press auf Brusthöhe,TRICEPS,Trizeps,primary,5,1,3,Oberkörper
EX000623,Pin Press auf Brusthöhe,CHEST,Brustmuskulatur,secondary,3,1,4,Oberkörper
EX000623,Pin Press auf Brusthöhe,FRONT_DELTS,Vordere Schulter,secondary,3,2,2,Oberkörper
EX000624,Schrägbankdrücken mit engem Griff,TRICEPS,Trizeps,primary,5,1,3,Oberkörper
EX000624,Schrägbankdrücken mit engem Griff,CHEST,Brustmuskulatur,secondary,3,1,4,Oberkörper
EX000624,Schrägbankdrücken mit engem Griff,FRONT_DELTS,Vordere Schulter,secondary,3,2,2,Oberkörper
EX000625,"Schrägbankdrücken mit Langhantel, flacher Winkel",CHEST,Brustmuskulatur,primary,5,1,4,Oberkörper
EX000625,"Schrägbankdrücken mit Langhantel, flacher Winkel",TRICEPS,Trizeps,secondary,3,1,3,Oberkörper
EX000625,"Schrägbankdrücken mit Langhantel, flacher Winkel",FRONT_DELTS,Vordere Schulter,secondary,3,2,2,Oberkörper
EX000626,"Schrägbankdrücken mit Langhantel, mittlerer Winkel",CHEST,Brustmuskulatur,primary,5,1,4,Oberkörper
EX000626,"Schrägbankdrücken mit Langhantel, mittlerer Winkel",TRICEPS,Trizeps,secondary,3,1,3,Oberkörper
EX000626,"Schrägbankdrücken mit Langhantel, mittlerer Winkel",FRONT_DELTS,Vordere Schulter,secondary,3,2,2,Oberkörper
EX000627,Schrägbankdrücken mit Swiss Bar,CHEST,Brustmuskulatur,primary,5,1,4,Oberkörper
EX000627,Schrägbankdrücken mit Swiss Bar,TRICEPS,Trizeps,secondary,3,1,3,Oberkörper
EX000627,Schrägbankdrücken mit Swiss Bar,FRONT_DELTS,Vordere Schulter,secondary,3,2,2,Oberkörper
EX000628,Spoto Press,CHEST,Brustmuskulatur,primary,5,1,4,Oberkörper
EX000628,Spoto Press,TRICEPS,Trizeps,secondary,3,1,3,Oberkörper
EX000628,Spoto Press,FRONT_DELTS,Vordere Schulter,secondary,3,2,2,Oberkörper
EX000629,Tempo-Bankdrücken mit Langhantel,CHEST,Brustmuskulatur,primary,5,1,4,Oberkörper
EX000629,Tempo-Bankdrücken mit Langhantel,TRICEPS,Trizeps,secondary,3,1,3,Oberkörper
EX000629,Tempo-Bankdrücken mit Langhantel,FRONT_DELTS,Vordere Schulter,secondary,3,2,2,Oberkörper
EX000630,Defizit-Handstand-Liegestütz an der Wand,FRONT_DELTS,Vordere Schulter,primary,5,1,2,Oberkörper
EX000630,Defizit-Handstand-Liegestütz an der Wand,TRICEPS,Trizeps,secondary,3,1,3,Oberkörper
EX000630,Defizit-Handstand-Liegestütz an der Wand,SIDE_DELTS,Seitliche Schulter,secondary,3,2,2,Oberkörper
EX000630,Defizit-Handstand-Liegestütz an der Wand,TRAPS,Trapezmuskel,secondary,3,3,3,Oberkörper
EX000630,Defizit-Handstand-Liegestütz an der Wand,SERRATUS,Sägemuskel,secondary,2,4,2,Oberkörper
EX000630,Defizit-Handstand-Liegestütz an der Wand,ABS,Gerade Bauchmuskulatur,secondary,2,5,3,Rumpf
EX000631,Freier Handstand-Liegestütz,FRONT_DELTS,Vordere Schulter,primary,5,1,2,Oberkörper
EX000631,Freier Handstand-Liegestütz,TRICEPS,Trizeps,secondary,3,1,3,Oberkörper
EX000631,Freier Handstand-Liegestütz,SIDE_DELTS,Seitliche Schulter,secondary,3,2,2,Oberkörper
EX000631,Freier Handstand-Liegestütz,TRAPS,Trapezmuskel,secondary,3,3,3,Oberkörper
EX000631,Freier Handstand-Liegestütz,SERRATUS,Sägemuskel,secondary,2,4,2,Oberkörper
EX000631,Freier Handstand-Liegestütz,ABS,Gerade Bauchmuskulatur,secondary,2,5,3,Rumpf
EX000632,Handstand-Liegestütz an der Wand,FRONT_DELTS,Vordere Schulter,primary,5,1,2,Oberkörper
EX000632,Handstand-Liegestütz an der Wand,TRICEPS,Trizeps,secondary,3,1,3,Oberkörper
EX000632,Handstand-Liegestütz an der Wand,SIDE_DELTS,Seitliche Schulter,secondary,3,2,2,Oberkörper
EX000632,Handstand-Liegestütz an der Wand,TRAPS,Trapezmuskel,secondary,3,3,3,Oberkörper
EX000632,Handstand-Liegestütz an der Wand,SERRATUS,Sägemuskel,secondary,2,4,2,Oberkörper
EX000632,Handstand-Liegestütz an der Wand,ABS,Gerade Bauchmuskulatur,secondary,2,5,3,Rumpf
EX000633,Kipping Handstand-Liegestütz an der Wand,FRONT_DELTS,Vordere Schulter,primary,5,1,2,Oberkörper
EX000633,Kipping Handstand-Liegestütz an der Wand,TRICEPS,Trizeps,secondary,3,1,3,Oberkörper
EX000633,Kipping Handstand-Liegestütz an der Wand,SIDE_DELTS,Seitliche Schulter,secondary,3,2,2,Oberkörper
EX000633,Kipping Handstand-Liegestütz an der Wand,TRAPS,Trapezmuskel,secondary,3,3,3,Oberkörper
EX000633,Kipping Handstand-Liegestütz an der Wand,SERRATUS,Sägemuskel,secondary,2,4,2,Oberkörper
EX000633,Kipping Handstand-Liegestütz an der Wand,ABS,Gerade Bauchmuskulatur,secondary,2,5,3,Rumpf
EX000634,Pike-Liegestütz,FRONT_DELTS,Vordere Schulter,primary,5,1,2,Oberkörper
EX000634,Pike-Liegestütz,TRICEPS,Trizeps,secondary,3,1,3,Oberkörper
EX000634,Pike-Liegestütz,SIDE_DELTS,Seitliche Schulter,secondary,3,2,2,Oberkörper
EX000634,Pike-Liegestütz,TRAPS,Trapezmuskel,secondary,3,3,3,Oberkörper
EX000634,Pike-Liegestütz,SERRATUS,Sägemuskel,secondary,2,4,2,Oberkörper
EX000634,Pike-Liegestütz,ABS,Gerade Bauchmuskulatur,secondary,2,5,3,Rumpf
EX000635,Pike-Liegestütz auf Parallettes,FRONT_DELTS,Vordere Schulter,primary,5,1,2,Oberkörper
EX000635,Pike-Liegestütz auf Parallettes,TRICEPS,Trizeps,secondary,3,1,3,Oberkörper
EX000635,Pike-Liegestütz auf Parallettes,SIDE_DELTS,Seitliche Schulter,secondary,3,2,2,Oberkörper
EX000635,Pike-Liegestütz auf Parallettes,TRAPS,Trapezmuskel,secondary,3,3,3,Oberkörper
EX000635,Pike-Liegestütz auf Parallettes,SERRATUS,Sägemuskel,secondary,2,4,2,Oberkörper
EX000635,Pike-Liegestütz auf Parallettes,ABS,Gerade Bauchmuskulatur,secondary,2,5,3,Rumpf
EX000636,Pike-Liegestütz mit erhöhten Füssen,FRONT_DELTS,Vordere Schulter,primary,5,1,2,Oberkörper
EX000636,Pike-Liegestütz mit erhöhten Füssen,TRICEPS,Trizeps,secondary,3,1,3,Oberkörper
EX000636,Pike-Liegestütz mit erhöhten Füssen,SIDE_DELTS,Seitliche Schulter,secondary,3,2,2,Oberkörper
EX000636,Pike-Liegestütz mit erhöhten Füssen,TRAPS,Trapezmuskel,secondary,3,3,3,Oberkörper
EX000636,Pike-Liegestütz mit erhöhten Füssen,SERRATUS,Sägemuskel,secondary,2,4,2,Oberkörper
EX000636,Pike-Liegestütz mit erhöhten Füssen,ABS,Gerade Bauchmuskulatur,secondary,2,5,3,Rumpf
EX000637,Schultertippen im Handstand an der Wand,FRONT_DELTS,Vordere Schulter,primary,5,1,2,Oberkörper
EX000637,Schultertippen im Handstand an der Wand,TRICEPS,Trizeps,secondary,3,1,3,Oberkörper
EX000637,Schultertippen im Handstand an der Wand,SIDE_DELTS,Seitliche Schulter,secondary,3,2,2,Oberkörper
EX000637,Schultertippen im Handstand an der Wand,TRAPS,Trapezmuskel,secondary,3,3,3,Oberkörper
EX000637,Schultertippen im Handstand an der Wand,SERRATUS,Sägemuskel,secondary,2,4,2,Oberkörper
EX000637,Schultertippen im Handstand an der Wand,ABS,Gerade Bauchmuskulatur,secondary,2,5,3,Rumpf
EX000638,Wall Walk,FRONT_DELTS,Vordere Schulter,primary,5,1,2,Oberkörper
EX000638,Wall Walk,TRICEPS,Trizeps,secondary,3,1,3,Oberkörper
EX000638,Wall Walk,SIDE_DELTS,Seitliche Schulter,secondary,3,2,2,Oberkörper
EX000638,Wall Walk,TRAPS,Trapezmuskel,secondary,3,3,3,Oberkörper
EX000638,Wall Walk,SERRATUS,Sägemuskel,secondary,2,4,2,Oberkörper
EX000638,Wall Walk,ABS,Gerade Bauchmuskulatur,secondary,2,5,3,Rumpf
EX000639,Bandrudern im Sitzen,LATS,Latissimus,primary,5,1,4,Oberkörper
EX000639,Bandrudern im Sitzen,RHOMBOIDS,Rhomboiden und mittlerer Rücken,secondary,3,1,2,Oberkörper
EX000639,Bandrudern im Sitzen,BICEPS,Bizeps,secondary,3,2,2,Oberkörper
EX000639,Bandrudern im Sitzen,REAR_DELTS,Hintere Schulter,secondary,3,3,2,Oberkörper
EX000639,Bandrudern im Sitzen,TRAPS,Trapezmuskel,secondary,2,4,3,Oberkörper
EX000639,Bandrudern im Sitzen,FOREARMS,Unterarmmuskulatur,secondary,2,5,2,Oberkörper
EX000640,Bandrudern im Stand,LATS,Latissimus,primary,5,1,4,Oberkörper
EX000640,Bandrudern im Stand,RHOMBOIDS,Rhomboiden und mittlerer Rücken,secondary,3,1,2,Oberkörper
EX000640,Bandrudern im Stand,BICEPS,Bizeps,secondary,3,2,2,Oberkörper
EX000640,Bandrudern im Stand,REAR_DELTS,Hintere Schulter,secondary,3,3,2,Oberkörper
EX000640,Bandrudern im Stand,TRAPS,Trapezmuskel,secondary,2,4,3,Oberkörper
EX000640,Bandrudern im Stand,FOREARMS,Unterarmmuskulatur,secondary,2,5,2,Oberkörper
EX000641,Brustgestütztes Rudern an der Maschine,RHOMBOIDS,Rhomboiden und mittlerer Rücken,primary,5,1,2,Oberkörper
EX000641,Brustgestütztes Rudern an der Maschine,LATS,Latissimus,secondary,3,1,4,Oberkörper
EX000641,Brustgestütztes Rudern an der Maschine,BICEPS,Bizeps,secondary,3,2,2,Oberkörper
EX000641,Brustgestütztes Rudern an der Maschine,REAR_DELTS,Hintere Schulter,secondary,3,3,2,Oberkörper
EX000641,Brustgestütztes Rudern an der Maschine,TRAPS,Trapezmuskel,secondary,2,4,3,Oberkörper
EX000641,Brustgestütztes Rudern an der Maschine,FOREARMS,Unterarmmuskulatur,secondary,2,5,2,Oberkörper
EX000642,Einarmiges Bandrudern,LATS,Latissimus,primary,5,1,4,Oberkörper
EX000642,Einarmiges Bandrudern,RHOMBOIDS,Rhomboiden und mittlerer Rücken,secondary,3,1,2,Oberkörper
EX000642,Einarmiges Bandrudern,BICEPS,Bizeps,secondary,3,2,2,Oberkörper
EX000642,Einarmiges Bandrudern,REAR_DELTS,Hintere Schulter,secondary,3,3,2,Oberkörper
EX000642,Einarmiges Bandrudern,TRAPS,Trapezmuskel,secondary,2,4,3,Oberkörper
EX000642,Einarmiges Bandrudern,FOREARMS,Unterarmmuskulatur,secondary,2,5,2,Oberkörper
EX000643,Einarmiges Kabelrudern im Halbkniestand,LATS,Latissimus,primary,5,1,4,Oberkörper
EX000643,Einarmiges Kabelrudern im Halbkniestand,RHOMBOIDS,Rhomboiden und mittlerer Rücken,secondary,3,1,2,Oberkörper
EX000643,Einarmiges Kabelrudern im Halbkniestand,BICEPS,Bizeps,secondary,3,2,2,Oberkörper
EX000643,Einarmiges Kabelrudern im Halbkniestand,REAR_DELTS,Hintere Schulter,secondary,3,3,2,Oberkörper
EX000643,Einarmiges Kabelrudern im Halbkniestand,TRAPS,Trapezmuskel,secondary,2,4,3,Oberkörper
EX000643,Einarmiges Kabelrudern im Halbkniestand,FOREARMS,Unterarmmuskulatur,secondary,2,5,2,Oberkörper
EX000644,Einarmiges Kabelrudern im Stand,LATS,Latissimus,primary,5,1,4,Oberkörper
EX000644,Einarmiges Kabelrudern im Stand,RHOMBOIDS,Rhomboiden und mittlerer Rücken,secondary,3,1,2,Oberkörper
EX000644,Einarmiges Kabelrudern im Stand,BICEPS,Bizeps,secondary,3,2,2,Oberkörper
EX000644,Einarmiges Kabelrudern im Stand,REAR_DELTS,Hintere Schulter,secondary,3,3,2,Oberkörper
EX000644,Einarmiges Kabelrudern im Stand,TRAPS,Trapezmuskel,secondary,2,4,3,Oberkörper
EX000644,Einarmiges Kabelrudern im Stand,FOREARMS,Unterarmmuskulatur,secondary,2,5,2,Oberkörper
EX000645,Einarmiges Rudern an der Maschine,LATS,Latissimus,primary,5,1,4,Oberkörper
EX000645,Einarmiges Rudern an der Maschine,RHOMBOIDS,Rhomboiden und mittlerer Rücken,secondary,3,1,2,Oberkörper
EX000645,Einarmiges Rudern an der Maschine,BICEPS,Bizeps,secondary,3,2,2,Oberkörper
EX000645,Einarmiges Rudern an der Maschine,REAR_DELTS,Hintere Schulter,secondary,3,3,2,Oberkörper
EX000645,Einarmiges Rudern an der Maschine,TRAPS,Trapezmuskel,secondary,2,4,3,Oberkörper
EX000645,Einarmiges Rudern an der Maschine,FOREARMS,Unterarmmuskulatur,secondary,2,5,2,Oberkörper
EX000646,Einarmiges sitzendes Kabelrudern,LATS,Latissimus,primary,5,1,4,Oberkörper
EX000646,Einarmiges sitzendes Kabelrudern,RHOMBOIDS,Rhomboiden und mittlerer Rücken,secondary,3,1,2,Oberkörper
EX000646,Einarmiges sitzendes Kabelrudern,BICEPS,Bizeps,secondary,3,2,2,Oberkörper
EX000646,Einarmiges sitzendes Kabelrudern,REAR_DELTS,Hintere Schulter,secondary,3,3,2,Oberkörper
EX000646,Einarmiges sitzendes Kabelrudern,TRAPS,Trapezmuskel,secondary,2,4,3,Oberkörper
EX000646,Einarmiges sitzendes Kabelrudern,FOREARMS,Unterarmmuskulatur,secondary,2,5,2,Oberkörper
EX000647,Hohes Kabelrudern mit Seil,REAR_DELTS,Hintere Schulter,primary,5,1,2,Oberkörper
EX000647,Hohes Kabelrudern mit Seil,RHOMBOIDS,Rhomboiden und mittlerer Rücken,secondary,3,1,2,Oberkörper
EX000647,Hohes Kabelrudern mit Seil,TRAPS,Trapezmuskel,secondary,3,2,3,Oberkörper
EX000647,Hohes Kabelrudern mit Seil,LATS,Latissimus,secondary,3,3,4,Oberkörper
EX000647,Hohes Kabelrudern mit Seil,BICEPS,Bizeps,secondary,2,4,2,Oberkörper
EX000648,Rudern an der Maschine mit engem Griff,LATS,Latissimus,primary,5,1,4,Oberkörper
EX000648,Rudern an der Maschine mit engem Griff,RHOMBOIDS,Rhomboiden und mittlerer Rücken,secondary,3,1,2,Oberkörper
EX000648,Rudern an der Maschine mit engem Griff,BICEPS,Bizeps,secondary,3,2,2,Oberkörper
EX000648,Rudern an der Maschine mit engem Griff,REAR_DELTS,Hintere Schulter,secondary,3,3,2,Oberkörper
EX000648,Rudern an der Maschine mit engem Griff,TRAPS,Trapezmuskel,secondary,2,4,3,Oberkörper
EX000648,Rudern an der Maschine mit engem Griff,FOREARMS,Unterarmmuskulatur,secondary,2,5,2,Oberkörper
EX000649,Rudern an der Maschine mit weitem Griff,RHOMBOIDS,Rhomboiden und mittlerer Rücken,primary,5,1,2,Oberkörper
EX000649,Rudern an der Maschine mit weitem Griff,LATS,Latissimus,secondary,3,1,4,Oberkörper
EX000649,Rudern an der Maschine mit weitem Griff,BICEPS,Bizeps,secondary,3,2,2,Oberkörper
EX000649,Rudern an der Maschine mit weitem Griff,REAR_DELTS,Hintere Schulter,secondary,3,3,2,Oberkörper
EX000649,Rudern an der Maschine mit weitem Griff,TRAPS,Trapezmuskel,secondary,2,4,3,Oberkörper
EX000649,Rudern an der Maschine mit weitem Griff,FOREARMS,Unterarmmuskulatur,secondary,2,5,2,Oberkörper
EX000650,Sitzendes Kabelrudern mit breitem Obergriff,RHOMBOIDS,Rhomboiden und mittlerer Rücken,primary,5,1,2,Oberkörper
EX000650,Sitzendes Kabelrudern mit breitem Obergriff,LATS,Latissimus,secondary,3,1,4,Oberkörper
EX000650,Sitzendes Kabelrudern mit breitem Obergriff,BICEPS,Bizeps,secondary,3,2,2,Oberkörper
EX000650,Sitzendes Kabelrudern mit breitem Obergriff,REAR_DELTS,Hintere Schulter,secondary,3,3,2,Oberkörper
EX000650,Sitzendes Kabelrudern mit breitem Obergriff,TRAPS,Trapezmuskel,secondary,2,4,3,Oberkörper
EX000650,Sitzendes Kabelrudern mit breitem Obergriff,FOREARMS,Unterarmmuskulatur,secondary,2,5,2,Oberkörper
EX000651,Sitzendes Kabelrudern mit engem Neutralgriff,LATS,Latissimus,primary,5,1,4,Oberkörper
EX000651,Sitzendes Kabelrudern mit engem Neutralgriff,RHOMBOIDS,Rhomboiden und mittlerer Rücken,secondary,3,1,2,Oberkörper
EX000651,Sitzendes Kabelrudern mit engem Neutralgriff,BICEPS,Bizeps,secondary,3,2,2,Oberkörper
EX000651,Sitzendes Kabelrudern mit engem Neutralgriff,REAR_DELTS,Hintere Schulter,secondary,3,3,2,Oberkörper
EX000651,Sitzendes Kabelrudern mit engem Neutralgriff,TRAPS,Trapezmuskel,secondary,2,4,3,Oberkörper
EX000651,Sitzendes Kabelrudern mit engem Neutralgriff,FOREARMS,Unterarmmuskulatur,secondary,2,5,2,Oberkörper
EX000652,Sitzendes Kabelrudern mit Seil,RHOMBOIDS,Rhomboiden und mittlerer Rücken,primary,5,1,2,Oberkörper
EX000652,Sitzendes Kabelrudern mit Seil,LATS,Latissimus,secondary,3,1,4,Oberkörper
EX000652,Sitzendes Kabelrudern mit Seil,BICEPS,Bizeps,secondary,3,2,2,Oberkörper
EX000652,Sitzendes Kabelrudern mit Seil,REAR_DELTS,Hintere Schulter,secondary,3,3,2,Oberkörper
EX000652,Sitzendes Kabelrudern mit Seil,TRAPS,Trapezmuskel,secondary,2,4,3,Oberkörper
EX000652,Sitzendes Kabelrudern mit Seil,FOREARMS,Unterarmmuskulatur,secondary,2,5,2,Oberkörper
EX000653,Sitzendes Kabelrudern mit Untergriff,LATS,Latissimus,primary,5,1,4,Oberkörper
EX000653,Sitzendes Kabelrudern mit Untergriff,RHOMBOIDS,Rhomboiden und mittlerer Rücken,secondary,3,1,2,Oberkörper
EX000653,Sitzendes Kabelrudern mit Untergriff,BICEPS,Bizeps,secondary,3,2,2,Oberkörper
EX000653,Sitzendes Kabelrudern mit Untergriff,REAR_DELTS,Hintere Schulter,secondary,3,3,2,Oberkörper
EX000653,Sitzendes Kabelrudern mit Untergriff,TRAPS,Trapezmuskel,secondary,2,4,3,Oberkörper
EX000653,Sitzendes Kabelrudern mit Untergriff,FOREARMS,Unterarmmuskulatur,secondary,2,5,2,Oberkörper
EX000654,Donkey Calf Raise an der Maschine,CALVES,Wadenmuskulatur,primary,5,1,3,Unterkörper
EX000655,Donkey Calf Raise mit Körpergewicht,CALVES,Wadenmuskulatur,primary,5,1,3,Unterkörper
EX000656,Einbeiniges Wadenheben im Stand,CALVES,Wadenmuskulatur,primary,5,1,3,Unterkörper
EX000657,Einbeiniges Wadenheben mit Kurzhantel,CALVES,Wadenmuskulatur,primary,5,1,3,Unterkörper
EX000658,Sitzendes Wadenheben an der Maschine,CALVES,Wadenmuskulatur,primary,5,1,3,Unterkörper
EX000659,Sitzendes Wadenheben mit Kurzhanteln,CALVES,Wadenmuskulatur,primary,5,1,3,Unterkörper
EX000660,Sitzendes Wadenheben mit Langhantel,CALVES,Wadenmuskulatur,primary,5,1,3,Unterkörper
EX000661,Stehendes Wadenheben an der Maschine,CALVES,Wadenmuskulatur,primary,5,1,3,Unterkörper
EX000662,Tibialis Raise an der Wand,TIBIALIS,Schienbeinmuskel,primary,5,1,1,Unterkörper
EX000663,Tibialis Raise auf einer Erhöhung,TIBIALIS,Schienbeinmuskel,primary,5,1,1,Unterkörper
EX000664,Tibialis Raise mit Widerstandsband,TIBIALIS,Schienbeinmuskel,primary,5,1,1,Unterkörper
EX000665,Wadenheben an der Beinpresse,CALVES,Wadenmuskulatur,primary,5,1,3,Unterkörper
EX000666,Wadenheben an der Multipresse,CALVES,Wadenmuskulatur,primary,5,1,3,Unterkörper
EX000667,"Wadenheben auf einer Stufe, tiefer Bewegungsumfang",CALVES,Wadenmuskulatur,primary,5,1,3,Unterkörper
EX000668,Wadenheben im Stand mit Körpergewicht,CALVES,Wadenmuskulatur,primary,5,1,3,Unterkörper
EX000669,Wadenheben mit Kurzhanteln,CALVES,Wadenmuskulatur,primary,5,1,3,Unterkörper
EX000670,Wadenheben mit Langhantel,CALVES,Wadenmuskulatur,primary,5,1,3,Unterkörper
EX000671,Yoke Hold,FULL_BODY,Ganzkörper,primary,5,1,5,Ganzkörper
EX000671,Yoke Hold,TRAPS,Trapezmuskel,secondary,3,1,3,Oberkörper
EX000671,Yoke Hold,ERECTORS,Rückenstrecker,secondary,3,2,4,Rumpf
EX000671,Yoke Hold,DEEP_CORE,Tiefe Rumpfmuskulatur,secondary,3,3,2,Rumpf
EX000671,Yoke Hold,GLUTES,Gesässmuskulatur,secondary,2,4,5,Unterkörper
EX000671,Yoke Hold,QUADS,Quadrizeps,secondary,2,5,5,Unterkörper
EX000672,Butterfly an der Pec-Deck-Maschine,CHEST,Brustmuskulatur,primary,5,1,4,Oberkörper
EX000672,Butterfly an der Pec-Deck-Maschine,FRONT_DELTS,Vordere Schulter,secondary,3,1,2,Oberkörper
EX000672,Butterfly an der Pec-Deck-Maschine,BICEPS,Bizeps,secondary,3,2,2,Oberkörper
EX000673,Cable Crossover auf Brusthöhe,CHEST,Brustmuskulatur,primary,5,1,4,Oberkörper
EX000673,Cable Crossover auf Brusthöhe,FRONT_DELTS,Vordere Schulter,secondary,3,1,2,Oberkörper
EX000673,Cable Crossover auf Brusthöhe,BICEPS,Bizeps,secondary,3,2,2,Oberkörper
EX000674,Cable Crossover von oben nach unten,CHEST,Brustmuskulatur,primary,5,1,4,Oberkörper
EX000674,Cable Crossover von oben nach unten,FRONT_DELTS,Vordere Schulter,secondary,3,1,2,Oberkörper
EX000674,Cable Crossover von oben nach unten,BICEPS,Bizeps,secondary,3,2,2,Oberkörper
EX000675,Cable Crossover von unten nach oben,CHEST,Brustmuskulatur,primary,5,1,4,Oberkörper
EX000675,Cable Crossover von unten nach oben,FRONT_DELTS,Vordere Schulter,secondary,3,1,2,Oberkörper
EX000675,Cable Crossover von unten nach oben,BICEPS,Bizeps,secondary,3,2,2,Oberkörper
EX000676,Cable Fly auf der Flachbank,CHEST,Brustmuskulatur,primary,5,1,4,Oberkörper
EX000676,Cable Fly auf der Flachbank,FRONT_DELTS,Vordere Schulter,secondary,3,1,2,Oberkörper
EX000676,Cable Fly auf der Flachbank,BICEPS,Bizeps,secondary,3,2,2,Oberkörper
EX000677,Cable Fly auf der Schrägbank,CHEST,Brustmuskulatur,primary,5,1,4,Oberkörper
EX000677,Cable Fly auf der Schrägbank,FRONT_DELTS,Vordere Schulter,secondary,3,1,2,Oberkörper
EX000677,Cable Fly auf der Schrägbank,BICEPS,Bizeps,secondary,3,2,2,Oberkörper
EX000678,Einarmige Kurzhantel-Flys,CHEST,Brustmuskulatur,primary,5,1,4,Oberkörper
EX000678,Einarmige Kurzhantel-Flys,FRONT_DELTS,Vordere Schulter,secondary,3,1,2,Oberkörper
EX000678,Einarmige Kurzhantel-Flys,BICEPS,Bizeps,secondary,3,2,2,Oberkörper
EX000678,Einarmige Kurzhantel-Flys,ABS,Gerade Bauchmuskulatur,secondary,3,3,3,Rumpf
EX000679,Einarmiger Butterfly an der Maschine,CHEST,Brustmuskulatur,primary,5,1,4,Oberkörper
EX000679,Einarmiger Butterfly an der Maschine,FRONT_DELTS,Vordere Schulter,secondary,3,1,2,Oberkörper
EX000679,Einarmiger Butterfly an der Maschine,BICEPS,Bizeps,secondary,3,2,2,Oberkörper
EX000679,Einarmiger Butterfly an der Maschine,ABS,Gerade Bauchmuskulatur,secondary,3,3,3,Rumpf
EX000680,Einarmiger Cable Fly auf Brusthöhe,CHEST,Brustmuskulatur,primary,5,1,4,Oberkörper
EX000680,Einarmiger Cable Fly auf Brusthöhe,FRONT_DELTS,Vordere Schulter,secondary,3,1,2,Oberkörper
EX000680,Einarmiger Cable Fly auf Brusthöhe,BICEPS,Bizeps,secondary,3,2,2,Oberkörper
EX000680,Einarmiger Cable Fly auf Brusthöhe,ABS,Gerade Bauchmuskulatur,secondary,3,3,3,Rumpf
EX000681,Einarmiger Cable Fly von oben nach unten,CHEST,Brustmuskulatur,primary,5,1,4,Oberkörper
EX000681,Einarmiger Cable Fly von oben nach unten,FRONT_DELTS,Vordere Schulter,secondary,3,1,2,Oberkörper
EX000681,Einarmiger Cable Fly von oben nach unten,BICEPS,Bizeps,secondary,3,2,2,Oberkörper
EX000681,Einarmiger Cable Fly von oben nach unten,ABS,Gerade Bauchmuskulatur,secondary,3,3,3,Rumpf
EX000682,Einarmiger Cable Fly von unten nach oben,CHEST,Brustmuskulatur,primary,5,1,4,Oberkörper
EX000682,Einarmiger Cable Fly von unten nach oben,FRONT_DELTS,Vordere Schulter,secondary,3,1,2,Oberkörper
EX000682,Einarmiger Cable Fly von unten nach oben,BICEPS,Bizeps,secondary,3,2,2,Oberkörper
EX000682,Einarmiger Cable Fly von unten nach oben,ABS,Gerade Bauchmuskulatur,secondary,3,3,3,Rumpf
EX000683,Einarmiger Fly mit Widerstandsband,CHEST,Brustmuskulatur,primary,5,1,4,Oberkörper
EX000683,Einarmiger Fly mit Widerstandsband,FRONT_DELTS,Vordere Schulter,secondary,3,1,2,Oberkörper
EX000683,Einarmiger Fly mit Widerstandsband,BICEPS,Bizeps,secondary,3,2,2,Oberkörper
EX000683,Einarmiger Fly mit Widerstandsband,ABS,Gerade Bauchmuskulatur,secondary,3,3,3,Rumpf
EX000684,Flys am Schlingentrainer,CHEST,Brustmuskulatur,primary,5,1,4,Oberkörper
EX000684,Flys am Schlingentrainer,FRONT_DELTS,Vordere Schulter,secondary,3,1,2,Oberkörper
EX000684,Flys am Schlingentrainer,BICEPS,Bizeps,secondary,3,2,2,Oberkörper
EX000684,Flys am Schlingentrainer,ABS,Gerade Bauchmuskulatur,secondary,3,3,3,Rumpf
EX000685,Flys mit Widerstandsband,CHEST,Brustmuskulatur,primary,5,1,4,Oberkörper
EX000685,Flys mit Widerstandsband,FRONT_DELTS,Vordere Schulter,secondary,3,1,2,Oberkörper
EX000685,Flys mit Widerstandsband,BICEPS,Bizeps,secondary,3,2,2,Oberkörper
EX000686,Kniender Cable Fly,CHEST,Brustmuskulatur,primary,5,1,4,Oberkörper
EX000686,Kniender Cable Fly,FRONT_DELTS,Vordere Schulter,secondary,3,1,2,Oberkörper
EX000686,Kniender Cable Fly,BICEPS,Bizeps,secondary,3,2,2,Oberkörper
EX000687,Kurzhantel-Floor-Fly,CHEST,Brustmuskulatur,primary,5,1,4,Oberkörper
EX000687,Kurzhantel-Floor-Fly,FRONT_DELTS,Vordere Schulter,secondary,3,1,2,Oberkörper
EX000687,Kurzhantel-Floor-Fly,BICEPS,Bizeps,secondary,3,2,2,Oberkörper
EX000688,Kurzhantel-Flys auf der Flachbank,CHEST,Brustmuskulatur,primary,5,1,4,Oberkörper
EX000688,Kurzhantel-Flys auf der Flachbank,FRONT_DELTS,Vordere Schulter,secondary,3,1,2,Oberkörper
EX000688,Kurzhantel-Flys auf der Flachbank,BICEPS,Bizeps,secondary,3,2,2,Oberkörper
EX000689,Kurzhantel-Flys auf der Negativbank,CHEST,Brustmuskulatur,primary,5,1,4,Oberkörper
EX000689,Kurzhantel-Flys auf der Negativbank,FRONT_DELTS,Vordere Schulter,secondary,3,1,2,Oberkörper
EX000689,Kurzhantel-Flys auf der Negativbank,BICEPS,Bizeps,secondary,3,2,2,Oberkörper
EX000690,Kurzhantel-Flys auf der Schrägbank,CHEST,Brustmuskulatur,primary,5,1,4,Oberkörper
EX000690,Kurzhantel-Flys auf der Schrägbank,FRONT_DELTS,Vordere Schulter,secondary,3,1,2,Oberkörper
EX000690,Kurzhantel-Flys auf der Schrägbank,BICEPS,Bizeps,secondary,3,2,2,Oberkörper
EX000691,Ring-Flys,CHEST,Brustmuskulatur,primary,5,1,4,Oberkörper
EX000691,Ring-Flys,FRONT_DELTS,Vordere Schulter,secondary,3,1,2,Oberkörper
EX000691,Ring-Flys,BICEPS,Bizeps,secondary,3,2,2,Oberkörper
EX000691,Ring-Flys,ABS,Gerade Bauchmuskulatur,secondary,3,3,3,Rumpf
EX000692,Alternierender Kettlebell-Floor-Press,CHEST,Brustmuskulatur,primary,5,1,4,Oberkörper
EX000692,Alternierender Kettlebell-Floor-Press,TRICEPS,Trizeps,secondary,3,1,3,Oberkörper
EX000692,Alternierender Kettlebell-Floor-Press,FRONT_DELTS,Vordere Schulter,secondary,3,2,2,Oberkörper
EX000692,Alternierender Kettlebell-Floor-Press,ABS,Gerade Bauchmuskulatur,secondary,3,3,3,Rumpf
EX000693,Alternierendes Bankdrücken mit Kurzhanteln,CHEST,Brustmuskulatur,primary,5,1,4,Oberkörper
EX000693,Alternierendes Bankdrücken mit Kurzhanteln,TRICEPS,Trizeps,secondary,3,1,3,Oberkörper
EX000693,Alternierendes Bankdrücken mit Kurzhanteln,FRONT_DELTS,Vordere Schulter,secondary,3,2,2,Oberkörper
EX000693,Alternierendes Bankdrücken mit Kurzhanteln,ABS,Gerade Bauchmuskulatur,secondary,3,3,3,Rumpf
EX000694,Alternierendes Schrägbankdrücken mit Kurzhanteln,CHEST,Brustmuskulatur,primary,5,1,4,Oberkörper
EX000694,Alternierendes Schrägbankdrücken mit Kurzhanteln,TRICEPS,Trizeps,secondary,3,1,3,Oberkörper
EX000694,Alternierendes Schrägbankdrücken mit Kurzhanteln,FRONT_DELTS,Vordere Schulter,secondary,3,2,2,Oberkörper
EX000694,Alternierendes Schrägbankdrücken mit Kurzhanteln,ABS,Gerade Bauchmuskulatur,secondary,3,3,3,Rumpf
EX000695,Bankdrücken mit Kurzhanteln,CHEST,Brustmuskulatur,primary,5,1,4,Oberkörper
EX000695,Bankdrücken mit Kurzhanteln,TRICEPS,Trizeps,secondary,3,1,3,Oberkörper
EX000695,Bankdrücken mit Kurzhanteln,FRONT_DELTS,Vordere Schulter,secondary,3,2,2,Oberkörper
EX000696,Bankdrücken mit Kurzhanteln im Neutralgriff,CHEST,Brustmuskulatur,primary,5,1,4,Oberkörper
EX000696,Bankdrücken mit Kurzhanteln im Neutralgriff,TRICEPS,Trizeps,secondary,3,1,3,Oberkörper
EX000696,Bankdrücken mit Kurzhanteln im Neutralgriff,FRONT_DELTS,Vordere Schulter,secondary,3,2,2,Oberkörper
EX000697,Bottoms-up Kettlebell Floor Press,ROTATOR_CUFF,Rotatorenmanschette,primary,5,1,1,Oberkörper
EX000697,Bottoms-up Kettlebell Floor Press,CHEST,Brustmuskulatur,secondary,3,1,4,Oberkörper
EX000697,Bottoms-up Kettlebell Floor Press,TRICEPS,Trizeps,secondary,3,2,3,Oberkörper
EX000697,Bottoms-up Kettlebell Floor Press,FRONT_DELTS,Vordere Schulter,secondary,3,3,2,Oberkörper
EX000697,Bottoms-up Kettlebell Floor Press,FOREARMS,Unterarmmuskulatur,secondary,2,4,2,Oberkörper
EX000698,Einarmiger Kettlebell-Floor-Press,CHEST,Brustmuskulatur,primary,5,1,4,Oberkörper
EX000698,Einarmiger Kettlebell-Floor-Press,TRICEPS,Trizeps,secondary,3,1,3,Oberkörper
EX000698,Einarmiger Kettlebell-Floor-Press,FRONT_DELTS,Vordere Schulter,secondary,3,2,2,Oberkörper
EX000698,Einarmiger Kettlebell-Floor-Press,ABS,Gerade Bauchmuskulatur,secondary,3,3,3,Rumpf
EX000699,Einarmiger Kurzhantel-Floor-Press,TRICEPS,Trizeps,primary,5,1,3,Oberkörper
EX000699,Einarmiger Kurzhantel-Floor-Press,CHEST,Brustmuskulatur,secondary,3,1,4,Oberkörper
EX000699,Einarmiger Kurzhantel-Floor-Press,FRONT_DELTS,Vordere Schulter,secondary,3,2,2,Oberkörper
EX000699,Einarmiger Kurzhantel-Floor-Press,ABS,Gerade Bauchmuskulatur,secondary,3,3,3,Rumpf
EX000700,Einarmiges Bankdrücken mit Kurzhantel,CHEST,Brustmuskulatur,primary,5,1,4,Oberkörper
EX000700,Einarmiges Bankdrücken mit Kurzhantel,TRICEPS,Trizeps,secondary,3,1,3,Oberkörper
EX000700,Einarmiges Bankdrücken mit Kurzhantel,FRONT_DELTS,Vordere Schulter,secondary,3,2,2,Oberkörper
EX000700,Einarmiges Bankdrücken mit Kurzhantel,ABS,Gerade Bauchmuskulatur,secondary,3,3,3,Rumpf
EX000701,Einarmiges Schrägbankdrücken mit Kurzhantel,CHEST,Brustmuskulatur,primary,5,1,4,Oberkörper
EX000701,Einarmiges Schrägbankdrücken mit Kurzhantel,TRICEPS,Trizeps,secondary,3,1,3,Oberkörper
EX000701,Einarmiges Schrägbankdrücken mit Kurzhantel,FRONT_DELTS,Vordere Schulter,secondary,3,2,2,Oberkörper
EX000701,Einarmiges Schrägbankdrücken mit Kurzhantel,ABS,Gerade Bauchmuskulatur,secondary,3,3,3,Rumpf
EX000702,Kettlebell-Floor-Press,CHEST,Brustmuskulatur,primary,5,1,4,Oberkörper
EX000702,Kettlebell-Floor-Press,TRICEPS,Trizeps,secondary,3,1,3,Oberkörper
EX000702,Kettlebell-Floor-Press,FRONT_DELTS,Vordere Schulter,secondary,3,2,2,Oberkörper
EX000703,Kurzhantel-Floor-Press,TRICEPS,Trizeps,primary,5,1,3,Oberkörper
EX000703,Kurzhantel-Floor-Press,CHEST,Brustmuskulatur,secondary,3,1,4,Oberkörper
EX000703,Kurzhantel-Floor-Press,FRONT_DELTS,Vordere Schulter,secondary,3,2,2,Oberkörper
EX000704,Kurzhantel-Squeeze-Press,CHEST,Brustmuskulatur,primary,5,1,4,Oberkörper
EX000704,Kurzhantel-Squeeze-Press,TRICEPS,Trizeps,secondary,3,1,3,Oberkörper
EX000704,Kurzhantel-Squeeze-Press,FRONT_DELTS,Vordere Schulter,secondary,3,2,2,Oberkörper
EX000705,Negativbankdrücken mit Kurzhanteln,CHEST,Brustmuskulatur,primary,5,1,4,Oberkörper
EX000705,Negativbankdrücken mit Kurzhanteln,TRICEPS,Trizeps,secondary,3,1,3,Oberkörper
EX000705,Negativbankdrücken mit Kurzhanteln,FRONT_DELTS,Vordere Schulter,secondary,3,2,2,Oberkörper
EX000706,Schrägbankdrücken mit Kurzhanteln,CHEST,Brustmuskulatur,primary,5,1,4,Oberkörper
EX000706,Schrägbankdrücken mit Kurzhanteln,TRICEPS,Trizeps,secondary,3,1,3,Oberkörper
EX000706,Schrägbankdrücken mit Kurzhanteln,FRONT_DELTS,Vordere Schulter,secondary,3,2,2,Oberkörper
EX000707,Schrägbankdrücken mit Kurzhanteln im Neutralgriff,CHEST,Brustmuskulatur,primary,5,1,4,Oberkörper
EX000707,Schrägbankdrücken mit Kurzhanteln im Neutralgriff,TRICEPS,Trizeps,secondary,3,1,3,Oberkörper
EX000707,Schrägbankdrücken mit Kurzhanteln im Neutralgriff,FRONT_DELTS,Vordere Schulter,secondary,3,2,2,Oberkörper
EX000708,"Schrägbankdrücken mit Kurzhanteln, flacher Winkel",CHEST,Brustmuskulatur,primary,5,1,4,Oberkörper
EX000708,"Schrägbankdrücken mit Kurzhanteln, flacher Winkel",TRICEPS,Trizeps,secondary,3,1,3,Oberkörper
EX000708,"Schrägbankdrücken mit Kurzhanteln, flacher Winkel",FRONT_DELTS,Vordere Schulter,secondary,3,2,2,Oberkörper
EX000709,Alternierendes Kettlebellrudern,LATS,Latissimus,primary,5,1,4,Oberkörper
EX000709,Alternierendes Kettlebellrudern,RHOMBOIDS,Rhomboiden und mittlerer Rücken,secondary,3,1,2,Oberkörper
EX000709,Alternierendes Kettlebellrudern,BICEPS,Bizeps,secondary,3,2,2,Oberkörper
EX000709,Alternierendes Kettlebellrudern,REAR_DELTS,Hintere Schulter,secondary,3,3,2,Oberkörper
EX000709,Alternierendes Kettlebellrudern,TRAPS,Trapezmuskel,secondary,2,4,3,Oberkörper
EX000709,Alternierendes Kettlebellrudern,FOREARMS,Unterarmmuskulatur,secondary,2,5,2,Oberkörper
EX000709,Alternierendes Kettlebellrudern,ABS,Gerade Bauchmuskulatur,secondary,2,6,3,Rumpf
EX000710,Alternierendes Kurzhantelrudern vorgebeugt,LATS,Latissimus,primary,5,1,4,Oberkörper
EX000710,Alternierendes Kurzhantelrudern vorgebeugt,RHOMBOIDS,Rhomboiden und mittlerer Rücken,secondary,3,1,2,Oberkörper
EX000710,Alternierendes Kurzhantelrudern vorgebeugt,BICEPS,Bizeps,secondary,3,2,2,Oberkörper
EX000710,Alternierendes Kurzhantelrudern vorgebeugt,REAR_DELTS,Hintere Schulter,secondary,3,3,2,Oberkörper
EX000710,Alternierendes Kurzhantelrudern vorgebeugt,TRAPS,Trapezmuskel,secondary,2,4,3,Oberkörper
EX000710,Alternierendes Kurzhantelrudern vorgebeugt,FOREARMS,Unterarmmuskulatur,secondary,2,5,2,Oberkörper
EX000710,Alternierendes Kurzhantelrudern vorgebeugt,ABS,Gerade Bauchmuskulatur,secondary,2,6,3,Rumpf
EX000711,Batwing Row mit Kurzhanteln,RHOMBOIDS,Rhomboiden und mittlerer Rücken,primary,5,1,2,Oberkörper
EX000711,Batwing Row mit Kurzhanteln,LATS,Latissimus,secondary,3,1,4,Oberkörper
EX000711,Batwing Row mit Kurzhanteln,BICEPS,Bizeps,secondary,3,2,2,Oberkörper
EX000711,Batwing Row mit Kurzhanteln,REAR_DELTS,Hintere Schulter,secondary,3,3,2,Oberkörper
EX000711,Batwing Row mit Kurzhanteln,TRAPS,Trapezmuskel,secondary,2,4,3,Oberkörper
EX000711,Batwing Row mit Kurzhanteln,FOREARMS,Unterarmmuskulatur,secondary,2,5,2,Oberkörper
EX000712,Einarmiges Kettlebellrudern,LATS,Latissimus,primary,5,1,4,Oberkörper
EX000712,Einarmiges Kettlebellrudern,RHOMBOIDS,Rhomboiden und mittlerer Rücken,secondary,3,1,2,Oberkörper
EX000712,Einarmiges Kettlebellrudern,BICEPS,Bizeps,secondary,3,2,2,Oberkörper
EX000712,Einarmiges Kettlebellrudern,REAR_DELTS,Hintere Schulter,secondary,3,3,2,Oberkörper
EX000712,Einarmiges Kettlebellrudern,TRAPS,Trapezmuskel,secondary,2,4,3,Oberkörper
EX000712,Einarmiges Kettlebellrudern,FOREARMS,Unterarmmuskulatur,secondary,2,5,2,Oberkörper
EX000712,Einarmiges Kettlebellrudern,ABS,Gerade Bauchmuskulatur,secondary,2,6,3,Rumpf
EX000713,Einarmiges Kurzhantelrudern auf der Bank,LATS,Latissimus,primary,5,1,4,Oberkörper
EX000713,Einarmiges Kurzhantelrudern auf der Bank,RHOMBOIDS,Rhomboiden und mittlerer Rücken,secondary,3,1,2,Oberkörper
EX000713,Einarmiges Kurzhantelrudern auf der Bank,BICEPS,Bizeps,secondary,3,2,2,Oberkörper
EX000713,Einarmiges Kurzhantelrudern auf der Bank,REAR_DELTS,Hintere Schulter,secondary,3,3,2,Oberkörper
EX000713,Einarmiges Kurzhantelrudern auf der Bank,TRAPS,Trapezmuskel,secondary,2,4,3,Oberkörper
EX000713,Einarmiges Kurzhantelrudern auf der Bank,FOREARMS,Unterarmmuskulatur,secondary,2,5,2,Oberkörper
EX000713,Einarmiges Kurzhantelrudern auf der Bank,ABS,Gerade Bauchmuskulatur,secondary,2,6,3,Rumpf
EX000714,Einarmiges Kurzhantelrudern im Dreipunktstand,LATS,Latissimus,primary,5,1,4,Oberkörper
EX000714,Einarmiges Kurzhantelrudern im Dreipunktstand,RHOMBOIDS,Rhomboiden und mittlerer Rücken,secondary,3,1,2,Oberkörper
EX000714,Einarmiges Kurzhantelrudern im Dreipunktstand,BICEPS,Bizeps,secondary,3,2,2,Oberkörper
EX000714,Einarmiges Kurzhantelrudern im Dreipunktstand,REAR_DELTS,Hintere Schulter,secondary,3,3,2,Oberkörper
EX000714,Einarmiges Kurzhantelrudern im Dreipunktstand,TRAPS,Trapezmuskel,secondary,2,4,3,Oberkörper
EX000714,Einarmiges Kurzhantelrudern im Dreipunktstand,FOREARMS,Unterarmmuskulatur,secondary,2,5,2,Oberkörper
EX000714,Einarmiges Kurzhantelrudern im Dreipunktstand,ABS,Gerade Bauchmuskulatur,secondary,2,6,3,Rumpf
EX000715,Einarmiges Kurzhantelrudern ohne Abstützen,LATS,Latissimus,primary,5,1,4,Oberkörper
EX000715,Einarmiges Kurzhantelrudern ohne Abstützen,RHOMBOIDS,Rhomboiden und mittlerer Rücken,secondary,3,1,2,Oberkörper
EX000715,Einarmiges Kurzhantelrudern ohne Abstützen,BICEPS,Bizeps,secondary,3,2,2,Oberkörper
EX000715,Einarmiges Kurzhantelrudern ohne Abstützen,REAR_DELTS,Hintere Schulter,secondary,3,3,2,Oberkörper
EX000715,Einarmiges Kurzhantelrudern ohne Abstützen,TRAPS,Trapezmuskel,secondary,2,4,3,Oberkörper
EX000715,Einarmiges Kurzhantelrudern ohne Abstützen,FOREARMS,Unterarmmuskulatur,secondary,2,5,2,Oberkörper
EX000715,Einarmiges Kurzhantelrudern ohne Abstützen,ABS,Gerade Bauchmuskulatur,secondary,2,6,3,Rumpf
EX000716,Gorilla Row mit Kettlebells,LATS,Latissimus,primary,5,1,4,Oberkörper
EX000716,Gorilla Row mit Kettlebells,RHOMBOIDS,Rhomboiden und mittlerer Rücken,secondary,3,1,2,Oberkörper
EX000716,Gorilla Row mit Kettlebells,BICEPS,Bizeps,secondary,3,2,2,Oberkörper
EX000716,Gorilla Row mit Kettlebells,REAR_DELTS,Hintere Schulter,secondary,3,3,2,Oberkörper
EX000716,Gorilla Row mit Kettlebells,TRAPS,Trapezmuskel,secondary,2,4,3,Oberkörper
EX000716,Gorilla Row mit Kettlebells,FOREARMS,Unterarmmuskulatur,secondary,2,5,2,Oberkörper
EX000716,Gorilla Row mit Kettlebells,ABS,Gerade Bauchmuskulatur,secondary,2,6,3,Rumpf
EX000717,Kettlebellrudern beidarmig vorgebeugt,RHOMBOIDS,Rhomboiden und mittlerer Rücken,primary,5,1,2,Oberkörper
EX000717,Kettlebellrudern beidarmig vorgebeugt,LATS,Latissimus,secondary,3,1,4,Oberkörper
EX000717,Kettlebellrudern beidarmig vorgebeugt,BICEPS,Bizeps,secondary,3,2,2,Oberkörper
EX000717,Kettlebellrudern beidarmig vorgebeugt,REAR_DELTS,Hintere Schulter,secondary,3,3,2,Oberkörper
EX000717,Kettlebellrudern beidarmig vorgebeugt,TRAPS,Trapezmuskel,secondary,2,4,3,Oberkörper
EX000717,Kettlebellrudern beidarmig vorgebeugt,FOREARMS,Unterarmmuskulatur,secondary,2,5,2,Oberkörper
EX000718,Kurzhantel Seal Row,RHOMBOIDS,Rhomboiden und mittlerer Rücken,primary,5,1,2,Oberkörper
EX000718,Kurzhantel Seal Row,LATS,Latissimus,secondary,3,1,4,Oberkörper
EX000718,Kurzhantel Seal Row,BICEPS,Bizeps,secondary,3,2,2,Oberkörper
EX000718,Kurzhantel Seal Row,REAR_DELTS,Hintere Schulter,secondary,3,3,2,Oberkörper
EX000718,Kurzhantel Seal Row,TRAPS,Trapezmuskel,secondary,2,4,3,Oberkörper
EX000718,Kurzhantel Seal Row,FOREARMS,Unterarmmuskulatur,secondary,2,5,2,Oberkörper
EX000719,Kurzhantelrudern auf der Schrägbank im Neutralgriff,LATS,Latissimus,primary,5,1,4,Oberkörper
EX000719,Kurzhantelrudern auf der Schrägbank im Neutralgriff,RHOMBOIDS,Rhomboiden und mittlerer Rücken,secondary,3,1,2,Oberkörper
EX000719,Kurzhantelrudern auf der Schrägbank im Neutralgriff,BICEPS,Bizeps,secondary,3,2,2,Oberkörper
EX000719,Kurzhantelrudern auf der Schrägbank im Neutralgriff,REAR_DELTS,Hintere Schulter,secondary,3,3,2,Oberkörper
EX000719,Kurzhantelrudern auf der Schrägbank im Neutralgriff,TRAPS,Trapezmuskel,secondary,2,4,3,Oberkörper
EX000719,Kurzhantelrudern auf der Schrägbank im Neutralgriff,FOREARMS,Unterarmmuskulatur,secondary,2,5,2,Oberkörper
EX000719,Kurzhantelrudern auf der Schrägbank im Neutralgriff,ABS,Gerade Bauchmuskulatur,secondary,2,6,3,Rumpf
EX000720,Kurzhantelrudern auf der Schrägbank mit weitem Ellenbogen,REAR_DELTS,Hintere Schulter,primary,5,1,2,Oberkörper
EX000720,Kurzhantelrudern auf der Schrägbank mit weitem Ellenbogen,RHOMBOIDS,Rhomboiden und mittlerer Rücken,secondary,3,1,2,Oberkörper
EX000720,Kurzhantelrudern auf der Schrägbank mit weitem Ellenbogen,TRAPS,Trapezmuskel,secondary,3,2,3,Oberkörper
EX000720,Kurzhantelrudern auf der Schrägbank mit weitem Ellenbogen,LATS,Latissimus,secondary,3,3,4,Oberkörper
EX000720,Kurzhantelrudern auf der Schrägbank mit weitem Ellenbogen,BICEPS,Bizeps,secondary,2,4,2,Oberkörper
EX000721,"Kurzhantelrudern auf der Schrägbank, brustgestützt",RHOMBOIDS,Rhomboiden und mittlerer Rücken,primary,5,1,2,Oberkörper
EX000721,"Kurzhantelrudern auf der Schrägbank, brustgestützt",LATS,Latissimus,secondary,3,1,4,Oberkörper
EX000721,"Kurzhantelrudern auf der Schrägbank, brustgestützt",BICEPS,Bizeps,secondary,3,2,2,Oberkörper
EX000721,"Kurzhantelrudern auf der Schrägbank, brustgestützt",REAR_DELTS,Hintere Schulter,secondary,3,3,2,Oberkörper
EX000721,"Kurzhantelrudern auf der Schrägbank, brustgestützt",TRAPS,Trapezmuskel,secondary,2,4,3,Oberkörper
EX000721,"Kurzhantelrudern auf der Schrägbank, brustgestützt",FOREARMS,Unterarmmuskulatur,secondary,2,5,2,Oberkörper
EX000722,Kurzhantelrudern beidarmig vorgebeugt,RHOMBOIDS,Rhomboiden und mittlerer Rücken,primary,5,1,2,Oberkörper
EX000722,Kurzhantelrudern beidarmig vorgebeugt,LATS,Latissimus,secondary,3,1,4,Oberkörper
EX000722,Kurzhantelrudern beidarmig vorgebeugt,BICEPS,Bizeps,secondary,3,2,2,Oberkörper
EX000722,Kurzhantelrudern beidarmig vorgebeugt,REAR_DELTS,Hintere Schulter,secondary,3,3,2,Oberkörper
EX000722,Kurzhantelrudern beidarmig vorgebeugt,TRAPS,Trapezmuskel,secondary,2,4,3,Oberkörper
EX000722,Kurzhantelrudern beidarmig vorgebeugt,FOREARMS,Unterarmmuskulatur,secondary,2,5,2,Oberkörper
EX000723,Renegade Row mit Kettlebells,LATS,Latissimus,primary,5,1,4,Oberkörper
EX000723,Renegade Row mit Kettlebells,RHOMBOIDS,Rhomboiden und mittlerer Rücken,secondary,3,1,2,Oberkörper
EX000723,Renegade Row mit Kettlebells,BICEPS,Bizeps,secondary,3,2,2,Oberkörper
EX000723,Renegade Row mit Kettlebells,REAR_DELTS,Hintere Schulter,secondary,3,3,2,Oberkörper
EX000723,Renegade Row mit Kettlebells,TRAPS,Trapezmuskel,secondary,2,4,3,Oberkörper
EX000723,Renegade Row mit Kettlebells,FOREARMS,Unterarmmuskulatur,secondary,2,5,2,Oberkörper
EX000723,Renegade Row mit Kettlebells,ABS,Gerade Bauchmuskulatur,secondary,2,6,3,Rumpf
EX000724,Renegade Row mit Kurzhanteln,LATS,Latissimus,primary,5,1,4,Oberkörper
EX000724,Renegade Row mit Kurzhanteln,RHOMBOIDS,Rhomboiden und mittlerer Rücken,secondary,3,1,2,Oberkörper
EX000724,Renegade Row mit Kurzhanteln,BICEPS,Bizeps,secondary,3,2,2,Oberkörper
EX000724,Renegade Row mit Kurzhanteln,REAR_DELTS,Hintere Schulter,secondary,3,3,2,Oberkörper
EX000724,Renegade Row mit Kurzhanteln,TRAPS,Trapezmuskel,secondary,2,4,3,Oberkörper
EX000724,Renegade Row mit Kurzhanteln,FOREARMS,Unterarmmuskulatur,secondary,2,5,2,Oberkörper
EX000724,Renegade Row mit Kurzhanteln,ABS,Gerade Bauchmuskulatur,secondary,2,6,3,Rumpf
EX000725,Block Pull,HAMSTRINGS,Hintere Oberschenkelmuskulatur,primary,5,1,4,Unterkörper
EX000725,Block Pull,GLUTES,Gesässmuskulatur,secondary,3,1,5,Unterkörper
EX000725,Block Pull,ERECTORS,Rückenstrecker,secondary,3,2,4,Rumpf
EX000725,Block Pull,QUADS,Quadrizeps,secondary,3,3,5,Unterkörper
EX000725,Block Pull,LATS,Latissimus,secondary,2,4,4,Oberkörper
EX000725,Block Pull,FOREARMS,Unterarmmuskulatur,secondary,2,5,2,Oberkörper
EX000725,Block Pull,ABS,Gerade Bauchmuskulatur,secondary,2,6,3,Rumpf
EX000726,Bänder-Kreuzheben,HAMSTRINGS,Hintere Oberschenkelmuskulatur,primary,5,1,4,Unterkörper
EX000726,Bänder-Kreuzheben,GLUTES,Gesässmuskulatur,secondary,3,1,5,Unterkörper
EX000726,Bänder-Kreuzheben,ERECTORS,Rückenstrecker,secondary,3,2,4,Rumpf
EX000726,Bänder-Kreuzheben,QUADS,Quadrizeps,secondary,3,3,5,Unterkörper
EX000726,Bänder-Kreuzheben,LATS,Latissimus,secondary,2,4,4,Oberkörper
EX000726,Bänder-Kreuzheben,FOREARMS,Unterarmmuskulatur,secondary,2,5,2,Oberkörper
EX000726,Bänder-Kreuzheben,ABS,Gerade Bauchmuskulatur,secondary,2,6,3,Rumpf
EX000727,Defizit-Kreuzheben,HAMSTRINGS,Hintere Oberschenkelmuskulatur,primary,5,1,4,Unterkörper
EX000727,Defizit-Kreuzheben,GLUTES,Gesässmuskulatur,secondary,3,1,5,Unterkörper
EX000727,Defizit-Kreuzheben,ERECTORS,Rückenstrecker,secondary,3,2,4,Rumpf
EX000727,Defizit-Kreuzheben,QUADS,Quadrizeps,secondary,3,3,5,Unterkörper
EX000727,Defizit-Kreuzheben,LATS,Latissimus,secondary,2,4,4,Oberkörper
EX000727,Defizit-Kreuzheben,FOREARMS,Unterarmmuskulatur,secondary,2,5,2,Oberkörper
EX000727,Defizit-Kreuzheben,ABS,Gerade Bauchmuskulatur,secondary,2,6,3,Rumpf
EX000728,Kabelzug-Kreuzheben,HAMSTRINGS,Hintere Oberschenkelmuskulatur,primary,5,1,4,Unterkörper
EX000728,Kabelzug-Kreuzheben,GLUTES,Gesässmuskulatur,secondary,3,1,5,Unterkörper
EX000728,Kabelzug-Kreuzheben,ERECTORS,Rückenstrecker,secondary,3,2,4,Rumpf
EX000728,Kabelzug-Kreuzheben,QUADS,Quadrizeps,secondary,3,3,5,Unterkörper
EX000728,Kabelzug-Kreuzheben,LATS,Latissimus,secondary,2,4,4,Oberkörper
EX000728,Kabelzug-Kreuzheben,FOREARMS,Unterarmmuskulatur,secondary,2,5,2,Oberkörper
EX000728,Kabelzug-Kreuzheben,ABS,Gerade Bauchmuskulatur,secondary,2,6,3,Rumpf
EX000729,Kettlebell-Kreuzheben,HAMSTRINGS,Hintere Oberschenkelmuskulatur,primary,5,1,4,Unterkörper
EX000729,Kettlebell-Kreuzheben,GLUTES,Gesässmuskulatur,secondary,3,1,5,Unterkörper
EX000729,Kettlebell-Kreuzheben,ERECTORS,Rückenstrecker,secondary,3,2,4,Rumpf
EX000729,Kettlebell-Kreuzheben,QUADS,Quadrizeps,secondary,3,3,5,Unterkörper
EX000729,Kettlebell-Kreuzheben,LATS,Latissimus,secondary,2,4,4,Oberkörper
EX000729,Kettlebell-Kreuzheben,FOREARMS,Unterarmmuskulatur,secondary,2,5,2,Oberkörper
EX000729,Kettlebell-Kreuzheben,ABS,Gerade Bauchmuskulatur,secondary,2,6,3,Rumpf
EX000730,Kettlebell-Sumo-Kreuzheben,GLUTES,Gesässmuskulatur,primary,5,1,5,Unterkörper
EX000730,Kettlebell-Sumo-Kreuzheben,HAMSTRINGS,Hintere Oberschenkelmuskulatur,secondary,3,1,4,Unterkörper
EX000730,Kettlebell-Sumo-Kreuzheben,ERECTORS,Rückenstrecker,secondary,3,2,4,Rumpf
EX000730,Kettlebell-Sumo-Kreuzheben,QUADS,Quadrizeps,secondary,3,3,5,Unterkörper
EX000730,Kettlebell-Sumo-Kreuzheben,LATS,Latissimus,secondary,2,4,4,Oberkörper
EX000730,Kettlebell-Sumo-Kreuzheben,FOREARMS,Unterarmmuskulatur,secondary,2,5,2,Oberkörper
EX000730,Kettlebell-Sumo-Kreuzheben,ABS,Gerade Bauchmuskulatur,secondary,2,6,3,Rumpf
EX000731,Konventionelles Kreuzheben mit Langhantel,HAMSTRINGS,Hintere Oberschenkelmuskulatur,primary,5,1,4,Unterkörper
EX000731,Konventionelles Kreuzheben mit Langhantel,GLUTES,Gesässmuskulatur,secondary,3,1,5,Unterkörper
EX000731,Konventionelles Kreuzheben mit Langhantel,ERECTORS,Rückenstrecker,secondary,3,2,4,Rumpf
EX000731,Konventionelles Kreuzheben mit Langhantel,QUADS,Quadrizeps,secondary,3,3,5,Unterkörper
EX000731,Konventionelles Kreuzheben mit Langhantel,LATS,Latissimus,secondary,2,4,4,Oberkörper
EX000731,Konventionelles Kreuzheben mit Langhantel,FOREARMS,Unterarmmuskulatur,secondary,2,5,2,Oberkörper
EX000731,Konventionelles Kreuzheben mit Langhantel,ABS,Gerade Bauchmuskulatur,secondary,2,6,3,Rumpf
EX000732,Kreuzheben gegen Widerstandsbänder,HAMSTRINGS,Hintere Oberschenkelmuskulatur,primary,5,1,4,Unterkörper
EX000732,Kreuzheben gegen Widerstandsbänder,GLUTES,Gesässmuskulatur,secondary,3,1,5,Unterkörper
EX000732,Kreuzheben gegen Widerstandsbänder,ERECTORS,Rückenstrecker,secondary,3,2,4,Rumpf
EX000732,Kreuzheben gegen Widerstandsbänder,QUADS,Quadrizeps,secondary,3,3,5,Unterkörper
EX000732,Kreuzheben gegen Widerstandsbänder,LATS,Latissimus,secondary,2,4,4,Oberkörper
EX000732,Kreuzheben gegen Widerstandsbänder,FOREARMS,Unterarmmuskulatur,secondary,2,5,2,Oberkörper
EX000732,Kreuzheben gegen Widerstandsbänder,ABS,Gerade Bauchmuskulatur,secondary,2,6,3,Rumpf
EX000733,"Kreuzheben mit gestreckten Beinen, Langhantel",HAMSTRINGS,Hintere Oberschenkelmuskulatur,primary,5,1,4,Unterkörper
EX000733,"Kreuzheben mit gestreckten Beinen, Langhantel",GLUTES,Gesässmuskulatur,secondary,3,1,5,Unterkörper
EX000733,"Kreuzheben mit gestreckten Beinen, Langhantel",ERECTORS,Rückenstrecker,secondary,3,2,4,Rumpf
EX000733,"Kreuzheben mit gestreckten Beinen, Langhantel",QUADS,Quadrizeps,secondary,3,3,5,Unterkörper
EX000733,"Kreuzheben mit gestreckten Beinen, Langhantel",LATS,Latissimus,secondary,2,4,4,Oberkörper
EX000733,"Kreuzheben mit gestreckten Beinen, Langhantel",FOREARMS,Unterarmmuskulatur,secondary,2,5,2,Oberkörper
EX000733,"Kreuzheben mit gestreckten Beinen, Langhantel",ABS,Gerade Bauchmuskulatur,secondary,2,6,3,Rumpf
EX000734,Kreuzheben mit Kurzhanteln,HAMSTRINGS,Hintere Oberschenkelmuskulatur,primary,5,1,4,Unterkörper
EX000734,Kreuzheben mit Kurzhanteln,GLUTES,Gesässmuskulatur,secondary,3,1,5,Unterkörper
EX000734,Kreuzheben mit Kurzhanteln,ERECTORS,Rückenstrecker,secondary,3,2,4,Rumpf
EX000734,Kreuzheben mit Kurzhanteln,QUADS,Quadrizeps,secondary,3,3,5,Unterkörper
EX000734,Kreuzheben mit Kurzhanteln,LATS,Latissimus,secondary,2,4,4,Oberkörper
EX000734,Kreuzheben mit Kurzhanteln,FOREARMS,Unterarmmuskulatur,secondary,2,5,2,Oberkörper
EX000734,Kreuzheben mit Kurzhanteln,ABS,Gerade Bauchmuskulatur,secondary,2,6,3,Rumpf
EX000735,Kreuzheben mit Pause unterhalb des Knies,HAMSTRINGS,Hintere Oberschenkelmuskulatur,primary,5,1,4,Unterkörper
EX000735,Kreuzheben mit Pause unterhalb des Knies,GLUTES,Gesässmuskulatur,secondary,3,1,5,Unterkörper
EX000735,Kreuzheben mit Pause unterhalb des Knies,ERECTORS,Rückenstrecker,secondary,3,2,4,Rumpf
EX000735,Kreuzheben mit Pause unterhalb des Knies,QUADS,Quadrizeps,secondary,3,3,5,Unterkörper
EX000735,Kreuzheben mit Pause unterhalb des Knies,LATS,Latissimus,secondary,2,4,4,Oberkörper
EX000735,Kreuzheben mit Pause unterhalb des Knies,FOREARMS,Unterarmmuskulatur,secondary,2,5,2,Oberkörper
EX000735,Kreuzheben mit Pause unterhalb des Knies,ABS,Gerade Bauchmuskulatur,secondary,2,6,3,Rumpf
EX000736,Kreuzheben mit Snatch-Griff,HAMSTRINGS,Hintere Oberschenkelmuskulatur,primary,5,1,4,Unterkörper
EX000736,Kreuzheben mit Snatch-Griff,GLUTES,Gesässmuskulatur,secondary,3,1,5,Unterkörper
EX000736,Kreuzheben mit Snatch-Griff,ERECTORS,Rückenstrecker,secondary,3,2,4,Rumpf
EX000736,Kreuzheben mit Snatch-Griff,QUADS,Quadrizeps,secondary,3,3,5,Unterkörper
EX000736,Kreuzheben mit Snatch-Griff,LATS,Latissimus,secondary,2,4,4,Oberkörper
EX000736,Kreuzheben mit Snatch-Griff,FOREARMS,Unterarmmuskulatur,secondary,2,5,2,Oberkörper
EX000736,Kreuzheben mit Snatch-Griff,ABS,Gerade Bauchmuskulatur,secondary,2,6,3,Rumpf
EX000737,Kreuzheben mit zwei Kettlebells,HAMSTRINGS,Hintere Oberschenkelmuskulatur,primary,5,1,4,Unterkörper
EX000737,Kreuzheben mit zwei Kettlebells,GLUTES,Gesässmuskulatur,secondary,3,1,5,Unterkörper
EX000737,Kreuzheben mit zwei Kettlebells,ERECTORS,Rückenstrecker,secondary,3,2,4,Rumpf
EX000737,Kreuzheben mit zwei Kettlebells,QUADS,Quadrizeps,secondary,3,3,5,Unterkörper
EX000737,Kreuzheben mit zwei Kettlebells,LATS,Latissimus,secondary,2,4,4,Oberkörper
EX000737,Kreuzheben mit zwei Kettlebells,FOREARMS,Unterarmmuskulatur,secondary,2,5,2,Oberkörper
EX000737,Kreuzheben mit zwei Kettlebells,ABS,Gerade Bauchmuskulatur,secondary,2,6,3,Rumpf
EX000738,Landmine-Kreuzheben,HAMSTRINGS,Hintere Oberschenkelmuskulatur,primary,5,1,4,Unterkörper
EX000738,Landmine-Kreuzheben,GLUTES,Gesässmuskulatur,secondary,3,1,5,Unterkörper
EX000738,Landmine-Kreuzheben,ERECTORS,Rückenstrecker,secondary,3,2,4,Rumpf
EX000738,Landmine-Kreuzheben,QUADS,Quadrizeps,secondary,3,3,5,Unterkörper
EX000738,Landmine-Kreuzheben,LATS,Latissimus,secondary,2,4,4,Oberkörper
EX000738,Landmine-Kreuzheben,FOREARMS,Unterarmmuskulatur,secondary,2,5,2,Oberkörper
EX000738,Landmine-Kreuzheben,ABS,Gerade Bauchmuskulatur,secondary,2,6,3,Rumpf
EX000739,Landmine-Sumo-Kreuzheben,GLUTES,Gesässmuskulatur,primary,5,1,5,Unterkörper
EX000739,Landmine-Sumo-Kreuzheben,HAMSTRINGS,Hintere Oberschenkelmuskulatur,secondary,3,1,4,Unterkörper
EX000739,Landmine-Sumo-Kreuzheben,ERECTORS,Rückenstrecker,secondary,3,2,4,Rumpf
EX000739,Landmine-Sumo-Kreuzheben,QUADS,Quadrizeps,secondary,3,3,5,Unterkörper
EX000739,Landmine-Sumo-Kreuzheben,LATS,Latissimus,secondary,2,4,4,Oberkörper
EX000739,Landmine-Sumo-Kreuzheben,FOREARMS,Unterarmmuskulatur,secondary,2,5,2,Oberkörper
EX000739,Landmine-Sumo-Kreuzheben,ABS,Gerade Bauchmuskulatur,secondary,2,6,3,Rumpf
EX000740,Pausen-Konventionelles Kreuzheben mit Langhantel,HAMSTRINGS,Hintere Oberschenkelmuskulatur,primary,5,1,4,Unterkörper
EX000740,Pausen-Konventionelles Kreuzheben mit Langhantel,GLUTES,Gesässmuskulatur,secondary,3,1,5,Unterkörper
EX000740,Pausen-Konventionelles Kreuzheben mit Langhantel,ERECTORS,Rückenstrecker,secondary,3,2,4,Rumpf
EX000740,Pausen-Konventionelles Kreuzheben mit Langhantel,QUADS,Quadrizeps,secondary,3,3,5,Unterkörper
EX000740,Pausen-Konventionelles Kreuzheben mit Langhantel,LATS,Latissimus,secondary,2,4,4,Oberkörper
EX000740,Pausen-Konventionelles Kreuzheben mit Langhantel,FOREARMS,Unterarmmuskulatur,secondary,2,5,2,Oberkörper
EX000740,Pausen-Konventionelles Kreuzheben mit Langhantel,ABS,Gerade Bauchmuskulatur,secondary,2,6,3,Rumpf
EX000741,Pausen-Rumänisches Kreuzheben mit Kettlebells,HAMSTRINGS,Hintere Oberschenkelmuskulatur,primary,5,1,4,Unterkörper
EX000741,Pausen-Rumänisches Kreuzheben mit Kettlebells,GLUTES,Gesässmuskulatur,secondary,3,1,5,Unterkörper
EX000741,Pausen-Rumänisches Kreuzheben mit Kettlebells,ERECTORS,Rückenstrecker,secondary,3,2,4,Rumpf
EX000741,Pausen-Rumänisches Kreuzheben mit Kettlebells,QUADS,Quadrizeps,secondary,3,3,5,Unterkörper
EX000741,Pausen-Rumänisches Kreuzheben mit Kettlebells,LATS,Latissimus,secondary,2,4,4,Oberkörper
EX000741,Pausen-Rumänisches Kreuzheben mit Kettlebells,FOREARMS,Unterarmmuskulatur,secondary,2,5,2,Oberkörper
EX000741,Pausen-Rumänisches Kreuzheben mit Kettlebells,ABS,Gerade Bauchmuskulatur,secondary,2,6,3,Rumpf
EX000742,Pausen-Rumänisches Kreuzheben mit Kurzhanteln,HAMSTRINGS,Hintere Oberschenkelmuskulatur,primary,5,1,4,Unterkörper
EX000742,Pausen-Rumänisches Kreuzheben mit Kurzhanteln,GLUTES,Gesässmuskulatur,secondary,3,1,5,Unterkörper
EX000742,Pausen-Rumänisches Kreuzheben mit Kurzhanteln,ERECTORS,Rückenstrecker,secondary,3,2,4,Rumpf
EX000742,Pausen-Rumänisches Kreuzheben mit Kurzhanteln,QUADS,Quadrizeps,secondary,3,3,5,Unterkörper
EX000742,Pausen-Rumänisches Kreuzheben mit Kurzhanteln,LATS,Latissimus,secondary,2,4,4,Oberkörper
EX000742,Pausen-Rumänisches Kreuzheben mit Kurzhanteln,FOREARMS,Unterarmmuskulatur,secondary,2,5,2,Oberkörper
EX000742,Pausen-Rumänisches Kreuzheben mit Kurzhanteln,ABS,Gerade Bauchmuskulatur,secondary,2,6,3,Rumpf
EX000743,Pausen-Rumänisches Kreuzheben mit Langhantel,HAMSTRINGS,Hintere Oberschenkelmuskulatur,primary,5,1,4,Unterkörper
EX000743,Pausen-Rumänisches Kreuzheben mit Langhantel,GLUTES,Gesässmuskulatur,secondary,3,1,5,Unterkörper
EX000743,Pausen-Rumänisches Kreuzheben mit Langhantel,ERECTORS,Rückenstrecker,secondary,3,2,4,Rumpf
EX000743,Pausen-Rumänisches Kreuzheben mit Langhantel,QUADS,Quadrizeps,secondary,3,3,5,Unterkörper
EX000743,Pausen-Rumänisches Kreuzheben mit Langhantel,LATS,Latissimus,secondary,2,4,4,Oberkörper
EX000743,Pausen-Rumänisches Kreuzheben mit Langhantel,FOREARMS,Unterarmmuskulatur,secondary,2,5,2,Oberkörper
EX000743,Pausen-Rumänisches Kreuzheben mit Langhantel,ABS,Gerade Bauchmuskulatur,secondary,2,6,3,Rumpf
EX000744,Pausen-Sumo-Kreuzheben mit Langhantel,GLUTES,Gesässmuskulatur,primary,5,1,5,Unterkörper
EX000744,Pausen-Sumo-Kreuzheben mit Langhantel,HAMSTRINGS,Hintere Oberschenkelmuskulatur,secondary,3,1,4,Unterkörper
EX000744,Pausen-Sumo-Kreuzheben mit Langhantel,ERECTORS,Rückenstrecker,secondary,3,2,4,Rumpf
EX000744,Pausen-Sumo-Kreuzheben mit Langhantel,QUADS,Quadrizeps,secondary,3,3,5,Unterkörper
EX000744,Pausen-Sumo-Kreuzheben mit Langhantel,LATS,Latissimus,secondary,2,4,4,Oberkörper
EX000744,Pausen-Sumo-Kreuzheben mit Langhantel,FOREARMS,Unterarmmuskulatur,secondary,2,5,2,Oberkörper
EX000744,Pausen-Sumo-Kreuzheben mit Langhantel,ABS,Gerade Bauchmuskulatur,secondary,2,6,3,Rumpf
EX000745,"Pausen-Trap-Bar-Kreuzheben, hohe Griffe",QUADS,Quadrizeps,primary,5,1,5,Unterkörper
EX000745,"Pausen-Trap-Bar-Kreuzheben, hohe Griffe",HAMSTRINGS,Hintere Oberschenkelmuskulatur,secondary,3,1,4,Unterkörper
EX000745,"Pausen-Trap-Bar-Kreuzheben, hohe Griffe",ERECTORS,Rückenstrecker,secondary,3,2,4,Rumpf
EX000745,"Pausen-Trap-Bar-Kreuzheben, hohe Griffe",QUADS,Quadrizeps,secondary,3,3,5,Unterkörper
EX000745,"Pausen-Trap-Bar-Kreuzheben, hohe Griffe",LATS,Latissimus,secondary,2,4,4,Oberkörper
EX000745,"Pausen-Trap-Bar-Kreuzheben, hohe Griffe",FOREARMS,Unterarmmuskulatur,secondary,2,5,2,Oberkörper
EX000745,"Pausen-Trap-Bar-Kreuzheben, hohe Griffe",ABS,Gerade Bauchmuskulatur,secondary,2,6,3,Rumpf
EX000746,Rack Pull oberhalb des Knies,ERECTORS,Rückenstrecker,primary,5,1,4,Rumpf
EX000746,Rack Pull oberhalb des Knies,HAMSTRINGS,Hintere Oberschenkelmuskulatur,secondary,3,1,4,Unterkörper
EX000746,Rack Pull oberhalb des Knies,GLUTES,Gesässmuskulatur,secondary,3,2,5,Unterkörper
EX000746,Rack Pull oberhalb des Knies,LATS,Latissimus,secondary,3,3,4,Oberkörper
EX000746,Rack Pull oberhalb des Knies,FOREARMS,Unterarmmuskulatur,secondary,2,4,2,Oberkörper
EX000746,Rack Pull oberhalb des Knies,ABS,Gerade Bauchmuskulatur,secondary,2,5,3,Rumpf
EX000747,Rack Pull unterhalb des Knies,ERECTORS,Rückenstrecker,primary,5,1,4,Rumpf
EX000747,Rack Pull unterhalb des Knies,HAMSTRINGS,Hintere Oberschenkelmuskulatur,secondary,3,1,4,Unterkörper
EX000747,Rack Pull unterhalb des Knies,GLUTES,Gesässmuskulatur,secondary,3,2,5,Unterkörper
EX000747,Rack Pull unterhalb des Knies,LATS,Latissimus,secondary,3,3,4,Oberkörper
EX000747,Rack Pull unterhalb des Knies,FOREARMS,Unterarmmuskulatur,secondary,2,4,2,Oberkörper
EX000747,Rack Pull unterhalb des Knies,ABS,Gerade Bauchmuskulatur,secondary,2,5,3,Rumpf
EX000748,Rumänisches Kreuzheben mit Kettlebells,HAMSTRINGS,Hintere Oberschenkelmuskulatur,primary,5,1,4,Unterkörper
EX000748,Rumänisches Kreuzheben mit Kettlebells,GLUTES,Gesässmuskulatur,secondary,3,1,5,Unterkörper
EX000748,Rumänisches Kreuzheben mit Kettlebells,ERECTORS,Rückenstrecker,secondary,3,2,4,Rumpf
EX000748,Rumänisches Kreuzheben mit Kettlebells,QUADS,Quadrizeps,secondary,3,3,5,Unterkörper
EX000748,Rumänisches Kreuzheben mit Kettlebells,LATS,Latissimus,secondary,2,4,4,Oberkörper
EX000748,Rumänisches Kreuzheben mit Kettlebells,FOREARMS,Unterarmmuskulatur,secondary,2,5,2,Oberkörper
EX000748,Rumänisches Kreuzheben mit Kettlebells,ABS,Gerade Bauchmuskulatur,secondary,2,6,3,Rumpf
EX000749,Rumänisches Kreuzheben mit Kurzhanteln,HAMSTRINGS,Hintere Oberschenkelmuskulatur,primary,5,1,4,Unterkörper
EX000749,Rumänisches Kreuzheben mit Kurzhanteln,GLUTES,Gesässmuskulatur,secondary,3,1,5,Unterkörper
EX000749,Rumänisches Kreuzheben mit Kurzhanteln,ERECTORS,Rückenstrecker,secondary,3,2,4,Rumpf
EX000749,Rumänisches Kreuzheben mit Kurzhanteln,QUADS,Quadrizeps,secondary,3,3,5,Unterkörper
EX000749,Rumänisches Kreuzheben mit Kurzhanteln,LATS,Latissimus,secondary,2,4,4,Oberkörper
EX000749,Rumänisches Kreuzheben mit Kurzhanteln,FOREARMS,Unterarmmuskulatur,secondary,2,5,2,Oberkörper
EX000749,Rumänisches Kreuzheben mit Kurzhanteln,ABS,Gerade Bauchmuskulatur,secondary,2,6,3,Rumpf
EX000750,Rumänisches Kreuzheben mit Langhantel,HAMSTRINGS,Hintere Oberschenkelmuskulatur,primary,5,1,4,Unterkörper
EX000750,Rumänisches Kreuzheben mit Langhantel,GLUTES,Gesässmuskulatur,secondary,3,1,5,Unterkörper
EX000750,Rumänisches Kreuzheben mit Langhantel,ERECTORS,Rückenstrecker,secondary,3,2,4,Rumpf
EX000750,Rumänisches Kreuzheben mit Langhantel,QUADS,Quadrizeps,secondary,3,3,5,Unterkörper
EX000750,Rumänisches Kreuzheben mit Langhantel,LATS,Latissimus,secondary,2,4,4,Oberkörper
EX000750,Rumänisches Kreuzheben mit Langhantel,FOREARMS,Unterarmmuskulatur,secondary,2,5,2,Oberkörper
EX000750,Rumänisches Kreuzheben mit Langhantel,ABS,Gerade Bauchmuskulatur,secondary,2,6,3,Rumpf
EX000751,Sandsack-Kreuzheben,HAMSTRINGS,Hintere Oberschenkelmuskulatur,primary,5,1,4,Unterkörper
EX000751,Sandsack-Kreuzheben,GLUTES,Gesässmuskulatur,secondary,3,1,5,Unterkörper
EX000751,Sandsack-Kreuzheben,ERECTORS,Rückenstrecker,secondary,3,2,4,Rumpf
EX000751,Sandsack-Kreuzheben,QUADS,Quadrizeps,secondary,3,3,5,Unterkörper
EX000751,Sandsack-Kreuzheben,LATS,Latissimus,secondary,2,4,4,Oberkörper
EX000751,Sandsack-Kreuzheben,FOREARMS,Unterarmmuskulatur,secondary,2,5,2,Oberkörper
EX000751,Sandsack-Kreuzheben,ABS,Gerade Bauchmuskulatur,secondary,2,6,3,Rumpf
EX000752,Sumo-Kreuzheben mit Langhantel,GLUTES,Gesässmuskulatur,primary,5,1,5,Unterkörper
EX000752,Sumo-Kreuzheben mit Langhantel,HAMSTRINGS,Hintere Oberschenkelmuskulatur,secondary,3,1,4,Unterkörper
EX000752,Sumo-Kreuzheben mit Langhantel,ERECTORS,Rückenstrecker,secondary,3,2,4,Rumpf
EX000752,Sumo-Kreuzheben mit Langhantel,QUADS,Quadrizeps,secondary,3,3,5,Unterkörper
EX000752,Sumo-Kreuzheben mit Langhantel,LATS,Latissimus,secondary,2,4,4,Oberkörper
EX000752,Sumo-Kreuzheben mit Langhantel,FOREARMS,Unterarmmuskulatur,secondary,2,5,2,Oberkörper
EX000752,Sumo-Kreuzheben mit Langhantel,ABS,Gerade Bauchmuskulatur,secondary,2,6,3,Rumpf
EX000753,Tempo-Konventionelles Kreuzheben mit Langhantel (3 Sekunden exzentrisch),HAMSTRINGS,Hintere Oberschenkelmuskulatur,primary,5,1,4,Unterkörper
EX000753,Tempo-Konventionelles Kreuzheben mit Langhantel (3 Sekunden exzentrisch),GLUTES,Gesässmuskulatur,secondary,3,1,5,Unterkörper
EX000753,Tempo-Konventionelles Kreuzheben mit Langhantel (3 Sekunden exzentrisch),ERECTORS,Rückenstrecker,secondary,3,2,4,Rumpf
EX000753,Tempo-Konventionelles Kreuzheben mit Langhantel (3 Sekunden exzentrisch),QUADS,Quadrizeps,secondary,3,3,5,Unterkörper
EX000753,Tempo-Konventionelles Kreuzheben mit Langhantel (3 Sekunden exzentrisch),LATS,Latissimus,secondary,2,4,4,Oberkörper
EX000753,Tempo-Konventionelles Kreuzheben mit Langhantel (3 Sekunden exzentrisch),FOREARMS,Unterarmmuskulatur,secondary,2,5,2,Oberkörper
EX000753,Tempo-Konventionelles Kreuzheben mit Langhantel (3 Sekunden exzentrisch),ABS,Gerade Bauchmuskulatur,secondary,2,6,3,Rumpf
EX000754,Tempo-Rumänisches Kreuzheben mit Kettlebells (3 Sekunden exzentrisch),HAMSTRINGS,Hintere Oberschenkelmuskulatur,primary,5,1,4,Unterkörper
EX000754,Tempo-Rumänisches Kreuzheben mit Kettlebells (3 Sekunden exzentrisch),GLUTES,Gesässmuskulatur,secondary,3,1,5,Unterkörper
EX000754,Tempo-Rumänisches Kreuzheben mit Kettlebells (3 Sekunden exzentrisch),ERECTORS,Rückenstrecker,secondary,3,2,4,Rumpf
EX000754,Tempo-Rumänisches Kreuzheben mit Kettlebells (3 Sekunden exzentrisch),QUADS,Quadrizeps,secondary,3,3,5,Unterkörper
EX000754,Tempo-Rumänisches Kreuzheben mit Kettlebells (3 Sekunden exzentrisch),LATS,Latissimus,secondary,2,4,4,Oberkörper
EX000754,Tempo-Rumänisches Kreuzheben mit Kettlebells (3 Sekunden exzentrisch),FOREARMS,Unterarmmuskulatur,secondary,2,5,2,Oberkörper
EX000754,Tempo-Rumänisches Kreuzheben mit Kettlebells (3 Sekunden exzentrisch),ABS,Gerade Bauchmuskulatur,secondary,2,6,3,Rumpf
EX000755,Tempo-Rumänisches Kreuzheben mit Kurzhanteln (3 Sekunden exzentrisch),HAMSTRINGS,Hintere Oberschenkelmuskulatur,primary,5,1,4,Unterkörper
EX000755,Tempo-Rumänisches Kreuzheben mit Kurzhanteln (3 Sekunden exzentrisch),GLUTES,Gesässmuskulatur,secondary,3,1,5,Unterkörper
EX000755,Tempo-Rumänisches Kreuzheben mit Kurzhanteln (3 Sekunden exzentrisch),ERECTORS,Rückenstrecker,secondary,3,2,4,Rumpf
EX000755,Tempo-Rumänisches Kreuzheben mit Kurzhanteln (3 Sekunden exzentrisch),QUADS,Quadrizeps,secondary,3,3,5,Unterkörper
EX000755,Tempo-Rumänisches Kreuzheben mit Kurzhanteln (3 Sekunden exzentrisch),LATS,Latissimus,secondary,2,4,4,Oberkörper
EX000755,Tempo-Rumänisches Kreuzheben mit Kurzhanteln (3 Sekunden exzentrisch),FOREARMS,Unterarmmuskulatur,secondary,2,5,2,Oberkörper
EX000755,Tempo-Rumänisches Kreuzheben mit Kurzhanteln (3 Sekunden exzentrisch),ABS,Gerade Bauchmuskulatur,secondary,2,6,3,Rumpf
EX000756,Tempo-Rumänisches Kreuzheben mit Langhantel (3 Sekunden exzentrisch),HAMSTRINGS,Hintere Oberschenkelmuskulatur,primary,5,1,4,Unterkörper
EX000756,Tempo-Rumänisches Kreuzheben mit Langhantel (3 Sekunden exzentrisch),GLUTES,Gesässmuskulatur,secondary,3,1,5,Unterkörper
EX000756,Tempo-Rumänisches Kreuzheben mit Langhantel (3 Sekunden exzentrisch),ERECTORS,Rückenstrecker,secondary,3,2,4,Rumpf
EX000756,Tempo-Rumänisches Kreuzheben mit Langhantel (3 Sekunden exzentrisch),QUADS,Quadrizeps,secondary,3,3,5,Unterkörper
EX000756,Tempo-Rumänisches Kreuzheben mit Langhantel (3 Sekunden exzentrisch),LATS,Latissimus,secondary,2,4,4,Oberkörper
EX000756,Tempo-Rumänisches Kreuzheben mit Langhantel (3 Sekunden exzentrisch),FOREARMS,Unterarmmuskulatur,secondary,2,5,2,Oberkörper
EX000756,Tempo-Rumänisches Kreuzheben mit Langhantel (3 Sekunden exzentrisch),ABS,Gerade Bauchmuskulatur,secondary,2,6,3,Rumpf
EX000757,Tempo-Sumo-Kreuzheben mit Langhantel (3 Sekunden exzentrisch),GLUTES,Gesässmuskulatur,primary,5,1,5,Unterkörper
EX000757,Tempo-Sumo-Kreuzheben mit Langhantel (3 Sekunden exzentrisch),HAMSTRINGS,Hintere Oberschenkelmuskulatur,secondary,3,1,4,Unterkörper
EX000757,Tempo-Sumo-Kreuzheben mit Langhantel (3 Sekunden exzentrisch),ERECTORS,Rückenstrecker,secondary,3,2,4,Rumpf
EX000757,Tempo-Sumo-Kreuzheben mit Langhantel (3 Sekunden exzentrisch),QUADS,Quadrizeps,secondary,3,3,5,Unterkörper
EX000757,Tempo-Sumo-Kreuzheben mit Langhantel (3 Sekunden exzentrisch),LATS,Latissimus,secondary,2,4,4,Oberkörper
EX000757,Tempo-Sumo-Kreuzheben mit Langhantel (3 Sekunden exzentrisch),FOREARMS,Unterarmmuskulatur,secondary,2,5,2,Oberkörper
EX000757,Tempo-Sumo-Kreuzheben mit Langhantel (3 Sekunden exzentrisch),ABS,Gerade Bauchmuskulatur,secondary,2,6,3,Rumpf
EX000758,"Tempo-Trap-Bar-Kreuzheben, hohe Griffe (3 Sekunden exzentrisch)",QUADS,Quadrizeps,primary,5,1,5,Unterkörper
EX000758,"Tempo-Trap-Bar-Kreuzheben, hohe Griffe (3 Sekunden exzentrisch)",HAMSTRINGS,Hintere Oberschenkelmuskulatur,secondary,3,1,4,Unterkörper
EX000758,"Tempo-Trap-Bar-Kreuzheben, hohe Griffe (3 Sekunden exzentrisch)",ERECTORS,Rückenstrecker,secondary,3,2,4,Rumpf
EX000758,"Tempo-Trap-Bar-Kreuzheben, hohe Griffe (3 Sekunden exzentrisch)",QUADS,Quadrizeps,secondary,3,3,5,Unterkörper
EX000758,"Tempo-Trap-Bar-Kreuzheben, hohe Griffe (3 Sekunden exzentrisch)",LATS,Latissimus,secondary,2,4,4,Oberkörper
EX000758,"Tempo-Trap-Bar-Kreuzheben, hohe Griffe (3 Sekunden exzentrisch)",FOREARMS,Unterarmmuskulatur,secondary,2,5,2,Oberkörper
EX000758,"Tempo-Trap-Bar-Kreuzheben, hohe Griffe (3 Sekunden exzentrisch)",ABS,Gerade Bauchmuskulatur,secondary,2,6,3,Rumpf
EX000759,"Trap-Bar-Kreuzheben, hohe Griffe",QUADS,Quadrizeps,primary,5,1,5,Unterkörper
EX000759,"Trap-Bar-Kreuzheben, hohe Griffe",HAMSTRINGS,Hintere Oberschenkelmuskulatur,secondary,3,1,4,Unterkörper
EX000759,"Trap-Bar-Kreuzheben, hohe Griffe",ERECTORS,Rückenstrecker,secondary,3,2,4,Rumpf
EX000759,"Trap-Bar-Kreuzheben, hohe Griffe",QUADS,Quadrizeps,secondary,3,3,5,Unterkörper
EX000759,"Trap-Bar-Kreuzheben, hohe Griffe",LATS,Latissimus,secondary,2,4,4,Oberkörper
EX000759,"Trap-Bar-Kreuzheben, hohe Griffe",FOREARMS,Unterarmmuskulatur,secondary,2,5,2,Oberkörper
EX000759,"Trap-Bar-Kreuzheben, hohe Griffe",ABS,Gerade Bauchmuskulatur,secondary,2,6,3,Rumpf
EX000760,"Trap-Bar-Kreuzheben, tiefe Griffe",HAMSTRINGS,Hintere Oberschenkelmuskulatur,primary,5,1,4,Unterkörper
EX000760,"Trap-Bar-Kreuzheben, tiefe Griffe",GLUTES,Gesässmuskulatur,secondary,3,1,5,Unterkörper
EX000760,"Trap-Bar-Kreuzheben, tiefe Griffe",ERECTORS,Rückenstrecker,secondary,3,2,4,Rumpf
EX000760,"Trap-Bar-Kreuzheben, tiefe Griffe",QUADS,Quadrizeps,secondary,3,3,5,Unterkörper
EX000760,"Trap-Bar-Kreuzheben, tiefe Griffe",LATS,Latissimus,secondary,2,4,4,Oberkörper
EX000760,"Trap-Bar-Kreuzheben, tiefe Griffe",FOREARMS,Unterarmmuskulatur,secondary,2,5,2,Oberkörper
EX000760,"Trap-Bar-Kreuzheben, tiefe Griffe",ABS,Gerade Bauchmuskulatur,secondary,2,6,3,Rumpf
EX000761,Bank-Dips,TRICEPS,Trizeps,primary,5,1,3,Oberkörper
EX000761,Bank-Dips,CHEST,Brustmuskulatur,secondary,3,1,4,Oberkörper
EX000761,Bank-Dips,FRONT_DELTS,Vordere Schulter,secondary,3,2,2,Oberkörper
EX000762,Bank-Dips mit erhöhten Füssen,TRICEPS,Trizeps,primary,5,1,3,Oberkörper
EX000762,Bank-Dips mit erhöhten Füssen,CHEST,Brustmuskulatur,secondary,3,1,4,Oberkörper
EX000762,Bank-Dips mit erhöhten Füssen,FRONT_DELTS,Vordere Schulter,secondary,3,2,2,Oberkörper
EX000763,Bank-Dips mit Zusatzgewicht,TRICEPS,Trizeps,primary,5,1,3,Oberkörper
EX000763,Bank-Dips mit Zusatzgewicht,CHEST,Brustmuskulatur,secondary,3,1,4,Oberkörper
EX000763,Bank-Dips mit Zusatzgewicht,FRONT_DELTS,Vordere Schulter,secondary,3,2,2,Oberkörper
EX000764,Dips am Parallelbarren,CHEST,Brustmuskulatur,primary,5,1,4,Oberkörper
EX000764,Dips am Parallelbarren,TRICEPS,Trizeps,secondary,3,1,3,Oberkörper
EX000764,Dips am Parallelbarren,FRONT_DELTS,Vordere Schulter,secondary,3,2,2,Oberkörper
EX000765,Dips an Turnringen,CHEST,Brustmuskulatur,primary,5,1,4,Oberkörper
EX000765,Dips an Turnringen,TRICEPS,Trizeps,secondary,3,1,3,Oberkörper
EX000765,Dips an Turnringen,FRONT_DELTS,Vordere Schulter,secondary,3,2,2,Oberkörper
EX000766,Dips mit Widerstandsband-Unterstützung,CHEST,Brustmuskulatur,primary,5,1,4,Oberkörper
EX000766,Dips mit Widerstandsband-Unterstützung,TRICEPS,Trizeps,secondary,3,1,3,Oberkörper
EX000766,Dips mit Widerstandsband-Unterstützung,FRONT_DELTS,Vordere Schulter,secondary,3,2,2,Oberkörper
EX000767,Dips mit Zusatzgewicht,CHEST,Brustmuskulatur,primary,5,1,4,Oberkörper
EX000767,Dips mit Zusatzgewicht,TRICEPS,Trizeps,secondary,3,1,3,Oberkörper
EX000767,Dips mit Zusatzgewicht,FRONT_DELTS,Vordere Schulter,secondary,3,2,2,Oberkörper
EX000768,Trizepsbetonte Dips am Parallelbarren,TRICEPS,Trizeps,primary,5,1,3,Oberkörper
EX000768,Trizepsbetonte Dips am Parallelbarren,CHEST,Brustmuskulatur,secondary,3,1,4,Oberkörper
EX000768,Trizepsbetonte Dips am Parallelbarren,FRONT_DELTS,Vordere Schulter,secondary,3,2,2,Oberkörper
EX000769,Unterstützte Dips an der Maschine,CHEST,Brustmuskulatur,primary,5,1,4,Oberkörper
EX000769,Unterstützte Dips an der Maschine,TRICEPS,Trizeps,secondary,3,1,3,Oberkörper
EX000769,Unterstützte Dips an der Maschine,FRONT_DELTS,Vordere Schulter,secondary,3,2,2,Oberkörper
EX000770,Unterstützte Ring-Dips,CHEST,Brustmuskulatur,primary,5,1,4,Oberkörper
EX000770,Unterstützte Ring-Dips,TRICEPS,Trizeps,secondary,3,1,3,Oberkörper
EX000770,Unterstützte Ring-Dips,FRONT_DELTS,Vordere Schulter,secondary,3,2,2,Oberkörper
EX000771,Bench Dip mit gebeugten Beinen,TRICEPS,Trizeps,primary,5,1,3,Oberkörper
EX000771,Bench Dip mit gebeugten Beinen,CHEST,Brustmuskulatur,secondary,3,1,4,Oberkörper
EX000771,Bench Dip mit gebeugten Beinen,FRONT_DELTS,Vordere Schulter,secondary,3,2,2,Oberkörper
EX000771,Bench Dip mit gebeugten Beinen,FOREARMS,Unterarmmuskulatur,secondary,3,3,2,Oberkörper
EX000772,Bench Dip mit gestreckten Beinen,TRICEPS,Trizeps,primary,5,1,3,Oberkörper
EX000772,Bench Dip mit gestreckten Beinen,CHEST,Brustmuskulatur,secondary,3,1,4,Oberkörper
EX000772,Bench Dip mit gestreckten Beinen,FRONT_DELTS,Vordere Schulter,secondary,3,2,2,Oberkörper
EX000772,Bench Dip mit gestreckten Beinen,FOREARMS,Unterarmmuskulatur,secondary,3,3,2,Oberkörper
EX000773,Bench Dip mit Zusatzgewicht,TRICEPS,Trizeps,primary,5,1,3,Oberkörper
EX000773,Bench Dip mit Zusatzgewicht,CHEST,Brustmuskulatur,secondary,3,1,4,Oberkörper
EX000773,Bench Dip mit Zusatzgewicht,FRONT_DELTS,Vordere Schulter,secondary,3,2,2,Oberkörper
EX000773,Bench Dip mit Zusatzgewicht,FOREARMS,Unterarmmuskulatur,secondary,3,3,2,Oberkörper
EX000774,California Press mit Langhantel,TRICEPS,Trizeps,primary,5,1,3,Oberkörper
EX000774,California Press mit Langhantel,CHEST,Brustmuskulatur,secondary,3,1,4,Oberkörper
EX000774,California Press mit Langhantel,FRONT_DELTS,Vordere Schulter,secondary,3,2,2,Oberkörper
EX000774,California Press mit Langhantel,FOREARMS,Unterarmmuskulatur,secondary,3,3,2,Oberkörper
EX000775,Close-Grip Floor Press mit Kurzhanteln,TRICEPS,Trizeps,primary,5,1,3,Oberkörper
EX000775,Close-Grip Floor Press mit Kurzhanteln,CHEST,Brustmuskulatur,secondary,3,1,4,Oberkörper
EX000775,Close-Grip Floor Press mit Kurzhanteln,FRONT_DELTS,Vordere Schulter,secondary,3,2,2,Oberkörper
EX000775,Close-Grip Floor Press mit Kurzhanteln,FOREARMS,Unterarmmuskulatur,secondary,3,3,2,Oberkörper
EX000776,Einarmige French Press mit Kurzhantel,TRICEPS,Trizeps,primary,5,1,3,Oberkörper
EX000776,Einarmige French Press mit Kurzhantel,FOREARMS,Unterarmmuskulatur,secondary,3,1,2,Oberkörper
EX000776,Einarmige French Press mit Kurzhantel,FRONT_DELTS,Vordere Schulter,secondary,3,2,2,Oberkörper
EX000777,Einarmiges Trizepsdrücken am Kabel,TRICEPS,Trizeps,primary,5,1,3,Oberkörper
EX000777,Einarmiges Trizepsdrücken am Kabel,FOREARMS,Unterarmmuskulatur,secondary,3,1,2,Oberkörper
EX000777,Einarmiges Trizepsdrücken am Kabel,FRONT_DELTS,Vordere Schulter,secondary,3,2,2,Oberkörper
EX000778,Einarmiges Trizepsdrücken an der Maschine,TRICEPS,Trizeps,primary,5,1,3,Oberkörper
EX000778,Einarmiges Trizepsdrücken an der Maschine,FOREARMS,Unterarmmuskulatur,secondary,3,1,2,Oberkörper
EX000778,Einarmiges Trizepsdrücken an der Maschine,FRONT_DELTS,Vordere Schulter,secondary,3,2,2,Oberkörper
EX000779,Einarmiges Trizepsdrücken im Untergriff,TRICEPS,Trizeps,primary,5,1,3,Oberkörper
EX000779,Einarmiges Trizepsdrücken im Untergriff,FOREARMS,Unterarmmuskulatur,secondary,3,1,2,Oberkörper
EX000779,Einarmiges Trizepsdrücken im Untergriff,FRONT_DELTS,Vordere Schulter,secondary,3,2,2,Oberkörper
EX000780,Einarmiges Trizepsdrücken mit Widerstandsband,TRICEPS,Trizeps,primary,5,1,3,Oberkörper
EX000780,Einarmiges Trizepsdrücken mit Widerstandsband,FOREARMS,Unterarmmuskulatur,secondary,3,1,2,Oberkörper
EX000780,Einarmiges Trizepsdrücken mit Widerstandsband,FRONT_DELTS,Vordere Schulter,secondary,3,2,2,Oberkörper
EX000781,Einarmiges Trizepsstrecken am Schlingentrainer,TRICEPS,Trizeps,primary,5,1,3,Oberkörper
EX000781,Einarmiges Trizepsstrecken am Schlingentrainer,FOREARMS,Unterarmmuskulatur,secondary,3,1,2,Oberkörper
EX000781,Einarmiges Trizepsstrecken am Schlingentrainer,FRONT_DELTS,Vordere Schulter,secondary,3,2,2,Oberkörper
EX000782,Einarmiges Trizepsstrecken über Kopf am Kabel,TRICEPS,Trizeps,primary,5,1,3,Oberkörper
EX000782,Einarmiges Trizepsstrecken über Kopf am Kabel,FOREARMS,Unterarmmuskulatur,secondary,3,1,2,Oberkörper
EX000782,Einarmiges Trizepsstrecken über Kopf am Kabel,FRONT_DELTS,Vordere Schulter,secondary,3,2,2,Oberkörper
EX000783,Einarmiges Trizepsstrecken über Kopf mit Band,TRICEPS,Trizeps,primary,5,1,3,Oberkörper
EX000783,Einarmiges Trizepsstrecken über Kopf mit Band,FOREARMS,Unterarmmuskulatur,secondary,3,1,2,Oberkörper
EX000783,Einarmiges Trizepsstrecken über Kopf mit Band,FRONT_DELTS,Vordere Schulter,secondary,3,2,2,Oberkörper
EX000784,Einarmiges Trizepsstrecken über Kopf mit Kurzhantel,TRICEPS,Trizeps,primary,5,1,3,Oberkörper
EX000784,Einarmiges Trizepsstrecken über Kopf mit Kurzhantel,FOREARMS,Unterarmmuskulatur,secondary,3,1,2,Oberkörper
EX000784,Einarmiges Trizepsstrecken über Kopf mit Kurzhantel,FRONT_DELTS,Vordere Schulter,secondary,3,2,2,Oberkörper
EX000785,Floor Skull Crusher mit Kettlebells,TRICEPS,Trizeps,primary,5,1,3,Oberkörper
EX000785,Floor Skull Crusher mit Kettlebells,FOREARMS,Unterarmmuskulatur,secondary,3,1,2,Oberkörper
EX000785,Floor Skull Crusher mit Kettlebells,FRONT_DELTS,Vordere Schulter,secondary,3,2,2,Oberkörper
EX000786,Floor Skull Crusher mit Kurzhanteln,TRICEPS,Trizeps,primary,5,1,3,Oberkörper
EX000786,Floor Skull Crusher mit Kurzhanteln,FOREARMS,Unterarmmuskulatur,secondary,3,1,2,Oberkörper
EX000786,Floor Skull Crusher mit Kurzhanteln,FRONT_DELTS,Vordere Schulter,secondary,3,2,2,Oberkörper
EX000787,French Press am Kabel auf der Bank,TRICEPS,Trizeps,primary,5,1,3,Oberkörper
EX000787,French Press am Kabel auf der Bank,FOREARMS,Unterarmmuskulatur,secondary,3,1,2,Oberkörper
EX000787,French Press am Kabel auf der Bank,FRONT_DELTS,Vordere Schulter,secondary,3,2,2,Oberkörper
EX000788,French Press am Kabel auf der Schrägbank,TRICEPS,Trizeps,primary,5,1,3,Oberkörper
EX000788,French Press am Kabel auf der Schrägbank,FOREARMS,Unterarmmuskulatur,secondary,3,1,2,Oberkörper
EX000788,French Press am Kabel auf der Schrägbank,FRONT_DELTS,Vordere Schulter,secondary,3,2,2,Oberkörper
EX000789,French Press auf der Negativbank,TRICEPS,Trizeps,primary,5,1,3,Oberkörper
EX000789,French Press auf der Negativbank,FOREARMS,Unterarmmuskulatur,secondary,3,1,2,Oberkörper
EX000789,French Press auf der Negativbank,FRONT_DELTS,Vordere Schulter,secondary,3,2,2,Oberkörper
EX000790,French Press auf der Schrägbank,TRICEPS,Trizeps,primary,5,1,3,Oberkörper
EX000790,French Press auf der Schrägbank,FOREARMS,Unterarmmuskulatur,secondary,3,1,2,Oberkörper
EX000790,French Press auf der Schrägbank,FRONT_DELTS,Vordere Schulter,secondary,3,2,2,Oberkörper
EX000791,French Press mit Kurzhanteln,TRICEPS,Trizeps,primary,5,1,3,Oberkörper
EX000791,French Press mit Kurzhanteln,FOREARMS,Unterarmmuskulatur,secondary,3,1,2,Oberkörper
EX000791,French Press mit Kurzhanteln,FRONT_DELTS,Vordere Schulter,secondary,3,2,2,Oberkörper
EX000792,French Press mit Langhantel auf der Flachbank,TRICEPS,Trizeps,primary,5,1,3,Oberkörper
EX000792,French Press mit Langhantel auf der Flachbank,FOREARMS,Unterarmmuskulatur,secondary,3,1,2,Oberkörper
EX000792,French Press mit Langhantel auf der Flachbank,FRONT_DELTS,Vordere Schulter,secondary,3,2,2,Oberkörper
EX000793,French Press mit SZ-Stange auf der Flachbank,TRICEPS,Trizeps,primary,5,1,3,Oberkörper
EX000793,French Press mit SZ-Stange auf der Flachbank,FOREARMS,Unterarmmuskulatur,secondary,3,1,2,Oberkörper
EX000793,French Press mit SZ-Stange auf der Flachbank,FRONT_DELTS,Vordere Schulter,secondary,3,2,2,Oberkörper
EX000794,French Press mit Widerstandsband,TRICEPS,Trizeps,primary,5,1,3,Oberkörper
EX000794,French Press mit Widerstandsband,FOREARMS,Unterarmmuskulatur,secondary,3,1,2,Oberkörper
EX000794,French Press mit Widerstandsband,FRONT_DELTS,Vordere Schulter,secondary,3,2,2,Oberkörper
EX000795,JM Press an der Smith-Maschine,TRICEPS,Trizeps,primary,5,1,3,Oberkörper
EX000795,JM Press an der Smith-Maschine,CHEST,Brustmuskulatur,secondary,3,1,4,Oberkörper
EX000795,JM Press an der Smith-Maschine,FRONT_DELTS,Vordere Schulter,secondary,3,2,2,Oberkörper
EX000795,JM Press an der Smith-Maschine,FOREARMS,Unterarmmuskulatur,secondary,3,3,2,Oberkörper
EX000796,JM Press mit Langhantel,TRICEPS,Trizeps,primary,5,1,3,Oberkörper
EX000796,JM Press mit Langhantel,CHEST,Brustmuskulatur,secondary,3,1,4,Oberkörper
EX000796,JM Press mit Langhantel,FRONT_DELTS,Vordere Schulter,secondary,3,2,2,Oberkörper
EX000796,JM Press mit Langhantel,FOREARMS,Unterarmmuskulatur,secondary,3,3,2,Oberkörper
EX000797,Kniendes Trizepsdrücken am Kabel,TRICEPS,Trizeps,primary,5,1,3,Oberkörper
EX000797,Kniendes Trizepsdrücken am Kabel,FOREARMS,Unterarmmuskulatur,secondary,3,1,2,Oberkörper
EX000797,Kniendes Trizepsdrücken am Kabel,FRONT_DELTS,Vordere Schulter,secondary,3,2,2,Oberkörper
EX000798,Körpergewichts-Trizepsstrecken an der Bank,TRICEPS,Trizeps,primary,5,1,3,Oberkörper
EX000798,Körpergewichts-Trizepsstrecken an der Bank,FOREARMS,Unterarmmuskulatur,secondary,3,1,2,Oberkörper
EX000798,Körpergewichts-Trizepsstrecken an der Bank,FRONT_DELTS,Vordere Schulter,secondary,3,2,2,Oberkörper
EX000799,Körpergewichts-Trizepsstrecken an der Stange,TRICEPS,Trizeps,primary,5,1,3,Oberkörper
EX000799,Körpergewichts-Trizepsstrecken an der Stange,FOREARMS,Unterarmmuskulatur,secondary,3,1,2,Oberkörper
EX000799,Körpergewichts-Trizepsstrecken an der Stange,FRONT_DELTS,Vordere Schulter,secondary,3,2,2,Oberkörper
EX000800,PJR Pullover mit Kurzhantel,TRICEPS,Trizeps,primary,5,1,3,Oberkörper
EX000800,PJR Pullover mit Kurzhantel,FOREARMS,Unterarmmuskulatur,secondary,3,1,2,Oberkörper
EX000800,PJR Pullover mit Kurzhantel,FRONT_DELTS,Vordere Schulter,secondary,3,2,2,Oberkörper
EX000801,Rolling Triceps Extension mit Kurzhanteln,TRICEPS,Trizeps,primary,5,1,3,Oberkörper
EX000801,Rolling Triceps Extension mit Kurzhanteln,FOREARMS,Unterarmmuskulatur,secondary,3,1,2,Oberkörper
EX000801,Rolling Triceps Extension mit Kurzhanteln,FRONT_DELTS,Vordere Schulter,secondary,3,2,2,Oberkörper
EX000802,Sitzendes Trizepsstrecken mit SZ-Stange,TRICEPS,Trizeps,primary,5,1,3,Oberkörper
EX000802,Sitzendes Trizepsstrecken mit SZ-Stange,FOREARMS,Unterarmmuskulatur,secondary,3,1,2,Oberkörper
EX000802,Sitzendes Trizepsstrecken mit SZ-Stange,FRONT_DELTS,Vordere Schulter,secondary,3,2,2,Oberkörper
EX000803,Sitzendes Trizepsstrecken über Kopf mit Kurzhantel,TRICEPS,Trizeps,primary,5,1,3,Oberkörper
EX000803,Sitzendes Trizepsstrecken über Kopf mit Kurzhantel,FOREARMS,Unterarmmuskulatur,secondary,3,1,2,Oberkörper
EX000803,Sitzendes Trizepsstrecken über Kopf mit Kurzhantel,FRONT_DELTS,Vordere Schulter,secondary,3,2,2,Oberkörper
EX000804,Sphinx-Liegestütz,TRICEPS,Trizeps,primary,5,1,3,Oberkörper
EX000804,Sphinx-Liegestütz,CHEST,Brustmuskulatur,secondary,3,1,4,Oberkörper
EX000804,Sphinx-Liegestütz,FRONT_DELTS,Vordere Schulter,secondary,3,2,2,Oberkörper
EX000804,Sphinx-Liegestütz,FOREARMS,Unterarmmuskulatur,secondary,3,3,2,Oberkörper
EX000805,Tate Press mit Kurzhanteln,TRICEPS,Trizeps,primary,5,1,3,Oberkörper
EX000805,Tate Press mit Kurzhanteln,FOREARMS,Unterarmmuskulatur,secondary,3,1,2,Oberkörper
EX000805,Tate Press mit Kurzhanteln,FRONT_DELTS,Vordere Schulter,secondary,3,2,2,Oberkörper
EX000806,Tiger-Bend Push-up,TRICEPS,Trizeps,primary,5,1,3,Oberkörper
EX000806,Tiger-Bend Push-up,CHEST,Brustmuskulatur,secondary,3,1,4,Oberkörper
EX000806,Tiger-Bend Push-up,FRONT_DELTS,Vordere Schulter,secondary,3,2,2,Oberkörper
EX000806,Tiger-Bend Push-up,FOREARMS,Unterarmmuskulatur,secondary,3,3,2,Oberkörper
EX000807,Trizeps-Kickback am Kabel,TRICEPS,Trizeps,primary,5,1,3,Oberkörper
EX000807,Trizeps-Kickback am Kabel,FOREARMS,Unterarmmuskulatur,secondary,3,1,2,Oberkörper
EX000807,Trizeps-Kickback am Kabel,FRONT_DELTS,Vordere Schulter,secondary,3,2,2,Oberkörper
EX000808,Trizeps-Kickback mit beiden Armen,TRICEPS,Trizeps,primary,5,1,3,Oberkörper
EX000808,Trizeps-Kickback mit beiden Armen,FOREARMS,Unterarmmuskulatur,secondary,3,1,2,Oberkörper
EX000808,Trizeps-Kickback mit beiden Armen,FRONT_DELTS,Vordere Schulter,secondary,3,2,2,Oberkörper
EX000809,Trizeps-Kickback mit Kurzhantel,TRICEPS,Trizeps,primary,5,1,3,Oberkörper
EX000809,Trizeps-Kickback mit Kurzhantel,FOREARMS,Unterarmmuskulatur,secondary,3,1,2,Oberkörper
EX000809,Trizeps-Kickback mit Kurzhantel,FRONT_DELTS,Vordere Schulter,secondary,3,2,2,Oberkörper
EX000810,Trizeps-Kickback mit Widerstandsband,TRICEPS,Trizeps,primary,5,1,3,Oberkörper
EX000810,Trizeps-Kickback mit Widerstandsband,FOREARMS,Unterarmmuskulatur,secondary,3,1,2,Oberkörper
EX000810,Trizeps-Kickback mit Widerstandsband,FRONT_DELTS,Vordere Schulter,secondary,3,2,2,Oberkörper
EX000811,Trizepsdrücken am Kabel im Untergriff,TRICEPS,Trizeps,primary,5,1,3,Oberkörper
EX000811,Trizepsdrücken am Kabel im Untergriff,FOREARMS,Unterarmmuskulatur,secondary,3,1,2,Oberkörper
EX000811,Trizepsdrücken am Kabel im Untergriff,FRONT_DELTS,Vordere Schulter,secondary,3,2,2,Oberkörper
EX000812,Trizepsdrücken am Kabel mit gekreuzten Griffen,TRICEPS,Trizeps,primary,5,1,3,Oberkörper
EX000812,Trizepsdrücken am Kabel mit gekreuzten Griffen,FOREARMS,Unterarmmuskulatur,secondary,3,1,2,Oberkörper
EX000812,Trizepsdrücken am Kabel mit gekreuzten Griffen,FRONT_DELTS,Vordere Schulter,secondary,3,2,2,Oberkörper
EX000813,Trizepsdrücken am Kabel mit gerader Stange,TRICEPS,Trizeps,primary,5,1,3,Oberkörper
EX000813,Trizepsdrücken am Kabel mit gerader Stange,FOREARMS,Unterarmmuskulatur,secondary,3,1,2,Oberkörper
EX000813,Trizepsdrücken am Kabel mit gerader Stange,FRONT_DELTS,Vordere Schulter,secondary,3,2,2,Oberkörper
EX000814,Trizepsdrücken am Kabel mit langsamer Exzentrik,TRICEPS,Trizeps,primary,5,1,3,Oberkörper
EX000814,Trizepsdrücken am Kabel mit langsamer Exzentrik,FOREARMS,Unterarmmuskulatur,secondary,3,1,2,Oberkörper
EX000814,Trizepsdrücken am Kabel mit langsamer Exzentrik,FRONT_DELTS,Vordere Schulter,secondary,3,2,2,Oberkörper
EX000815,Trizepsdrücken am Kabel mit Pause unten,TRICEPS,Trizeps,primary,5,1,3,Oberkörper
EX000815,Trizepsdrücken am Kabel mit Pause unten,FOREARMS,Unterarmmuskulatur,secondary,3,1,2,Oberkörper
EX000815,Trizepsdrücken am Kabel mit Pause unten,FRONT_DELTS,Vordere Schulter,secondary,3,2,2,Oberkörper
EX000816,Trizepsdrücken am Kabel mit Seil,TRICEPS,Trizeps,primary,5,1,3,Oberkörper
EX000816,Trizepsdrücken am Kabel mit Seil,FOREARMS,Unterarmmuskulatur,secondary,3,1,2,Oberkörper
EX000816,Trizepsdrücken am Kabel mit Seil,FRONT_DELTS,Vordere Schulter,secondary,3,2,2,Oberkörper
EX000817,Trizepsdrücken am Kabel mit V-Griff,TRICEPS,Trizeps,primary,5,1,3,Oberkörper
EX000817,Trizepsdrücken am Kabel mit V-Griff,FOREARMS,Unterarmmuskulatur,secondary,3,1,2,Oberkörper
EX000817,Trizepsdrücken am Kabel mit V-Griff,FRONT_DELTS,Vordere Schulter,secondary,3,2,2,Oberkörper
EX000818,Trizepsdrücken an der Maschine,TRICEPS,Trizeps,primary,5,1,3,Oberkörper
EX000818,Trizepsdrücken an der Maschine,FOREARMS,Unterarmmuskulatur,secondary,3,1,2,Oberkörper
EX000818,Trizepsdrücken an der Maschine,FRONT_DELTS,Vordere Schulter,secondary,3,2,2,Oberkörper
EX000819,Trizepsdrücken mit Tubeband,TRICEPS,Trizeps,primary,5,1,3,Oberkörper
EX000819,Trizepsdrücken mit Tubeband,FOREARMS,Unterarmmuskulatur,secondary,3,1,2,Oberkörper
EX000819,Trizepsdrücken mit Tubeband,FRONT_DELTS,Vordere Schulter,secondary,3,2,2,Oberkörper
EX000820,Trizepsdrücken mit Widerstandsband,TRICEPS,Trizeps,primary,5,1,3,Oberkörper
EX000820,Trizepsdrücken mit Widerstandsband,FOREARMS,Unterarmmuskulatur,secondary,3,1,2,Oberkörper
EX000820,Trizepsdrücken mit Widerstandsband,FRONT_DELTS,Vordere Schulter,secondary,3,2,2,Oberkörper
EX000821,Trizepsstrecken am Schlingentrainer,TRICEPS,Trizeps,primary,5,1,3,Oberkörper
EX000821,Trizepsstrecken am Schlingentrainer,FOREARMS,Unterarmmuskulatur,secondary,3,1,2,Oberkörper
EX000821,Trizepsstrecken am Schlingentrainer,FRONT_DELTS,Vordere Schulter,secondary,3,2,2,Oberkörper
EX000822,Trizepsstrecken an Turnringen,TRICEPS,Trizeps,primary,5,1,3,Oberkörper
EX000822,Trizepsstrecken an Turnringen,FOREARMS,Unterarmmuskulatur,secondary,3,1,2,Oberkörper
EX000822,Trizepsstrecken an Turnringen,FRONT_DELTS,Vordere Schulter,secondary,3,2,2,Oberkörper
EX000823,Trizepsstrecken mit Miniband zwischen den Händen,TRICEPS,Trizeps,primary,5,1,3,Oberkörper
EX000823,Trizepsstrecken mit Miniband zwischen den Händen,FOREARMS,Unterarmmuskulatur,secondary,3,1,2,Oberkörper
EX000823,Trizepsstrecken mit Miniband zwischen den Händen,FRONT_DELTS,Vordere Schulter,secondary,3,2,2,Oberkörper
EX000824,Trizepsstrecken über Kopf am Kabel im Kniestand,TRICEPS,Trizeps,primary,5,1,3,Oberkörper
EX000824,Trizepsstrecken über Kopf am Kabel im Kniestand,FOREARMS,Unterarmmuskulatur,secondary,3,1,2,Oberkörper
EX000824,Trizepsstrecken über Kopf am Kabel im Kniestand,FRONT_DELTS,Vordere Schulter,secondary,3,2,2,Oberkörper
EX000825,Trizepsstrecken über Kopf am Kabel im Sitzen,TRICEPS,Trizeps,primary,5,1,3,Oberkörper
EX000825,Trizepsstrecken über Kopf am Kabel im Sitzen,FOREARMS,Unterarmmuskulatur,secondary,3,1,2,Oberkörper
EX000825,Trizepsstrecken über Kopf am Kabel im Sitzen,FRONT_DELTS,Vordere Schulter,secondary,3,2,2,Oberkörper
EX000826,Trizepsstrecken über Kopf am Kabel mit Seil,TRICEPS,Trizeps,primary,5,1,3,Oberkörper
EX000826,Trizepsstrecken über Kopf am Kabel mit Seil,FOREARMS,Unterarmmuskulatur,secondary,3,1,2,Oberkörper
EX000826,Trizepsstrecken über Kopf am Kabel mit Seil,FRONT_DELTS,Vordere Schulter,secondary,3,2,2,Oberkörper
EX000827,Trizepsstrecken über Kopf mit Kettlebell,TRICEPS,Trizeps,primary,5,1,3,Oberkörper
EX000827,Trizepsstrecken über Kopf mit Kettlebell,FOREARMS,Unterarmmuskulatur,secondary,3,1,2,Oberkörper
EX000827,Trizepsstrecken über Kopf mit Kettlebell,FRONT_DELTS,Vordere Schulter,secondary,3,2,2,Oberkörper
EX000828,Trizepsstrecken über Kopf mit Kurzhantel,TRICEPS,Trizeps,primary,5,1,3,Oberkörper
EX000828,Trizepsstrecken über Kopf mit Kurzhantel,FOREARMS,Unterarmmuskulatur,secondary,3,1,2,Oberkörper
EX000828,Trizepsstrecken über Kopf mit Kurzhantel,FRONT_DELTS,Vordere Schulter,secondary,3,2,2,Oberkörper
EX000829,Trizepsstrecken über Kopf mit SZ-Stange,TRICEPS,Trizeps,primary,5,1,3,Oberkörper
EX000829,Trizepsstrecken über Kopf mit SZ-Stange,FOREARMS,Unterarmmuskulatur,secondary,3,1,2,Oberkörper
EX000829,Trizepsstrecken über Kopf mit SZ-Stange,FRONT_DELTS,Vordere Schulter,secondary,3,2,2,Oberkörper
EX000830,Trizepsstrecken über Kopf mit Widerstandsband,TRICEPS,Trizeps,primary,5,1,3,Oberkörper
EX000830,Trizepsstrecken über Kopf mit Widerstandsband,FOREARMS,Unterarmmuskulatur,secondary,3,1,2,Oberkörper
EX000830,Trizepsstrecken über Kopf mit Widerstandsband,FRONT_DELTS,Vordere Schulter,secondary,3,2,2,Oberkörper
EX000831,Alternierender Hammer Curl,BRACHIALIS,Brachialis,primary,5,1,1,Oberkörper
EX000831,Alternierender Hammer Curl,BICEPS,Bizeps,secondary,3,1,2,Oberkörper
EX000831,Alternierender Hammer Curl,FOREARMS,Unterarmmuskulatur,secondary,3,2,2,Oberkörper
EX000832,Alternierender Kurzhantel-Curl,BICEPS,Bizeps,primary,5,1,2,Oberkörper
EX000832,Alternierender Kurzhantel-Curl,BRACHIALIS,Brachialis,secondary,3,1,1,Oberkörper
EX000832,Alternierender Kurzhantel-Curl,FOREARMS,Unterarmmuskulatur,secondary,3,2,2,Oberkörper
EX000833,Alternierender Schrägbank-Curl,BICEPS,Bizeps,primary,5,1,2,Oberkörper
EX000833,Alternierender Schrägbank-Curl,BRACHIALIS,Brachialis,secondary,3,1,1,Oberkörper
EX000833,Alternierender Schrägbank-Curl,FOREARMS,Unterarmmuskulatur,secondary,3,2,2,Oberkörper
EX000834,Bayesian Cable Curl,BICEPS,Bizeps,primary,5,1,2,Oberkörper
EX000834,Bayesian Cable Curl,BRACHIALIS,Brachialis,secondary,3,1,1,Oberkörper
EX000834,Bayesian Cable Curl,FOREARMS,Unterarmmuskulatur,secondary,3,2,2,Oberkörper
EX000835,Bayesian Cable Curl beidarmig,BICEPS,Bizeps,primary,5,1,2,Oberkörper
EX000835,Bayesian Cable Curl beidarmig,BRACHIALIS,Brachialis,secondary,3,1,1,Oberkörper
EX000835,Bayesian Cable Curl beidarmig,FOREARMS,Unterarmmuskulatur,secondary,3,2,2,Oberkörper
EX000836,Bizepscurl am Schlingentrainer,BICEPS,Bizeps,primary,5,1,2,Oberkörper
EX000836,Bizepscurl am Schlingentrainer,BRACHIALIS,Brachialis,secondary,3,1,1,Oberkörper
EX000836,Bizepscurl am Schlingentrainer,FOREARMS,Unterarmmuskulatur,secondary,3,2,2,Oberkörper
EX000836,Bizepscurl am Schlingentrainer,ABS,Gerade Bauchmuskulatur,secondary,3,3,3,Rumpf
EX000837,Bizepscurl an der Maschine,BICEPS,Bizeps,primary,5,1,2,Oberkörper
EX000837,Bizepscurl an der Maschine,BRACHIALIS,Brachialis,secondary,3,1,1,Oberkörper
EX000837,Bizepscurl an der Maschine,FOREARMS,Unterarmmuskulatur,secondary,3,2,2,Oberkörper
EX000838,Bizepscurl mit Widerstandsband,BICEPS,Bizeps,primary,5,1,2,Oberkörper
EX000838,Bizepscurl mit Widerstandsband,BRACHIALIS,Brachialis,secondary,3,1,1,Oberkörper
EX000838,Bizepscurl mit Widerstandsband,FOREARMS,Unterarmmuskulatur,secondary,3,2,2,Oberkörper
EX000839,Bottom-up Kettlebell-Curl,BICEPS,Bizeps,primary,5,1,2,Oberkörper
EX000839,Bottom-up Kettlebell-Curl,BRACHIALIS,Brachialis,secondary,3,1,1,Oberkörper
EX000839,Bottom-up Kettlebell-Curl,FOREARMS,Unterarmmuskulatur,secondary,3,2,2,Oberkörper
EX000840,Cheat Curl mit Langhantel,BICEPS,Bizeps,primary,5,1,2,Oberkörper
EX000840,Cheat Curl mit Langhantel,BRACHIALIS,Brachialis,secondary,3,1,1,Oberkörper
EX000840,Cheat Curl mit Langhantel,FOREARMS,Unterarmmuskulatur,secondary,3,2,2,Oberkörper
EX000840,Cheat Curl mit Langhantel,ERECTORS,Rückenstrecker,secondary,3,3,4,Rumpf
EX000840,Cheat Curl mit Langhantel,GLUTES,Gesässmuskulatur,secondary,2,4,5,Unterkörper
EX000841,Cross-Body Hammer Curl,BRACHIALIS,Brachialis,primary,5,1,1,Oberkörper
EX000841,Cross-Body Hammer Curl,BICEPS,Bizeps,secondary,3,1,2,Oberkörper
EX000841,Cross-Body Hammer Curl,FOREARMS,Unterarmmuskulatur,secondary,3,2,2,Oberkörper
EX000842,Drag Curl mit Kurzhanteln,BICEPS,Bizeps,primary,5,1,2,Oberkörper
EX000842,Drag Curl mit Kurzhanteln,BRACHIALIS,Brachialis,secondary,3,1,1,Oberkörper
EX000842,Drag Curl mit Kurzhanteln,REAR_DELTS,Hintere Schulter,secondary,3,2,2,Oberkörper
EX000842,Drag Curl mit Kurzhanteln,FOREARMS,Unterarmmuskulatur,secondary,3,3,2,Oberkörper
EX000843,Drag Curl mit Langhantel,BICEPS,Bizeps,primary,5,1,2,Oberkörper
EX000843,Drag Curl mit Langhantel,BRACHIALIS,Brachialis,secondary,3,1,1,Oberkörper
EX000843,Drag Curl mit Langhantel,REAR_DELTS,Hintere Schulter,secondary,3,2,2,Oberkörper
EX000843,Drag Curl mit Langhantel,FOREARMS,Unterarmmuskulatur,secondary,3,3,2,Oberkörper
EX000844,Einarmiger Bizepscurl am Schlingentrainer,BICEPS,Bizeps,primary,5,1,2,Oberkörper
EX000844,Einarmiger Bizepscurl am Schlingentrainer,BRACHIALIS,Brachialis,secondary,3,1,1,Oberkörper
EX000844,Einarmiger Bizepscurl am Schlingentrainer,FOREARMS,Unterarmmuskulatur,secondary,3,2,2,Oberkörper
EX000844,Einarmiger Bizepscurl am Schlingentrainer,ABS,Gerade Bauchmuskulatur,secondary,3,3,3,Rumpf
EX000844,Einarmiger Bizepscurl am Schlingentrainer,OBLIQUES,Seitliche Bauchmuskulatur,secondary,2,4,3,Rumpf
EX000845,Einarmiger Bizepscurl an der Maschine,BICEPS,Bizeps,primary,5,1,2,Oberkörper
EX000845,Einarmiger Bizepscurl an der Maschine,BRACHIALIS,Brachialis,secondary,3,1,1,Oberkörper
EX000845,Einarmiger Bizepscurl an der Maschine,FOREARMS,Unterarmmuskulatur,secondary,3,2,2,Oberkörper
EX000846,Einarmiger Bizepscurl mit Widerstandsband,BICEPS,Bizeps,primary,5,1,2,Oberkörper
EX000846,Einarmiger Bizepscurl mit Widerstandsband,BRACHIALIS,Brachialis,secondary,3,1,1,Oberkörper
EX000846,Einarmiger Bizepscurl mit Widerstandsband,FOREARMS,Unterarmmuskulatur,secondary,3,2,2,Oberkörper
EX000847,Einarmiger Kabel-Curl im Stehen,BICEPS,Bizeps,primary,5,1,2,Oberkörper
EX000847,Einarmiger Kabel-Curl im Stehen,BRACHIALIS,Brachialis,secondary,3,1,1,Oberkörper
EX000847,Einarmiger Kabel-Curl im Stehen,FOREARMS,Unterarmmuskulatur,secondary,3,2,2,Oberkörper
EX000848,Einarmiger Kabel-Curl von oben,BICEPS,Bizeps,primary,5,1,2,Oberkörper
EX000848,Einarmiger Kabel-Curl von oben,BRACHIALIS,Brachialis,secondary,3,1,1,Oberkörper
EX000848,Einarmiger Kabel-Curl von oben,FRONT_DELTS,Vordere Schulter,secondary,3,2,2,Oberkörper
EX000849,Einarmiger Kurzhantel-Curl mit Pause,BICEPS,Bizeps,primary,5,1,2,Oberkörper
EX000849,Einarmiger Kurzhantel-Curl mit Pause,BRACHIALIS,Brachialis,secondary,3,1,1,Oberkörper
EX000849,Einarmiger Kurzhantel-Curl mit Pause,FOREARMS,Unterarmmuskulatur,secondary,3,2,2,Oberkörper
EX000850,Hammer Curl auf der Schrägbank,BRACHIALIS,Brachialis,primary,5,1,1,Oberkörper
EX000850,Hammer Curl auf der Schrägbank,BICEPS,Bizeps,secondary,3,1,2,Oberkörper
EX000850,Hammer Curl auf der Schrägbank,FOREARMS,Unterarmmuskulatur,secondary,3,2,2,Oberkörper
EX000851,Hammer Curl auf der Scottbank,BRACHIALIS,Brachialis,primary,5,1,1,Oberkörper
EX000851,Hammer Curl auf der Scottbank,BICEPS,Bizeps,secondary,3,1,2,Oberkörper
EX000851,Hammer Curl auf der Scottbank,FOREARMS,Unterarmmuskulatur,secondary,3,2,2,Oberkörper
EX000852,Hammer Curl im Stehen,BRACHIALIS,Brachialis,primary,5,1,1,Oberkörper
EX000852,Hammer Curl im Stehen,BICEPS,Bizeps,secondary,3,1,2,Oberkörper
EX000852,Hammer Curl im Stehen,FOREARMS,Unterarmmuskulatur,secondary,3,2,2,Oberkörper
EX000853,Hammer Curl mit Widerstandsband,BRACHIALIS,Brachialis,primary,5,1,1,Oberkörper
EX000853,Hammer Curl mit Widerstandsband,BICEPS,Bizeps,secondary,3,1,2,Oberkörper
EX000853,Hammer Curl mit Widerstandsband,FOREARMS,Unterarmmuskulatur,secondary,3,2,2,Oberkörper
EX000854,Kabel-Curl im tiefen Ausfallschritt,BICEPS,Bizeps,primary,5,1,2,Oberkörper
EX000854,Kabel-Curl im tiefen Ausfallschritt,BRACHIALIS,Brachialis,secondary,3,1,1,Oberkörper
EX000854,Kabel-Curl im tiefen Ausfallschritt,ABS,Gerade Bauchmuskulatur,secondary,3,2,3,Rumpf
EX000854,Kabel-Curl im tiefen Ausfallschritt,GLUTES,Gesässmuskulatur,secondary,3,3,5,Unterkörper
EX000855,Kabel-Curl mit gerader Stange,BICEPS,Bizeps,primary,5,1,2,Oberkörper
EX000855,Kabel-Curl mit gerader Stange,BRACHIALIS,Brachialis,secondary,3,1,1,Oberkörper
EX000855,Kabel-Curl mit gerader Stange,FOREARMS,Unterarmmuskulatur,secondary,3,2,2,Oberkörper
EX000856,Kabel-Curl mit Seil,BRACHIALIS,Brachialis,primary,5,1,1,Oberkörper
EX000856,Kabel-Curl mit Seil,BICEPS,Bizeps,secondary,3,1,2,Oberkörper
EX000856,Kabel-Curl mit Seil,FOREARMS,Unterarmmuskulatur,secondary,3,2,2,Oberkörper
EX000857,Kabel-Curl mit SZ-Griff,BICEPS,Bizeps,primary,5,1,2,Oberkörper
EX000857,Kabel-Curl mit SZ-Griff,BRACHIALIS,Brachialis,secondary,3,1,1,Oberkörper
EX000857,Kabel-Curl mit SZ-Griff,FOREARMS,Unterarmmuskulatur,secondary,3,2,2,Oberkörper
EX000858,Kabel-Curl von oben,BICEPS,Bizeps,primary,5,1,2,Oberkörper
EX000858,Kabel-Curl von oben,BRACHIALIS,Brachialis,secondary,3,1,1,Oberkörper
EX000858,Kabel-Curl von oben,FRONT_DELTS,Vordere Schulter,secondary,3,2,2,Oberkörper
EX000859,Kabel-Hammer-Curl einarmig,BRACHIALIS,Brachialis,primary,5,1,1,Oberkörper
EX000859,Kabel-Hammer-Curl einarmig,BICEPS,Bizeps,secondary,3,1,2,Oberkörper
EX000859,Kabel-Hammer-Curl einarmig,FOREARMS,Unterarmmuskulatur,secondary,3,2,2,Oberkörper
EX000860,Kettlebell-Curl im Stehen,BICEPS,Bizeps,primary,5,1,2,Oberkörper
EX000860,Kettlebell-Curl im Stehen,BRACHIALIS,Brachialis,secondary,3,1,1,Oberkörper
EX000860,Kettlebell-Curl im Stehen,FOREARMS,Unterarmmuskulatur,secondary,3,2,2,Oberkörper
EX000861,Kettlebell-Hammer-Curl,BRACHIALIS,Brachialis,primary,5,1,1,Oberkörper
EX000861,Kettlebell-Hammer-Curl,BICEPS,Bizeps,secondary,3,1,2,Oberkörper
EX000861,Kettlebell-Hammer-Curl,FOREARMS,Unterarmmuskulatur,secondary,3,2,2,Oberkörper
EX000862,Konzentrationscurl,BICEPS,Bizeps,primary,5,1,2,Oberkörper
EX000862,Konzentrationscurl,BRACHIALIS,Brachialis,secondary,3,1,1,Oberkörper
EX000862,Konzentrationscurl,FOREARMS,Unterarmmuskulatur,secondary,3,2,2,Oberkörper
EX000863,Kurzhantel-Curl auf der Schrägbank,BICEPS,Bizeps,primary,5,1,2,Oberkörper
EX000863,Kurzhantel-Curl auf der Schrägbank,BRACHIALIS,Brachialis,secondary,3,1,1,Oberkörper
EX000863,Kurzhantel-Curl auf der Schrägbank,FOREARMS,Unterarmmuskulatur,secondary,3,2,2,Oberkörper
EX000864,Kurzhantel-Curl im Sitzen,BICEPS,Bizeps,primary,5,1,2,Oberkörper
EX000864,Kurzhantel-Curl im Sitzen,BRACHIALIS,Brachialis,secondary,3,1,1,Oberkörper
EX000864,Kurzhantel-Curl im Sitzen,FOREARMS,Unterarmmuskulatur,secondary,3,2,2,Oberkörper
EX000865,Kurzhantel-Curl im Stehen,BICEPS,Bizeps,primary,5,1,2,Oberkörper
EX000865,Kurzhantel-Curl im Stehen,BRACHIALIS,Brachialis,secondary,3,1,1,Oberkörper
EX000865,Kurzhantel-Curl im Stehen,FOREARMS,Unterarmmuskulatur,secondary,3,2,2,Oberkörper
EX000866,Kurzhantel-Curl mit langsamer Exzentrik,BICEPS,Bizeps,primary,5,1,2,Oberkörper
EX000866,Kurzhantel-Curl mit langsamer Exzentrik,BRACHIALIS,Brachialis,secondary,3,1,1,Oberkörper
EX000866,Kurzhantel-Curl mit langsamer Exzentrik,FOREARMS,Unterarmmuskulatur,secondary,3,2,2,Oberkörper
EX000867,Kurzhantel-Curl mit Supination,BICEPS,Bizeps,primary,5,1,2,Oberkörper
EX000867,Kurzhantel-Curl mit Supination,BRACHIALIS,Brachialis,secondary,3,1,1,Oberkörper
EX000867,Kurzhantel-Curl mit Supination,FOREARMS,Unterarmmuskulatur,secondary,3,2,2,Oberkörper
EX000868,Langhantel-Curl im Stehen,BICEPS,Bizeps,primary,5,1,2,Oberkörper
EX000868,Langhantel-Curl im Stehen,BRACHIALIS,Brachialis,secondary,3,1,1,Oberkörper
EX000868,Langhantel-Curl im Stehen,FOREARMS,Unterarmmuskulatur,secondary,3,2,2,Oberkörper
EX000869,Langhantel-Curl mit engem Griff,BICEPS,Bizeps,primary,5,1,2,Oberkörper
EX000869,Langhantel-Curl mit engem Griff,BRACHIALIS,Brachialis,secondary,3,1,1,Oberkörper
EX000869,Langhantel-Curl mit engem Griff,FOREARMS,Unterarmmuskulatur,secondary,3,2,2,Oberkörper
EX000870,Langhantel-Curl mit Pause oben,BICEPS,Bizeps,primary,5,1,2,Oberkörper
EX000870,Langhantel-Curl mit Pause oben,BRACHIALIS,Brachialis,secondary,3,1,1,Oberkörper
EX000870,Langhantel-Curl mit Pause oben,FOREARMS,Unterarmmuskulatur,secondary,3,2,2,Oberkörper
EX000871,Langhantel-Curl mit weitem Griff,BICEPS,Bizeps,primary,5,1,2,Oberkörper
EX000871,Langhantel-Curl mit weitem Griff,BRACHIALIS,Brachialis,secondary,3,1,1,Oberkörper
EX000871,Langhantel-Curl mit weitem Griff,FOREARMS,Unterarmmuskulatur,secondary,3,2,2,Oberkörper
EX000872,Liegender Kabel-Curl,BICEPS,Bizeps,primary,5,1,2,Oberkörper
EX000872,Liegender Kabel-Curl,BRACHIALIS,Brachialis,secondary,3,1,1,Oberkörper
EX000872,Liegender Kabel-Curl,FOREARMS,Unterarmmuskulatur,secondary,3,2,2,Oberkörper
EX000873,Reverse Curl am Kabelzug,FOREARMS,Unterarmmuskulatur,primary,5,1,2,Oberkörper
EX000873,Reverse Curl am Kabelzug,BRACHIALIS,Brachialis,secondary,3,1,1,Oberkörper
EX000873,Reverse Curl am Kabelzug,BICEPS,Bizeps,secondary,3,2,2,Oberkörper
EX000874,Reverse Curl mit Kurzhanteln,FOREARMS,Unterarmmuskulatur,primary,5,1,2,Oberkörper
EX000874,Reverse Curl mit Kurzhanteln,BRACHIALIS,Brachialis,secondary,3,1,1,Oberkörper
EX000874,Reverse Curl mit Kurzhanteln,BICEPS,Bizeps,secondary,3,2,2,Oberkörper
EX000875,Reverse Curl mit Langhantel,FOREARMS,Unterarmmuskulatur,primary,5,1,2,Oberkörper
EX000875,Reverse Curl mit Langhantel,BRACHIALIS,Brachialis,secondary,3,1,1,Oberkörper
EX000875,Reverse Curl mit Langhantel,BICEPS,Bizeps,secondary,3,2,2,Oberkörper
EX000876,Reverse Curl mit SZ-Stange,FOREARMS,Unterarmmuskulatur,primary,5,1,2,Oberkörper
EX000876,Reverse Curl mit SZ-Stange,BRACHIALIS,Brachialis,secondary,3,1,1,Oberkörper
EX000876,Reverse Curl mit SZ-Stange,BICEPS,Bizeps,secondary,3,2,2,Oberkörper
EX000877,Scott-Curl am Kabelzug,BICEPS,Bizeps,primary,5,1,2,Oberkörper
EX000877,Scott-Curl am Kabelzug,BRACHIALIS,Brachialis,secondary,3,1,1,Oberkörper
EX000877,Scott-Curl am Kabelzug,FOREARMS,Unterarmmuskulatur,secondary,3,2,2,Oberkörper
EX000878,Scott-Curl mit Kurzhantel,BICEPS,Bizeps,primary,5,1,2,Oberkörper
EX000878,Scott-Curl mit Kurzhantel,BRACHIALIS,Brachialis,secondary,3,1,1,Oberkörper
EX000878,Scott-Curl mit Kurzhantel,FOREARMS,Unterarmmuskulatur,secondary,3,2,2,Oberkörper
EX000879,Scott-Curl mit Langhantel,BICEPS,Bizeps,primary,5,1,2,Oberkörper
EX000879,Scott-Curl mit Langhantel,BRACHIALIS,Brachialis,secondary,3,1,1,Oberkörper
EX000879,Scott-Curl mit Langhantel,FOREARMS,Unterarmmuskulatur,secondary,3,2,2,Oberkörper
EX000880,Scott-Curl mit SZ-Stange,BICEPS,Bizeps,primary,5,1,2,Oberkörper
EX000880,Scott-Curl mit SZ-Stange,BRACHIALIS,Brachialis,secondary,3,1,1,Oberkörper
EX000880,Scott-Curl mit SZ-Stange,FOREARMS,Unterarmmuskulatur,secondary,3,2,2,Oberkörper
EX000881,Sitzender Langhantel-Curl aus halber ROM,BICEPS,Bizeps,primary,5,1,2,Oberkörper
EX000881,Sitzender Langhantel-Curl aus halber ROM,BRACHIALIS,Brachialis,secondary,3,1,1,Oberkörper
EX000881,Sitzender Langhantel-Curl aus halber ROM,FOREARMS,Unterarmmuskulatur,secondary,3,2,2,Oberkörper
EX000882,Spider Curl am Kabelzug,BICEPS,Bizeps,primary,5,1,2,Oberkörper
EX000882,Spider Curl am Kabelzug,BRACHIALIS,Brachialis,secondary,3,1,1,Oberkörper
EX000882,Spider Curl am Kabelzug,FOREARMS,Unterarmmuskulatur,secondary,3,2,2,Oberkörper
EX000883,Spider Curl mit Kurzhanteln,BICEPS,Bizeps,primary,5,1,2,Oberkörper
EX000883,Spider Curl mit Kurzhanteln,BRACHIALIS,Brachialis,secondary,3,1,1,Oberkörper
EX000883,Spider Curl mit Kurzhanteln,FOREARMS,Unterarmmuskulatur,secondary,3,2,2,Oberkörper
EX000884,Spider Curl mit Langhantel,BICEPS,Bizeps,primary,5,1,2,Oberkörper
EX000884,Spider Curl mit Langhantel,BRACHIALIS,Brachialis,secondary,3,1,1,Oberkörper
EX000884,Spider Curl mit Langhantel,FOREARMS,Unterarmmuskulatur,secondary,3,2,2,Oberkörper
EX000885,Spider Curl mit SZ-Stange,BICEPS,Bizeps,primary,5,1,2,Oberkörper
EX000885,Spider Curl mit SZ-Stange,BRACHIALIS,Brachialis,secondary,3,1,1,Oberkörper
EX000885,Spider Curl mit SZ-Stange,FOREARMS,Unterarmmuskulatur,secondary,3,2,2,Oberkörper
EX000886,SZ-Curl im Stehen,BICEPS,Bizeps,primary,5,1,2,Oberkörper
EX000886,SZ-Curl im Stehen,BRACHIALIS,Brachialis,secondary,3,1,1,Oberkörper
EX000886,SZ-Curl im Stehen,FOREARMS,Unterarmmuskulatur,secondary,3,2,2,Oberkörper
EX000887,SZ-Curl mit engem Griff,BICEPS,Bizeps,primary,5,1,2,Oberkörper
EX000887,SZ-Curl mit engem Griff,BRACHIALIS,Brachialis,secondary,3,1,1,Oberkörper
EX000887,SZ-Curl mit engem Griff,FOREARMS,Unterarmmuskulatur,secondary,3,2,2,Oberkörper
EX000888,SZ-Curl mit weitem Griff,BICEPS,Bizeps,primary,5,1,2,Oberkörper
EX000888,SZ-Curl mit weitem Griff,BRACHIALIS,Brachialis,secondary,3,1,1,Oberkörper
EX000888,SZ-Curl mit weitem Griff,FOREARMS,Unterarmmuskulatur,secondary,3,2,2,Oberkörper
EX000889,Zottman Curl,BICEPS,Bizeps,primary,5,1,2,Oberkörper
EX000889,Zottman Curl,BRACHIALIS,Brachialis,secondary,3,1,1,Oberkörper
EX000889,Zottman Curl,FOREARMS,Unterarmmuskulatur,secondary,3,2,2,Oberkörper
EX000890,Zottman Curl im Sitzen,BICEPS,Bizeps,primary,5,1,2,Oberkörper
EX000890,Zottman Curl im Sitzen,BRACHIALIS,Brachialis,secondary,3,1,1,Oberkörper
EX000890,Zottman Curl im Sitzen,FOREARMS,Unterarmmuskulatur,secondary,3,2,2,Oberkörper
EX000891,Aktives Hängen an der Klimmzugstange,FOREARMS,Unterarmmuskulatur,primary,5,1,2,Oberkörper
EX000891,Aktives Hängen an der Klimmzugstange,LATS,Latissimus,secondary,3,1,4,Oberkörper
EX000891,Aktives Hängen an der Klimmzugstange,TRAPS,Trapezmuskel,secondary,3,2,3,Oberkörper
EX000891,Aktives Hängen an der Klimmzugstange,ABS,Gerade Bauchmuskulatur,secondary,3,3,3,Rumpf
EX000892,Bottom-up Kettlebell Hold,FOREARMS,Unterarmmuskulatur,primary,5,1,2,Oberkörper
EX000892,Bottom-up Kettlebell Hold,ROTATOR_CUFF,Rotatorenmanschette,secondary,3,1,1,Oberkörper
EX000892,Bottom-up Kettlebell Hold,FRONT_DELTS,Vordere Schulter,secondary,3,2,2,Oberkörper
EX000892,Bottom-up Kettlebell Hold,ABS,Gerade Bauchmuskulatur,secondary,3,3,3,Rumpf
EX000893,Bottom-up Kettlebell Hold über Kopf,FOREARMS,Unterarmmuskulatur,primary,5,1,2,Oberkörper
EX000893,Bottom-up Kettlebell Hold über Kopf,ROTATOR_CUFF,Rotatorenmanschette,secondary,3,1,1,Oberkörper
EX000893,Bottom-up Kettlebell Hold über Kopf,TRAPS,Trapezmuskel,secondary,3,2,3,Oberkörper
EX000893,Bottom-up Kettlebell Hold über Kopf,ABS,Gerade Bauchmuskulatur,secondary,3,3,3,Rumpf
EX000893,Bottom-up Kettlebell Hold über Kopf,GLUTES,Gesässmuskulatur,secondary,2,4,5,Unterkörper
EX000894,Einarmiger Handgelenkcurl mit Kurzhantel,FOREARMS,Unterarmmuskulatur,primary,5,1,2,Oberkörper
EX000894,Einarmiger Handgelenkcurl mit Kurzhantel,BICEPS,Bizeps,secondary,3,1,2,Oberkörper
EX000895,Einarmiger Hantelscheiben-Pinch Hold,FOREARMS,Unterarmmuskulatur,primary,5,1,2,Oberkörper
EX000895,Einarmiger Hantelscheiben-Pinch Hold,BICEPS,Bizeps,secondary,3,1,2,Oberkörper
EX000895,Einarmiger Hantelscheiben-Pinch Hold,TRAPS,Trapezmuskel,secondary,3,2,3,Oberkörper
EX000895,Einarmiger Hantelscheiben-Pinch Hold,OBLIQUES,Seitliche Bauchmuskulatur,secondary,3,3,3,Rumpf
EX000896,Einarmiger Pinch-Block Hold,FOREARMS,Unterarmmuskulatur,primary,5,1,2,Oberkörper
EX000896,Einarmiger Pinch-Block Hold,BICEPS,Bizeps,secondary,3,1,2,Oberkörper
EX000896,Einarmiger Pinch-Block Hold,TRAPS,Trapezmuskel,secondary,3,2,3,Oberkörper
EX000896,Einarmiger Pinch-Block Hold,OBLIQUES,Seitliche Bauchmuskulatur,secondary,3,3,3,Rumpf
EX000897,Einarmiger Reverse Handgelenkcurl,FOREARMS,Unterarmmuskulatur,primary,5,1,2,Oberkörper
EX000897,Einarmiger Reverse Handgelenkcurl,BRACHIALIS,Brachialis,secondary,3,1,1,Oberkörper
EX000898,Einarmiges Hängen an der Klimmzugstange,FOREARMS,Unterarmmuskulatur,primary,5,1,2,Oberkörper
EX000898,Einarmiges Hängen an der Klimmzugstange,LATS,Latissimus,secondary,3,1,4,Oberkörper
EX000898,Einarmiges Hängen an der Klimmzugstange,TRAPS,Trapezmuskel,secondary,3,2,3,Oberkörper
EX000898,Einarmiges Hängen an der Klimmzugstange,OBLIQUES,Seitliche Bauchmuskulatur,secondary,3,3,3,Rumpf
EX000899,Finger-Liegestütz an der Wand,FOREARMS,Unterarmmuskulatur,primary,5,1,2,Oberkörper
EX000899,Finger-Liegestütz an der Wand,CHEST,Brustmuskulatur,secondary,3,1,4,Oberkörper
EX000899,Finger-Liegestütz an der Wand,TRICEPS,Trizeps,secondary,3,2,3,Oberkörper
EX000900,Finger-Liegestütz im Vierfüsslerstand,FOREARMS,Unterarmmuskulatur,primary,5,1,2,Oberkörper
EX000900,Finger-Liegestütz im Vierfüsslerstand,CHEST,Brustmuskulatur,secondary,3,1,4,Oberkörper
EX000900,Finger-Liegestütz im Vierfüsslerstand,TRICEPS,Trizeps,secondary,3,2,3,Oberkörper
EX000900,Finger-Liegestütz im Vierfüsslerstand,ABS,Gerade Bauchmuskulatur,secondary,3,3,3,Rumpf
EX000901,Fingerstrecken mit Miniband,FOREARMS,Unterarmmuskulatur,primary,5,1,2,Oberkörper
EX000902,Handgelenkcurl am Kabelzug,FOREARMS,Unterarmmuskulatur,primary,5,1,2,Oberkörper
EX000902,Handgelenkcurl am Kabelzug,BICEPS,Bizeps,secondary,3,1,2,Oberkörper
EX000903,Handgelenkcurl hinter dem Rücken mit Langhantel,FOREARMS,Unterarmmuskulatur,primary,5,1,2,Oberkörper
EX000903,Handgelenkcurl hinter dem Rücken mit Langhantel,BICEPS,Bizeps,secondary,3,1,2,Oberkörper
EX000904,Handgelenkcurl mit Kurzhanteln im Sitzen,FOREARMS,Unterarmmuskulatur,primary,5,1,2,Oberkörper
EX000904,Handgelenkcurl mit Kurzhanteln im Sitzen,BICEPS,Bizeps,secondary,3,1,2,Oberkörper
EX000905,Handgelenkcurl mit Langhantel im Sitzen,FOREARMS,Unterarmmuskulatur,primary,5,1,2,Oberkörper
EX000905,Handgelenkcurl mit Langhantel im Sitzen,BICEPS,Bizeps,secondary,3,1,2,Oberkörper
EX000906,Handgelenkcurl mit SZ-Stange,FOREARMS,Unterarmmuskulatur,primary,5,1,2,Oberkörper
EX000906,Handgelenkcurl mit SZ-Stange,BICEPS,Bizeps,secondary,3,1,2,Oberkörper
EX000907,Handgelenkcurl mit Widerstandsband,FOREARMS,Unterarmmuskulatur,primary,5,1,2,Oberkörper
EX000907,Handgelenkcurl mit Widerstandsband,BICEPS,Bizeps,secondary,3,1,2,Oberkörper
EX000908,Handtrainer-Griff isometrisch halten,FOREARMS,Unterarmmuskulatur,primary,5,1,2,Oberkörper
EX000909,Handtrainer-Griff mit Negativwiederholung,FOREARMS,Unterarmmuskulatur,primary,5,1,2,Oberkörper
EX000910,Handtrainer-Griff schliessen,FOREARMS,Unterarmmuskulatur,primary,5,1,2,Oberkörper
EX000911,Handtuch-Hängen an der Klimmzugstange,FOREARMS,Unterarmmuskulatur,primary,5,1,2,Oberkörper
EX000911,Handtuch-Hängen an der Klimmzugstange,LATS,Latissimus,secondary,3,1,4,Oberkörper
EX000911,Handtuch-Hängen an der Klimmzugstange,BICEPS,Bizeps,secondary,3,2,2,Oberkörper
EX000911,Handtuch-Hängen an der Klimmzugstange,TRAPS,Trapezmuskel,secondary,3,3,3,Oberkörper
EX000912,Hantelscheiben-Pinch Hold,FOREARMS,Unterarmmuskulatur,primary,5,1,2,Oberkörper
EX000912,Hantelscheiben-Pinch Hold,BICEPS,Bizeps,secondary,3,1,2,Oberkörper
EX000912,Hantelscheiben-Pinch Hold,TRAPS,Trapezmuskel,secondary,3,2,3,Oberkörper
EX000913,Hängen an Turnringen,FOREARMS,Unterarmmuskulatur,primary,5,1,2,Oberkörper
EX000913,Hängen an Turnringen,LATS,Latissimus,secondary,3,1,4,Oberkörper
EX000913,Hängen an Turnringen,TRAPS,Trapezmuskel,secondary,3,2,3,Oberkörper
EX000913,Hängen an Turnringen,ABS,Gerade Bauchmuskulatur,secondary,3,3,3,Rumpf
EX000914,Hängen an zwei Handtüchern,FOREARMS,Unterarmmuskulatur,primary,5,1,2,Oberkörper
EX000914,Hängen an zwei Handtüchern,LATS,Latissimus,secondary,3,1,4,Oberkörper
EX000914,Hängen an zwei Handtüchern,BICEPS,Bizeps,secondary,3,2,2,Oberkörper
EX000914,Hängen an zwei Handtüchern,TRAPS,Trapezmuskel,secondary,3,3,3,Oberkörper
EX000915,Kettlebell-Griffhalten,FOREARMS,Unterarmmuskulatur,primary,5,1,2,Oberkörper
EX000915,Kettlebell-Griffhalten,TRAPS,Trapezmuskel,secondary,3,1,3,Oberkörper
EX000915,Kettlebell-Griffhalten,BICEPS,Bizeps,secondary,3,2,2,Oberkörper
EX000915,Kettlebell-Griffhalten,ABS,Gerade Bauchmuskulatur,secondary,3,3,3,Rumpf
EX000916,Knöchel-Liegestütz,FOREARMS,Unterarmmuskulatur,primary,5,1,2,Oberkörper
EX000916,Knöchel-Liegestütz,CHEST,Brustmuskulatur,secondary,3,1,4,Oberkörper
EX000916,Knöchel-Liegestütz,TRICEPS,Trizeps,secondary,3,2,3,Oberkörper
EX000916,Knöchel-Liegestütz,FRONT_DELTS,Vordere Schulter,secondary,3,3,2,Oberkörper
EX000916,Knöchel-Liegestütz,ABS,Gerade Bauchmuskulatur,secondary,2,4,3,Rumpf
EX000917,Kurzhantel-Griffhalten,FOREARMS,Unterarmmuskulatur,primary,5,1,2,Oberkörper
EX000917,Kurzhantel-Griffhalten,TRAPS,Trapezmuskel,secondary,3,1,3,Oberkörper
EX000917,Kurzhantel-Griffhalten,BICEPS,Bizeps,secondary,3,2,2,Oberkörper
EX000917,Kurzhantel-Griffhalten,ABS,Gerade Bauchmuskulatur,secondary,3,3,3,Rumpf
EX000918,Langhantel-Griffhalten,FOREARMS,Unterarmmuskulatur,primary,5,1,2,Oberkörper
EX000918,Langhantel-Griffhalten,TRAPS,Trapezmuskel,secondary,3,1,3,Oberkörper
EX000918,Langhantel-Griffhalten,LATS,Latissimus,secondary,3,2,4,Oberkörper
EX000918,Langhantel-Griffhalten,ERECTORS,Rückenstrecker,secondary,3,3,4,Rumpf
EX000918,Langhantel-Griffhalten,ABS,Gerade Bauchmuskulatur,secondary,2,4,3,Rumpf
EX000919,Langhantel-Griffhalten mit Griffverdickung,FOREARMS,Unterarmmuskulatur,primary,5,1,2,Oberkörper
EX000919,Langhantel-Griffhalten mit Griffverdickung,TRAPS,Trapezmuskel,secondary,3,1,3,Oberkörper
EX000919,Langhantel-Griffhalten mit Griffverdickung,LATS,Latissimus,secondary,3,2,4,Oberkörper
EX000919,Langhantel-Griffhalten mit Griffverdickung,ERECTORS,Rückenstrecker,secondary,3,3,4,Rumpf
EX000919,Langhantel-Griffhalten mit Griffverdickung,ABS,Gerade Bauchmuskulatur,secondary,2,4,3,Rumpf
EX000920,Passives Hängen an der Klimmzugstange,FOREARMS,Unterarmmuskulatur,primary,5,1,2,Oberkörper
EX000920,Passives Hängen an der Klimmzugstange,LATS,Latissimus,secondary,3,1,4,Oberkörper
EX000920,Passives Hängen an der Klimmzugstange,TRAPS,Trapezmuskel,secondary,3,2,3,Oberkörper
EX000921,Pinch-Block Hold,FOREARMS,Unterarmmuskulatur,primary,5,1,2,Oberkörper
EX000921,Pinch-Block Hold,BICEPS,Bizeps,secondary,3,1,2,Oberkörper
EX000921,Pinch-Block Hold,TRAPS,Trapezmuskel,secondary,3,2,3,Oberkörper
EX000922,Radialabduktion mit Kurzhantel,FOREARMS,Unterarmmuskulatur,primary,5,1,2,Oberkörper
EX000923,Reverse Handgelenkcurl am Kabelzug,FOREARMS,Unterarmmuskulatur,primary,5,1,2,Oberkörper
EX000923,Reverse Handgelenkcurl am Kabelzug,BRACHIALIS,Brachialis,secondary,3,1,1,Oberkörper
EX000924,Reverse Handgelenkcurl mit Kurzhanteln,FOREARMS,Unterarmmuskulatur,primary,5,1,2,Oberkörper
EX000924,Reverse Handgelenkcurl mit Kurzhanteln,BRACHIALIS,Brachialis,secondary,3,1,1,Oberkörper
EX000925,Reverse Handgelenkcurl mit Langhantel,FOREARMS,Unterarmmuskulatur,primary,5,1,2,Oberkörper
EX000925,Reverse Handgelenkcurl mit Langhantel,BRACHIALIS,Brachialis,secondary,3,1,1,Oberkörper
EX000926,Reverse Handgelenkcurl mit Widerstandsband,FOREARMS,Unterarmmuskulatur,primary,5,1,2,Oberkörper
EX000926,Reverse Handgelenkcurl mit Widerstandsband,BRACHIALIS,Brachialis,secondary,3,1,1,Oberkörper
EX000927,Ulnarabduktion mit Kurzhantel,FOREARMS,Unterarmmuskulatur,primary,5,1,2,Oberkörper
EX000928,Unterarm-Pronation am Kabelzug,FOREARMS,Unterarmmuskulatur,primary,5,1,2,Oberkörper
EX000928,Unterarm-Pronation am Kabelzug,BICEPS,Bizeps,secondary,3,1,2,Oberkörper
EX000929,Unterarm-Pronation mit Kurzhantel,FOREARMS,Unterarmmuskulatur,primary,5,1,2,Oberkörper
EX000929,Unterarm-Pronation mit Kurzhantel,BICEPS,Bizeps,secondary,3,1,2,Oberkörper
EX000930,Unterarm-Supination am Kabelzug,FOREARMS,Unterarmmuskulatur,primary,5,1,2,Oberkörper
EX000930,Unterarm-Supination am Kabelzug,BICEPS,Bizeps,secondary,3,1,2,Oberkörper
EX000931,Unterarm-Supination mit Kurzhantel,FOREARMS,Unterarmmuskulatur,primary,5,1,2,Oberkörper
EX000931,Unterarm-Supination mit Kurzhantel,BICEPS,Bizeps,secondary,3,1,2,Oberkörper
EX000932,Wrist Roller rückwärts,FOREARMS,Unterarmmuskulatur,primary,5,1,2,Oberkörper
EX000932,Wrist Roller rückwärts,FRONT_DELTS,Vordere Schulter,secondary,3,1,2,Oberkörper
EX000932,Wrist Roller rückwärts,BICEPS,Bizeps,secondary,3,2,2,Oberkörper
EX000933,Wrist Roller vor dem Körper,FOREARMS,Unterarmmuskulatur,primary,5,1,2,Oberkörper
EX000933,Wrist Roller vor dem Körper,FRONT_DELTS,Vordere Schulter,secondary,3,1,2,Oberkörper
EX000933,Wrist Roller vor dem Körper,BICEPS,Bizeps,secondary,3,2,2,Oberkörper
EX000934,Wrist Roller über Kopf,FOREARMS,Unterarmmuskulatur,primary,5,1,2,Oberkörper
EX000934,Wrist Roller über Kopf,FRONT_DELTS,Vordere Schulter,secondary,3,1,2,Oberkörper
EX000934,Wrist Roller über Kopf,TRAPS,Trapezmuskel,secondary,3,2,3,Oberkörper
EX000934,Wrist Roller über Kopf,TRICEPS,Trizeps,secondary,3,3,3,Oberkörper
EX000935,Alternierendes Frontheben mit Kurzhanteln,FRONT_DELTS,Vordere Schulter,primary,5,1,2,Oberkörper
EX000935,Alternierendes Frontheben mit Kurzhanteln,SIDE_DELTS,Seitliche Schulter,secondary,3,1,2,Oberkörper
EX000935,Alternierendes Frontheben mit Kurzhanteln,TRAPS,Trapezmuskel,secondary,3,2,3,Oberkörper
EX000936,Einarmiges Frontheben am Kabelzug,FRONT_DELTS,Vordere Schulter,primary,5,1,2,Oberkörper
EX000936,Einarmiges Frontheben am Kabelzug,SIDE_DELTS,Seitliche Schulter,secondary,3,1,2,Oberkörper
EX000936,Einarmiges Frontheben am Kabelzug,TRAPS,Trapezmuskel,secondary,3,2,3,Oberkörper
EX000937,Frontheben am Kabelzug,FRONT_DELTS,Vordere Schulter,primary,5,1,2,Oberkörper
EX000937,Frontheben am Kabelzug,SIDE_DELTS,Seitliche Schulter,secondary,3,1,2,Oberkörper
EX000937,Frontheben am Kabelzug,TRAPS,Trapezmuskel,secondary,3,2,3,Oberkörper
EX000938,Frontheben mit Hantelscheibe,FRONT_DELTS,Vordere Schulter,primary,5,1,2,Oberkörper
EX000938,Frontheben mit Hantelscheibe,SIDE_DELTS,Seitliche Schulter,secondary,3,1,2,Oberkörper
EX000938,Frontheben mit Hantelscheibe,TRAPS,Trapezmuskel,secondary,3,2,3,Oberkörper
EX000939,"Frontheben mit Kurzhanteln, beidarmig",FRONT_DELTS,Vordere Schulter,primary,5,1,2,Oberkörper
EX000939,"Frontheben mit Kurzhanteln, beidarmig",SIDE_DELTS,Seitliche Schulter,secondary,3,1,2,Oberkörper
EX000939,"Frontheben mit Kurzhanteln, beidarmig",TRAPS,Trapezmuskel,secondary,3,2,3,Oberkörper
EX000940,Frontheben mit Langhantel,FRONT_DELTS,Vordere Schulter,primary,5,1,2,Oberkörper
EX000940,Frontheben mit Langhantel,SIDE_DELTS,Seitliche Schulter,secondary,3,1,2,Oberkörper
EX000940,Frontheben mit Langhantel,TRAPS,Trapezmuskel,secondary,3,2,3,Oberkörper
EX000941,Frontheben mit Widerstandsband,FRONT_DELTS,Vordere Schulter,primary,5,1,2,Oberkörper
EX000941,Frontheben mit Widerstandsband,SIDE_DELTS,Seitliche Schulter,secondary,3,1,2,Oberkörper
EX000941,Frontheben mit Widerstandsband,TRAPS,Trapezmuskel,secondary,3,2,3,Oberkörper
EX000942,Good Morning mit Langhantel,HAMSTRINGS,Hintere Oberschenkelmuskulatur,primary,5,1,4,Unterkörper
EX000942,Good Morning mit Langhantel,GLUTES,Gesässmuskulatur,secondary,3,1,5,Unterkörper
EX000942,Good Morning mit Langhantel,ERECTORS,Rückenstrecker,secondary,3,2,4,Rumpf
EX000942,Good Morning mit Langhantel,ABS,Gerade Bauchmuskulatur,secondary,3,3,3,Rumpf
EX000943,Good Morning mit Safety Bar,HAMSTRINGS,Hintere Oberschenkelmuskulatur,primary,5,1,4,Unterkörper
EX000943,Good Morning mit Safety Bar,GLUTES,Gesässmuskulatur,secondary,3,1,5,Unterkörper
EX000943,Good Morning mit Safety Bar,ERECTORS,Rückenstrecker,secondary,3,2,4,Rumpf
EX000943,Good Morning mit Safety Bar,ABS,Gerade Bauchmuskulatur,secondary,3,3,3,Rumpf
EX000944,Good Morning mit Sandsack,HAMSTRINGS,Hintere Oberschenkelmuskulatur,primary,5,1,4,Unterkörper
EX000944,Good Morning mit Sandsack,GLUTES,Gesässmuskulatur,secondary,3,1,5,Unterkörper
EX000944,Good Morning mit Sandsack,ERECTORS,Rückenstrecker,secondary,3,2,4,Rumpf
EX000944,Good Morning mit Sandsack,ABS,Gerade Bauchmuskulatur,secondary,3,3,3,Rumpf
EX000945,Good Morning mit Widerstandsband,HAMSTRINGS,Hintere Oberschenkelmuskulatur,primary,5,1,4,Unterkörper
EX000945,Good Morning mit Widerstandsband,GLUTES,Gesässmuskulatur,secondary,3,1,5,Unterkörper
EX000945,Good Morning mit Widerstandsband,ERECTORS,Rückenstrecker,secondary,3,2,4,Rumpf
EX000945,Good Morning mit Widerstandsband,ABS,Gerade Bauchmuskulatur,secondary,3,3,3,Rumpf
EX000946,Kabelzug Pull-Through,HAMSTRINGS,Hintere Oberschenkelmuskulatur,primary,5,1,4,Unterkörper
EX000946,Kabelzug Pull-Through,GLUTES,Gesässmuskulatur,secondary,3,1,5,Unterkörper
EX000946,Kabelzug Pull-Through,ERECTORS,Rückenstrecker,secondary,3,2,4,Rumpf
EX000946,Kabelzug Pull-Through,ABS,Gerade Bauchmuskulatur,secondary,3,3,3,Rumpf
EX000947,Kettlebell-Hinge an der Wand,HAMSTRINGS,Hintere Oberschenkelmuskulatur,primary,5,1,4,Unterkörper
EX000947,Kettlebell-Hinge an der Wand,GLUTES,Gesässmuskulatur,secondary,3,1,5,Unterkörper
EX000947,Kettlebell-Hinge an der Wand,ERECTORS,Rückenstrecker,secondary,3,2,4,Rumpf
EX000947,Kettlebell-Hinge an der Wand,ABS,Gerade Bauchmuskulatur,secondary,3,3,3,Rumpf
EX000948,Pull-Through mit Widerstandsband,HAMSTRINGS,Hintere Oberschenkelmuskulatur,primary,5,1,4,Unterkörper
EX000948,Pull-Through mit Widerstandsband,GLUTES,Gesässmuskulatur,secondary,3,1,5,Unterkörper
EX000948,Pull-Through mit Widerstandsband,ERECTORS,Rückenstrecker,secondary,3,2,4,Rumpf
EX000948,Pull-Through mit Widerstandsband,ABS,Gerade Bauchmuskulatur,secondary,3,3,3,Rumpf
EX000949,Sitzender Good Morning mit Langhantel,HAMSTRINGS,Hintere Oberschenkelmuskulatur,primary,5,1,4,Unterkörper
EX000949,Sitzender Good Morning mit Langhantel,GLUTES,Gesässmuskulatur,secondary,3,1,5,Unterkörper
EX000949,Sitzender Good Morning mit Langhantel,ERECTORS,Rückenstrecker,secondary,3,2,4,Rumpf
EX000949,Sitzender Good Morning mit Langhantel,ABS,Gerade Bauchmuskulatur,secondary,3,3,3,Rumpf
EX000950,B-Stance Hip Thrust mit Langhantel,GLUTES,Gesässmuskulatur,primary,5,1,5,Unterkörper
EX000950,B-Stance Hip Thrust mit Langhantel,HAMSTRINGS,Hintere Oberschenkelmuskulatur,secondary,3,1,4,Unterkörper
EX000950,B-Stance Hip Thrust mit Langhantel,ADDUCTORS,Adduktoren,secondary,3,2,4,Unterkörper
EX000950,B-Stance Hip Thrust mit Langhantel,ABS,Gerade Bauchmuskulatur,secondary,3,3,3,Rumpf
EX000951,Einbeiniger Glute Bridge,GLUTES,Gesässmuskulatur,primary,5,1,5,Unterkörper
EX000951,Einbeiniger Glute Bridge,HAMSTRINGS,Hintere Oberschenkelmuskulatur,secondary,3,1,4,Unterkörper
EX000951,Einbeiniger Glute Bridge,ADDUCTORS,Adduktoren,secondary,3,2,4,Unterkörper
EX000951,Einbeiniger Glute Bridge,ABS,Gerade Bauchmuskulatur,secondary,3,3,3,Rumpf
EX000952,Einbeiniger Glute Bridge mit Fuss erhöht,GLUTES,Gesässmuskulatur,primary,5,1,5,Unterkörper
EX000952,Einbeiniger Glute Bridge mit Fuss erhöht,HAMSTRINGS,Hintere Oberschenkelmuskulatur,secondary,3,1,4,Unterkörper
EX000952,Einbeiniger Glute Bridge mit Fuss erhöht,ADDUCTORS,Adduktoren,secondary,3,2,4,Unterkörper
EX000952,Einbeiniger Glute Bridge mit Fuss erhöht,ABS,Gerade Bauchmuskulatur,secondary,3,3,3,Rumpf
EX000953,Einbeiniger Hip Thrust,GLUTES,Gesässmuskulatur,primary,5,1,5,Unterkörper
EX000953,Einbeiniger Hip Thrust,HAMSTRINGS,Hintere Oberschenkelmuskulatur,secondary,3,1,4,Unterkörper
EX000953,Einbeiniger Hip Thrust,ADDUCTORS,Adduktoren,secondary,3,2,4,Unterkörper
EX000953,Einbeiniger Hip Thrust,ABS,Gerade Bauchmuskulatur,secondary,3,3,3,Rumpf
EX000954,Einbeiniger Hip Thrust mit Kurzhantel,GLUTES,Gesässmuskulatur,primary,5,1,5,Unterkörper
EX000954,Einbeiniger Hip Thrust mit Kurzhantel,HAMSTRINGS,Hintere Oberschenkelmuskulatur,secondary,3,1,4,Unterkörper
EX000954,Einbeiniger Hip Thrust mit Kurzhantel,ADDUCTORS,Adduktoren,secondary,3,2,4,Unterkörper
EX000954,Einbeiniger Hip Thrust mit Kurzhantel,ABS,Gerade Bauchmuskulatur,secondary,3,3,3,Rumpf
EX000955,Frog Pumps,GLUTES,Gesässmuskulatur,primary,5,1,5,Unterkörper
EX000955,Frog Pumps,HAMSTRINGS,Hintere Oberschenkelmuskulatur,secondary,3,1,4,Unterkörper
EX000955,Frog Pumps,ADDUCTORS,Adduktoren,secondary,3,2,4,Unterkörper
EX000955,Frog Pumps,ABS,Gerade Bauchmuskulatur,secondary,3,3,3,Rumpf
EX000956,Glute Bridge mit Füssen erhöht,GLUTES,Gesässmuskulatur,primary,5,1,5,Unterkörper
EX000956,Glute Bridge mit Füssen erhöht,HAMSTRINGS,Hintere Oberschenkelmuskulatur,secondary,3,1,4,Unterkörper
EX000956,Glute Bridge mit Füssen erhöht,ADDUCTORS,Adduktoren,secondary,3,2,4,Unterkörper
EX000956,Glute Bridge mit Füssen erhöht,ABS,Gerade Bauchmuskulatur,secondary,3,3,3,Rumpf
EX000957,Glute Bridge mit Kurzhantel,GLUTES,Gesässmuskulatur,primary,5,1,5,Unterkörper
EX000957,Glute Bridge mit Kurzhantel,HAMSTRINGS,Hintere Oberschenkelmuskulatur,secondary,3,1,4,Unterkörper
EX000957,Glute Bridge mit Kurzhantel,ADDUCTORS,Adduktoren,secondary,3,2,4,Unterkörper
EX000957,Glute Bridge mit Kurzhantel,ABS,Gerade Bauchmuskulatur,secondary,3,3,3,Rumpf
EX000958,Glute Bridge mit Körpergewicht,GLUTES,Gesässmuskulatur,primary,5,1,5,Unterkörper
EX000958,Glute Bridge mit Körpergewicht,HAMSTRINGS,Hintere Oberschenkelmuskulatur,secondary,3,1,4,Unterkörper
EX000958,Glute Bridge mit Körpergewicht,ADDUCTORS,Adduktoren,secondary,3,2,4,Unterkörper
EX000958,Glute Bridge mit Körpergewicht,ABS,Gerade Bauchmuskulatur,secondary,3,3,3,Rumpf
EX000959,Glute Bridge mit Langhantel,GLUTES,Gesässmuskulatur,primary,5,1,5,Unterkörper
EX000959,Glute Bridge mit Langhantel,HAMSTRINGS,Hintere Oberschenkelmuskulatur,secondary,3,1,4,Unterkörper
EX000959,Glute Bridge mit Langhantel,ADDUCTORS,Adduktoren,secondary,3,2,4,Unterkörper
EX000959,Glute Bridge mit Langhantel,ABS,Gerade Bauchmuskulatur,secondary,3,3,3,Rumpf
EX000960,Glute Bridge mit Miniband,GLUTES,Gesässmuskulatur,primary,5,1,5,Unterkörper
EX000960,Glute Bridge mit Miniband,HAMSTRINGS,Hintere Oberschenkelmuskulatur,secondary,3,1,4,Unterkörper
EX000960,Glute Bridge mit Miniband,ADDUCTORS,Adduktoren,secondary,3,2,4,Unterkörper
EX000960,Glute Bridge mit Miniband,ABS,Gerade Bauchmuskulatur,secondary,3,3,3,Rumpf
EX000961,Glute Bridge mit Schultern und Füssen erhöht,GLUTES,Gesässmuskulatur,primary,5,1,5,Unterkörper
EX000961,Glute Bridge mit Schultern und Füssen erhöht,HAMSTRINGS,Hintere Oberschenkelmuskulatur,secondary,3,1,4,Unterkörper
EX000961,Glute Bridge mit Schultern und Füssen erhöht,ADDUCTORS,Adduktoren,secondary,3,2,4,Unterkörper
EX000961,Glute Bridge mit Schultern und Füssen erhöht,ABS,Gerade Bauchmuskulatur,secondary,3,3,3,Rumpf
EX000962,Hip Thrust an der Glute-Drive-Maschine,GLUTES,Gesässmuskulatur,primary,5,1,5,Unterkörper
EX000962,Hip Thrust an der Glute-Drive-Maschine,HAMSTRINGS,Hintere Oberschenkelmuskulatur,secondary,3,1,4,Unterkörper
EX000962,Hip Thrust an der Glute-Drive-Maschine,ADDUCTORS,Adduktoren,secondary,3,2,4,Unterkörper
EX000962,Hip Thrust an der Glute-Drive-Maschine,ABS,Gerade Bauchmuskulatur,secondary,3,3,3,Rumpf
EX000963,Hip Thrust an der Multipresse,GLUTES,Gesässmuskulatur,primary,5,1,5,Unterkörper
EX000963,Hip Thrust an der Multipresse,HAMSTRINGS,Hintere Oberschenkelmuskulatur,secondary,3,1,4,Unterkörper
EX000963,Hip Thrust an der Multipresse,ADDUCTORS,Adduktoren,secondary,3,2,4,Unterkörper
EX000963,Hip Thrust an der Multipresse,ABS,Gerade Bauchmuskulatur,secondary,3,3,3,Rumpf
EX000964,Hip Thrust mit Kurzhantel,GLUTES,Gesässmuskulatur,primary,5,1,5,Unterkörper
EX000964,Hip Thrust mit Kurzhantel,HAMSTRINGS,Hintere Oberschenkelmuskulatur,secondary,3,1,4,Unterkörper
EX000964,Hip Thrust mit Kurzhantel,ADDUCTORS,Adduktoren,secondary,3,2,4,Unterkörper
EX000964,Hip Thrust mit Kurzhantel,ABS,Gerade Bauchmuskulatur,secondary,3,3,3,Rumpf
EX000965,Hip Thrust mit Körpergewicht,GLUTES,Gesässmuskulatur,primary,5,1,5,Unterkörper
EX000965,Hip Thrust mit Körpergewicht,HAMSTRINGS,Hintere Oberschenkelmuskulatur,secondary,3,1,4,Unterkörper
EX000965,Hip Thrust mit Körpergewicht,ADDUCTORS,Adduktoren,secondary,3,2,4,Unterkörper
EX000965,Hip Thrust mit Körpergewicht,ABS,Gerade Bauchmuskulatur,secondary,3,3,3,Rumpf
EX000966,Hip Thrust mit Langhantel,GLUTES,Gesässmuskulatur,primary,5,1,5,Unterkörper
EX000966,Hip Thrust mit Langhantel,HAMSTRINGS,Hintere Oberschenkelmuskulatur,secondary,3,1,4,Unterkörper
EX000966,Hip Thrust mit Langhantel,ADDUCTORS,Adduktoren,secondary,3,2,4,Unterkörper
EX000966,Hip Thrust mit Langhantel,ABS,Gerade Bauchmuskulatur,secondary,3,3,3,Rumpf
EX000967,Hip Thrust mit Miniband,GLUTES,Gesässmuskulatur,primary,5,1,5,Unterkörper
EX000967,Hip Thrust mit Miniband,HAMSTRINGS,Hintere Oberschenkelmuskulatur,secondary,3,1,4,Unterkörper
EX000967,Hip Thrust mit Miniband,ADDUCTORS,Adduktoren,secondary,3,2,4,Unterkörper
EX000967,Hip Thrust mit Miniband,ABS,Gerade Bauchmuskulatur,secondary,3,3,3,Rumpf
EX000968,Hip Thrust mit Widerstandsband,GLUTES,Gesässmuskulatur,primary,5,1,5,Unterkörper
EX000968,Hip Thrust mit Widerstandsband,HAMSTRINGS,Hintere Oberschenkelmuskulatur,secondary,3,1,4,Unterkörper
EX000968,Hip Thrust mit Widerstandsband,ADDUCTORS,Adduktoren,secondary,3,2,4,Unterkörper
EX000968,Hip Thrust mit Widerstandsband,ABS,Gerade Bauchmuskulatur,secondary,3,3,3,Rumpf
EX000969,KAS Glute Bridge mit Langhantel,GLUTES,Gesässmuskulatur,primary,5,1,5,Unterkörper
EX000969,KAS Glute Bridge mit Langhantel,HAMSTRINGS,Hintere Oberschenkelmuskulatur,secondary,3,1,4,Unterkörper
EX000969,KAS Glute Bridge mit Langhantel,ADDUCTORS,Adduktoren,secondary,3,2,4,Unterkörper
EX000969,KAS Glute Bridge mit Langhantel,ABS,Gerade Bauchmuskulatur,secondary,3,3,3,Rumpf
EX000970,Pausen-Einbeiniger Hip Thrust,GLUTES,Gesässmuskulatur,primary,5,1,5,Unterkörper
EX000970,Pausen-Einbeiniger Hip Thrust,HAMSTRINGS,Hintere Oberschenkelmuskulatur,secondary,3,1,4,Unterkörper
EX000970,Pausen-Einbeiniger Hip Thrust,ADDUCTORS,Adduktoren,secondary,3,2,4,Unterkörper
EX000970,Pausen-Einbeiniger Hip Thrust,ABS,Gerade Bauchmuskulatur,secondary,3,3,3,Rumpf
EX000971,Pausen-Glute Bridge mit Körpergewicht,GLUTES,Gesässmuskulatur,primary,5,1,5,Unterkörper
EX000971,Pausen-Glute Bridge mit Körpergewicht,HAMSTRINGS,Hintere Oberschenkelmuskulatur,secondary,3,1,4,Unterkörper
EX000971,Pausen-Glute Bridge mit Körpergewicht,ADDUCTORS,Adduktoren,secondary,3,2,4,Unterkörper
EX000971,Pausen-Glute Bridge mit Körpergewicht,ABS,Gerade Bauchmuskulatur,secondary,3,3,3,Rumpf
EX000972,Pausen-Hip Thrust an der Glute-Drive-Maschine,GLUTES,Gesässmuskulatur,primary,5,1,5,Unterkörper
EX000972,Pausen-Hip Thrust an der Glute-Drive-Maschine,HAMSTRINGS,Hintere Oberschenkelmuskulatur,secondary,3,1,4,Unterkörper
EX000972,Pausen-Hip Thrust an der Glute-Drive-Maschine,ADDUCTORS,Adduktoren,secondary,3,2,4,Unterkörper
EX000972,Pausen-Hip Thrust an der Glute-Drive-Maschine,ABS,Gerade Bauchmuskulatur,secondary,3,3,3,Rumpf
EX000973,Pausen-Hip Thrust an der Multipresse,GLUTES,Gesässmuskulatur,primary,5,1,5,Unterkörper
EX000973,Pausen-Hip Thrust an der Multipresse,HAMSTRINGS,Hintere Oberschenkelmuskulatur,secondary,3,1,4,Unterkörper
EX000973,Pausen-Hip Thrust an der Multipresse,ADDUCTORS,Adduktoren,secondary,3,2,4,Unterkörper
EX000973,Pausen-Hip Thrust an der Multipresse,ABS,Gerade Bauchmuskulatur,secondary,3,3,3,Rumpf
EX000974,Pausen-Hip Thrust mit Langhantel,GLUTES,Gesässmuskulatur,primary,5,1,5,Unterkörper
EX000974,Pausen-Hip Thrust mit Langhantel,HAMSTRINGS,Hintere Oberschenkelmuskulatur,secondary,3,1,4,Unterkörper
EX000974,Pausen-Hip Thrust mit Langhantel,ADDUCTORS,Adduktoren,secondary,3,2,4,Unterkörper
EX000974,Pausen-Hip Thrust mit Langhantel,ABS,Gerade Bauchmuskulatur,secondary,3,3,3,Rumpf
EX000975,Tempo-Einbeiniger Hip Thrust,GLUTES,Gesässmuskulatur,primary,5,1,5,Unterkörper
EX000975,Tempo-Einbeiniger Hip Thrust,HAMSTRINGS,Hintere Oberschenkelmuskulatur,secondary,3,1,4,Unterkörper
EX000975,Tempo-Einbeiniger Hip Thrust,ADDUCTORS,Adduktoren,secondary,3,2,4,Unterkörper
EX000975,Tempo-Einbeiniger Hip Thrust,ABS,Gerade Bauchmuskulatur,secondary,3,3,3,Rumpf
EX000976,Tempo-Glute Bridge mit Körpergewicht,GLUTES,Gesässmuskulatur,primary,5,1,5,Unterkörper
EX000976,Tempo-Glute Bridge mit Körpergewicht,HAMSTRINGS,Hintere Oberschenkelmuskulatur,secondary,3,1,4,Unterkörper
EX000976,Tempo-Glute Bridge mit Körpergewicht,ADDUCTORS,Adduktoren,secondary,3,2,4,Unterkörper
EX000976,Tempo-Glute Bridge mit Körpergewicht,ABS,Gerade Bauchmuskulatur,secondary,3,3,3,Rumpf
EX000977,Tempo-Hip Thrust an der Glute-Drive-Maschine,GLUTES,Gesässmuskulatur,primary,5,1,5,Unterkörper
EX000977,Tempo-Hip Thrust an der Glute-Drive-Maschine,HAMSTRINGS,Hintere Oberschenkelmuskulatur,secondary,3,1,4,Unterkörper
EX000977,Tempo-Hip Thrust an der Glute-Drive-Maschine,ADDUCTORS,Adduktoren,secondary,3,2,4,Unterkörper
EX000977,Tempo-Hip Thrust an der Glute-Drive-Maschine,ABS,Gerade Bauchmuskulatur,secondary,3,3,3,Rumpf
EX000978,Tempo-Hip Thrust an der Multipresse,GLUTES,Gesässmuskulatur,primary,5,1,5,Unterkörper
EX000978,Tempo-Hip Thrust an der Multipresse,HAMSTRINGS,Hintere Oberschenkelmuskulatur,secondary,3,1,4,Unterkörper
EX000978,Tempo-Hip Thrust an der Multipresse,ADDUCTORS,Adduktoren,secondary,3,2,4,Unterkörper
EX000978,Tempo-Hip Thrust an der Multipresse,ABS,Gerade Bauchmuskulatur,secondary,3,3,3,Rumpf
EX000979,Tempo-Hip Thrust mit Langhantel,GLUTES,Gesässmuskulatur,primary,5,1,5,Unterkörper
EX000979,Tempo-Hip Thrust mit Langhantel,HAMSTRINGS,Hintere Oberschenkelmuskulatur,secondary,3,1,4,Unterkörper
EX000979,Tempo-Hip Thrust mit Langhantel,ADDUCTORS,Adduktoren,secondary,3,2,4,Unterkörper
EX000979,Tempo-Hip Thrust mit Langhantel,ABS,Gerade Bauchmuskulatur,secondary,3,3,3,Rumpf
EX000980,Einarmig betontes inverses Rudern,LATS,Latissimus,primary,5,1,4,Oberkörper
EX000980,Einarmig betontes inverses Rudern,RHOMBOIDS,Rhomboiden und mittlerer Rücken,secondary,3,1,2,Oberkörper
EX000980,Einarmig betontes inverses Rudern,BICEPS,Bizeps,secondary,3,2,2,Oberkörper
EX000980,Einarmig betontes inverses Rudern,REAR_DELTS,Hintere Schulter,secondary,3,3,2,Oberkörper
EX000980,Einarmig betontes inverses Rudern,TRAPS,Trapezmuskel,secondary,2,4,3,Oberkörper
EX000980,Einarmig betontes inverses Rudern,ABS,Gerade Bauchmuskulatur,secondary,2,5,3,Rumpf
EX000981,Einarmiges inverses Rudern,LATS,Latissimus,primary,5,1,4,Oberkörper
EX000981,Einarmiges inverses Rudern,RHOMBOIDS,Rhomboiden und mittlerer Rücken,secondary,3,1,2,Oberkörper
EX000981,Einarmiges inverses Rudern,BICEPS,Bizeps,secondary,3,2,2,Oberkörper
EX000981,Einarmiges inverses Rudern,REAR_DELTS,Hintere Schulter,secondary,3,3,2,Oberkörper
EX000981,Einarmiges inverses Rudern,TRAPS,Trapezmuskel,secondary,2,4,3,Oberkörper
EX000981,Einarmiges inverses Rudern,ABS,Gerade Bauchmuskulatur,secondary,2,5,3,Rumpf
EX000982,Einarmiges Ringrudern,LATS,Latissimus,primary,5,1,4,Oberkörper
EX000982,Einarmiges Ringrudern,RHOMBOIDS,Rhomboiden und mittlerer Rücken,secondary,3,1,2,Oberkörper
EX000982,Einarmiges Ringrudern,BICEPS,Bizeps,secondary,3,2,2,Oberkörper
EX000982,Einarmiges Ringrudern,REAR_DELTS,Hintere Schulter,secondary,3,3,2,Oberkörper
EX000982,Einarmiges Ringrudern,TRAPS,Trapezmuskel,secondary,2,4,3,Oberkörper
EX000982,Einarmiges Ringrudern,ABS,Gerade Bauchmuskulatur,secondary,2,5,3,Rumpf
EX000983,Einarmiges Rudern am Schlingentrainer,LATS,Latissimus,primary,5,1,4,Oberkörper
EX000983,Einarmiges Rudern am Schlingentrainer,RHOMBOIDS,Rhomboiden und mittlerer Rücken,secondary,3,1,2,Oberkörper
EX000983,Einarmiges Rudern am Schlingentrainer,BICEPS,Bizeps,secondary,3,2,2,Oberkörper
EX000983,Einarmiges Rudern am Schlingentrainer,REAR_DELTS,Hintere Schulter,secondary,3,3,2,Oberkörper
EX000983,Einarmiges Rudern am Schlingentrainer,TRAPS,Trapezmuskel,secondary,2,4,3,Oberkörper
EX000983,Einarmiges Rudern am Schlingentrainer,ABS,Gerade Bauchmuskulatur,secondary,2,5,3,Rumpf
EX000984,Inverses Rudern an der Multipresse,RHOMBOIDS,Rhomboiden und mittlerer Rücken,primary,5,1,2,Oberkörper
EX000984,Inverses Rudern an der Multipresse,LATS,Latissimus,secondary,3,1,4,Oberkörper
EX000984,Inverses Rudern an der Multipresse,BICEPS,Bizeps,secondary,3,2,2,Oberkörper
EX000984,Inverses Rudern an der Multipresse,REAR_DELTS,Hintere Schulter,secondary,3,3,2,Oberkörper
EX000984,Inverses Rudern an der Multipresse,TRAPS,Trapezmuskel,secondary,2,4,3,Oberkörper
EX000984,Inverses Rudern an der Multipresse,ABS,Gerade Bauchmuskulatur,secondary,2,5,3,Rumpf
EX000985,Inverses Rudern an niedriger Stange,RHOMBOIDS,Rhomboiden und mittlerer Rücken,primary,5,1,2,Oberkörper
EX000985,Inverses Rudern an niedriger Stange,LATS,Latissimus,secondary,3,1,4,Oberkörper
EX000985,Inverses Rudern an niedriger Stange,BICEPS,Bizeps,secondary,3,2,2,Oberkörper
EX000985,Inverses Rudern an niedriger Stange,REAR_DELTS,Hintere Schulter,secondary,3,3,2,Oberkörper
EX000985,Inverses Rudern an niedriger Stange,TRAPS,Trapezmuskel,secondary,2,4,3,Oberkörper
EX000985,Inverses Rudern an niedriger Stange,ABS,Gerade Bauchmuskulatur,secondary,2,5,3,Rumpf
EX000986,Inverses Rudern im Untergriff,LATS,Latissimus,primary,5,1,4,Oberkörper
EX000986,Inverses Rudern im Untergriff,RHOMBOIDS,Rhomboiden und mittlerer Rücken,secondary,3,1,2,Oberkörper
EX000986,Inverses Rudern im Untergriff,BICEPS,Bizeps,secondary,3,2,2,Oberkörper
EX000986,Inverses Rudern im Untergriff,REAR_DELTS,Hintere Schulter,secondary,3,3,2,Oberkörper
EX000986,Inverses Rudern im Untergriff,TRAPS,Trapezmuskel,secondary,2,4,3,Oberkörper
EX000986,Inverses Rudern im Untergriff,ABS,Gerade Bauchmuskulatur,secondary,2,5,3,Rumpf
EX000987,Inverses Rudern mit erhöhten Füssen,RHOMBOIDS,Rhomboiden und mittlerer Rücken,primary,5,1,2,Oberkörper
EX000987,Inverses Rudern mit erhöhten Füssen,LATS,Latissimus,secondary,3,1,4,Oberkörper
EX000987,Inverses Rudern mit erhöhten Füssen,BICEPS,Bizeps,secondary,3,2,2,Oberkörper
EX000987,Inverses Rudern mit erhöhten Füssen,REAR_DELTS,Hintere Schulter,secondary,3,3,2,Oberkörper
EX000987,Inverses Rudern mit erhöhten Füssen,TRAPS,Trapezmuskel,secondary,2,4,3,Oberkörper
EX000987,Inverses Rudern mit erhöhten Füssen,ABS,Gerade Bauchmuskulatur,secondary,2,5,3,Rumpf
EX000988,Inverses Rudern mit weitem Griff,REAR_DELTS,Hintere Schulter,primary,5,1,2,Oberkörper
EX000988,Inverses Rudern mit weitem Griff,RHOMBOIDS,Rhomboiden und mittlerer Rücken,secondary,3,1,2,Oberkörper
EX000988,Inverses Rudern mit weitem Griff,TRAPS,Trapezmuskel,secondary,3,2,3,Oberkörper
EX000988,Inverses Rudern mit weitem Griff,LATS,Latissimus,secondary,3,3,4,Oberkörper
EX000988,Inverses Rudern mit weitem Griff,BICEPS,Bizeps,secondary,2,4,2,Oberkörper
EX000988,Inverses Rudern mit weitem Griff,ABS,Gerade Bauchmuskulatur,secondary,2,5,3,Rumpf
EX000989,Power Pull am Schlingentrainer,LATS,Latissimus,primary,5,1,4,Oberkörper
EX000989,Power Pull am Schlingentrainer,RHOMBOIDS,Rhomboiden und mittlerer Rücken,secondary,3,1,2,Oberkörper
EX000989,Power Pull am Schlingentrainer,BICEPS,Bizeps,secondary,3,2,2,Oberkörper
EX000989,Power Pull am Schlingentrainer,REAR_DELTS,Hintere Schulter,secondary,3,3,2,Oberkörper
EX000989,Power Pull am Schlingentrainer,TRAPS,Trapezmuskel,secondary,2,4,3,Oberkörper
EX000989,Power Pull am Schlingentrainer,ABS,Gerade Bauchmuskulatur,secondary,2,5,3,Rumpf
EX000990,Ringrudern,RHOMBOIDS,Rhomboiden und mittlerer Rücken,primary,5,1,2,Oberkörper
EX000990,Ringrudern,LATS,Latissimus,secondary,3,1,4,Oberkörper
EX000990,Ringrudern,BICEPS,Bizeps,secondary,3,2,2,Oberkörper
EX000990,Ringrudern,REAR_DELTS,Hintere Schulter,secondary,3,3,2,Oberkörper
EX000990,Ringrudern,TRAPS,Trapezmuskel,secondary,2,4,3,Oberkörper
EX000990,Ringrudern,ABS,Gerade Bauchmuskulatur,secondary,2,5,3,Rumpf
EX000991,Ringrudern mit erhöhten Füssen,RHOMBOIDS,Rhomboiden und mittlerer Rücken,primary,5,1,2,Oberkörper
EX000991,Ringrudern mit erhöhten Füssen,LATS,Latissimus,secondary,3,1,4,Oberkörper
EX000991,Ringrudern mit erhöhten Füssen,BICEPS,Bizeps,secondary,3,2,2,Oberkörper
EX000991,Ringrudern mit erhöhten Füssen,REAR_DELTS,Hintere Schulter,secondary,3,3,2,Oberkörper
EX000991,Ringrudern mit erhöhten Füssen,TRAPS,Trapezmuskel,secondary,2,4,3,Oberkörper
EX000991,Ringrudern mit erhöhten Füssen,ABS,Gerade Bauchmuskulatur,secondary,2,5,3,Rumpf
EX000992,Rudern am Schlingentrainer,RHOMBOIDS,Rhomboiden und mittlerer Rücken,primary,5,1,2,Oberkörper
EX000992,Rudern am Schlingentrainer,LATS,Latissimus,secondary,3,1,4,Oberkörper
EX000992,Rudern am Schlingentrainer,BICEPS,Bizeps,secondary,3,2,2,Oberkörper
EX000992,Rudern am Schlingentrainer,REAR_DELTS,Hintere Schulter,secondary,3,3,2,Oberkörper
EX000992,Rudern am Schlingentrainer,TRAPS,Trapezmuskel,secondary,2,4,3,Oberkörper
EX000992,Rudern am Schlingentrainer,ABS,Gerade Bauchmuskulatur,secondary,2,5,3,Rumpf
EX000993,Rudern am Schlingentrainer mit engem Griff,LATS,Latissimus,primary,5,1,4,Oberkörper
EX000993,Rudern am Schlingentrainer mit engem Griff,RHOMBOIDS,Rhomboiden und mittlerer Rücken,secondary,3,1,2,Oberkörper
EX000993,Rudern am Schlingentrainer mit engem Griff,BICEPS,Bizeps,secondary,3,2,2,Oberkörper
EX000993,Rudern am Schlingentrainer mit engem Griff,REAR_DELTS,Hintere Schulter,secondary,3,3,2,Oberkörper
EX000993,Rudern am Schlingentrainer mit engem Griff,TRAPS,Trapezmuskel,secondary,2,4,3,Oberkörper
EX000993,Rudern am Schlingentrainer mit engem Griff,ABS,Gerade Bauchmuskulatur,secondary,2,5,3,Rumpf
EX000994,Rudern am Schlingentrainer mit weitem Griff,REAR_DELTS,Hintere Schulter,primary,5,1,2,Oberkörper
EX000994,Rudern am Schlingentrainer mit weitem Griff,RHOMBOIDS,Rhomboiden und mittlerer Rücken,secondary,3,1,2,Oberkörper
EX000994,Rudern am Schlingentrainer mit weitem Griff,TRAPS,Trapezmuskel,secondary,3,2,3,Oberkörper
EX000994,Rudern am Schlingentrainer mit weitem Griff,LATS,Latissimus,secondary,3,3,4,Oberkörper
EX000994,Rudern am Schlingentrainer mit weitem Griff,BICEPS,Bizeps,secondary,2,4,2,Oberkörper
EX000994,Rudern am Schlingentrainer mit weitem Griff,ABS,Gerade Bauchmuskulatur,secondary,2,5,3,Rumpf
EX000995,"Beinstrecken an der Maschine, beidbeinig",QUADS,Quadrizeps,primary,5,1,5,Unterkörper
EX000996,"Beinstrecken an der Maschine, einbeinig",QUADS,Quadrizeps,primary,5,1,5,Unterkörper
EX000997,Beinstrecken mit Widerstandsband,QUADS,Quadrizeps,primary,5,1,5,Unterkörper
EX000998,Einbeiniges Beinstrecken am Kabelzug,QUADS,Quadrizeps,primary,5,1,5,Unterkörper
EX000999,Pausen-Beinstrecken an der Maschine,QUADS,Quadrizeps,primary,5,1,5,Unterkörper
EX001000,Reverse Nordic Curl,QUADS,Quadrizeps,primary,5,1,5,Unterkörper
EX001000,Reverse Nordic Curl,HIP_FLEXORS,Hüftbeuger,secondary,3,1,2,Unterkörper
EX001000,Reverse Nordic Curl,ABS,Gerade Bauchmuskulatur,secondary,3,2,3,Rumpf
EX001001,Sissy Squat an der Maschine,QUADS,Quadrizeps,primary,5,1,5,Unterkörper
EX001001,Sissy Squat an der Maschine,HIP_FLEXORS,Hüftbeuger,secondary,3,1,2,Unterkörper
EX001001,Sissy Squat an der Maschine,ABS,Gerade Bauchmuskulatur,secondary,3,2,3,Rumpf
EX001002,Sissy Squat mit Körpergewicht,QUADS,Quadrizeps,primary,5,1,5,Unterkörper
EX001002,Sissy Squat mit Körpergewicht,HIP_FLEXORS,Hüftbeuger,secondary,3,1,2,Unterkörper
EX001002,Sissy Squat mit Körpergewicht,ABS,Gerade Bauchmuskulatur,secondary,3,2,3,Rumpf
EX001003,Spanish Squat mit Widerstandsband,QUADS,Quadrizeps,primary,5,1,5,Unterkörper
EX001003,Spanish Squat mit Widerstandsband,HIP_FLEXORS,Hüftbeuger,secondary,3,1,2,Unterkörper
EX001003,Spanish Squat mit Widerstandsband,ABS,Gerade Bauchmuskulatur,secondary,3,2,3,Rumpf
EX001004,Tempo-Beinstrecken an der Maschine,QUADS,Quadrizeps,primary,5,1,5,Unterkörper
EX001005,Unterstützter Reverse Nordic Curl,QUADS,Quadrizeps,primary,5,1,5,Unterkörper
EX001005,Unterstützter Reverse Nordic Curl,HIP_FLEXORS,Hüftbeuger,secondary,3,1,2,Unterkörper
EX001005,Unterstützter Reverse Nordic Curl,ABS,Gerade Bauchmuskulatur,secondary,3,2,3,Rumpf
EX001006,Unterstützter Sissy Squat,QUADS,Quadrizeps,primary,5,1,5,Unterkörper
EX001006,Unterstützter Sissy Squat,HIP_FLEXORS,Hüftbeuger,secondary,3,1,2,Unterkörper
EX001006,Unterstützter Sissy Squat,ABS,Gerade Bauchmuskulatur,secondary,3,2,3,Rumpf
EX001007,Wandsitz,QUADS,Quadrizeps,primary,5,1,5,Unterkörper
EX001007,Wandsitz,HIP_FLEXORS,Hüftbeuger,secondary,3,1,2,Unterkörper
EX001007,Wandsitz,ABS,Gerade Bauchmuskulatur,secondary,3,2,3,Rumpf
EX001008,Wandsitz mit Zusatzgewicht,QUADS,Quadrizeps,primary,5,1,5,Unterkörper
EX001008,Wandsitz mit Zusatzgewicht,HIP_FLEXORS,Hüftbeuger,secondary,3,1,2,Unterkörper
EX001008,Wandsitz mit Zusatzgewicht,ABS,Gerade Bauchmuskulatur,secondary,3,2,3,Rumpf
EX001009,Beinbeuger am Gymnastikball,HAMSTRINGS,Hintere Oberschenkelmuskulatur,primary,5,1,4,Unterkörper
EX001009,Beinbeuger am Gymnastikball,CALVES,Wadenmuskulatur,secondary,3,1,3,Unterkörper
EX001010,Beinbeuger am Schlingentrainer,HAMSTRINGS,Hintere Oberschenkelmuskulatur,primary,5,1,4,Unterkörper
EX001010,Beinbeuger am Schlingentrainer,CALVES,Wadenmuskulatur,secondary,3,1,3,Unterkörper
EX001011,Bänder-Beinbeuger in Bauchlage,HAMSTRINGS,Hintere Oberschenkelmuskulatur,primary,5,1,4,Unterkörper
EX001011,Bänder-Beinbeuger in Bauchlage,CALVES,Wadenmuskulatur,secondary,3,1,3,Unterkörper
EX001012,Einbeiniger Beinbeuger am Gymnastikball,HAMSTRINGS,Hintere Oberschenkelmuskulatur,primary,5,1,4,Unterkörper
EX001012,Einbeiniger Beinbeuger am Gymnastikball,CALVES,Wadenmuskulatur,secondary,3,1,3,Unterkörper
EX001013,Einbeiniger Beinbeuger am Schlingentrainer,HAMSTRINGS,Hintere Oberschenkelmuskulatur,primary,5,1,4,Unterkörper
EX001013,Einbeiniger Beinbeuger am Schlingentrainer,CALVES,Wadenmuskulatur,secondary,3,1,3,Unterkörper
EX001014,Einbeiniger Slider Leg Curl,HAMSTRINGS,Hintere Oberschenkelmuskulatur,primary,5,1,4,Unterkörper
EX001014,Einbeiniger Slider Leg Curl,CALVES,Wadenmuskulatur,secondary,3,1,3,Unterkörper
EX001015,Exzentrischer Nordic Curl,HAMSTRINGS,Hintere Oberschenkelmuskulatur,primary,5,1,4,Unterkörper
EX001015,Exzentrischer Nordic Curl,GLUTES,Gesässmuskulatur,secondary,3,1,5,Unterkörper
EX001015,Exzentrischer Nordic Curl,CALVES,Wadenmuskulatur,secondary,3,2,3,Unterkörper
EX001015,Exzentrischer Nordic Curl,ERECTORS,Rückenstrecker,secondary,3,3,4,Rumpf
EX001016,Glute-Ham Raise,HAMSTRINGS,Hintere Oberschenkelmuskulatur,primary,5,1,4,Unterkörper
EX001016,Glute-Ham Raise,GLUTES,Gesässmuskulatur,secondary,3,1,5,Unterkörper
EX001016,Glute-Ham Raise,CALVES,Wadenmuskulatur,secondary,3,2,3,Unterkörper
EX001016,Glute-Ham Raise,ERECTORS,Rückenstrecker,secondary,3,3,4,Rumpf
EX001017,"Kabelzug-Beinbeuger stehend, einbeinig",HAMSTRINGS,Hintere Oberschenkelmuskulatur,primary,5,1,4,Unterkörper
EX001017,"Kabelzug-Beinbeuger stehend, einbeinig",CALVES,Wadenmuskulatur,secondary,3,1,3,Unterkörper
EX001018,Kurzhantel-Beinbeuger in Bauchlage,HAMSTRINGS,Hintere Oberschenkelmuskulatur,primary,5,1,4,Unterkörper
EX001018,Kurzhantel-Beinbeuger in Bauchlage,CALVES,Wadenmuskulatur,secondary,3,1,3,Unterkörper
EX001019,Liegender Beinbeuger an der Maschine,HAMSTRINGS,Hintere Oberschenkelmuskulatur,primary,5,1,4,Unterkörper
EX001019,Liegender Beinbeuger an der Maschine,CALVES,Wadenmuskulatur,secondary,3,1,3,Unterkörper
EX001020,Nordic Hamstring Curl,HAMSTRINGS,Hintere Oberschenkelmuskulatur,primary,5,1,4,Unterkörper
EX001020,Nordic Hamstring Curl,GLUTES,Gesässmuskulatur,secondary,3,1,5,Unterkörper
EX001020,Nordic Hamstring Curl,CALVES,Wadenmuskulatur,secondary,3,2,3,Unterkörper
EX001020,Nordic Hamstring Curl,ERECTORS,Rückenstrecker,secondary,3,3,4,Rumpf
EX001021,Razor Curl,HAMSTRINGS,Hintere Oberschenkelmuskulatur,primary,5,1,4,Unterkörper
EX001021,Razor Curl,GLUTES,Gesässmuskulatur,secondary,3,1,5,Unterkörper
EX001021,Razor Curl,CALVES,Wadenmuskulatur,secondary,3,2,3,Unterkörper
EX001021,Razor Curl,ERECTORS,Rückenstrecker,secondary,3,3,4,Rumpf
EX001022,Sitzender Beinbeuger an der Maschine,HAMSTRINGS,Hintere Oberschenkelmuskulatur,primary,5,1,4,Unterkörper
EX001022,Sitzender Beinbeuger an der Maschine,CALVES,Wadenmuskulatur,secondary,3,1,3,Unterkörper
EX001023,Slider Leg Curl,HAMSTRINGS,Hintere Oberschenkelmuskulatur,primary,5,1,4,Unterkörper
EX001023,Slider Leg Curl,CALVES,Wadenmuskulatur,secondary,3,1,3,Unterkörper
EX001024,Stehender einbeiniger Beinbeuger an der Maschine,HAMSTRINGS,Hintere Oberschenkelmuskulatur,primary,5,1,4,Unterkörper
EX001024,Stehender einbeiniger Beinbeuger an der Maschine,CALVES,Wadenmuskulatur,secondary,3,1,3,Unterkörper
EX001025,Unterstützter Glute-Ham Raise,HAMSTRINGS,Hintere Oberschenkelmuskulatur,primary,5,1,4,Unterkörper
EX001025,Unterstützter Glute-Ham Raise,GLUTES,Gesässmuskulatur,secondary,3,1,5,Unterkörper
EX001025,Unterstützter Glute-Ham Raise,CALVES,Wadenmuskulatur,secondary,3,2,3,Unterkörper
EX001025,Unterstützter Glute-Ham Raise,ERECTORS,Rückenstrecker,secondary,3,3,4,Rumpf
EX001026,Unterstützter Nordic Curl am Schlingentrainer,HAMSTRINGS,Hintere Oberschenkelmuskulatur,primary,5,1,4,Unterkörper
EX001026,Unterstützter Nordic Curl am Schlingentrainer,GLUTES,Gesässmuskulatur,secondary,3,1,5,Unterkörper
EX001026,Unterstützter Nordic Curl am Schlingentrainer,CALVES,Wadenmuskulatur,secondary,3,2,3,Unterkörper
EX001026,Unterstützter Nordic Curl am Schlingentrainer,ERECTORS,Rückenstrecker,secondary,3,3,4,Rumpf
EX001027,Unterstützter Nordic Curl mit Widerstandsband,HAMSTRINGS,Hintere Oberschenkelmuskulatur,primary,5,1,4,Unterkörper
EX001027,Unterstützter Nordic Curl mit Widerstandsband,GLUTES,Gesässmuskulatur,secondary,3,1,5,Unterkörper
EX001027,Unterstützter Nordic Curl mit Widerstandsband,CALVES,Wadenmuskulatur,secondary,3,2,3,Unterkörper
EX001027,Unterstützter Nordic Curl mit Widerstandsband,ERECTORS,Rückenstrecker,secondary,3,3,4,Rumpf
EX001028,Einarmiges Seitheben mit Kurzhantel,SIDE_DELTS,Seitliche Schulter,primary,5,1,2,Oberkörper
EX001028,Einarmiges Seitheben mit Kurzhantel,TRAPS,Trapezmuskel,secondary,3,1,3,Oberkörper
EX001029,Leaning-away Seitheben am Kabelzug,SIDE_DELTS,Seitliche Schulter,primary,5,1,2,Oberkörper
EX001029,Leaning-away Seitheben am Kabelzug,TRAPS,Trapezmuskel,secondary,3,1,3,Oberkörper
EX001030,Leaning-away Seitheben mit Kurzhantel,SIDE_DELTS,Seitliche Schulter,primary,5,1,2,Oberkörper
EX001030,Leaning-away Seitheben mit Kurzhantel,TRAPS,Trapezmuskel,secondary,3,1,3,Oberkörper
EX001031,Schrägbank-Seitheben mit Kurzhantel,SIDE_DELTS,Seitliche Schulter,primary,5,1,2,Oberkörper
EX001031,Schrägbank-Seitheben mit Kurzhantel,TRAPS,Trapezmuskel,secondary,3,1,3,Oberkörper
EX001032,Seitheben am Kabelzug hinter dem Körper,SIDE_DELTS,Seitliche Schulter,primary,5,1,2,Oberkörper
EX001032,Seitheben am Kabelzug hinter dem Körper,TRAPS,Trapezmuskel,secondary,3,1,3,Oberkörper
EX001033,"Seitheben am Kabelzug, einarmig",SIDE_DELTS,Seitliche Schulter,primary,5,1,2,Oberkörper
EX001033,"Seitheben am Kabelzug, einarmig",TRAPS,Trapezmuskel,secondary,3,1,3,Oberkörper
EX001034,Seitheben an der Maschine,SIDE_DELTS,Seitliche Schulter,primary,5,1,2,Oberkörper
EX001034,Seitheben an der Maschine,TRAPS,Trapezmuskel,secondary,3,1,3,Oberkörper
EX001035,Seitheben mit Kurzhanteln im Sitzen,SIDE_DELTS,Seitliche Schulter,primary,5,1,2,Oberkörper
EX001035,Seitheben mit Kurzhanteln im Sitzen,TRAPS,Trapezmuskel,secondary,3,1,3,Oberkörper
EX001036,Seitheben mit Kurzhanteln im Stand,SIDE_DELTS,Seitliche Schulter,primary,5,1,2,Oberkörper
EX001036,Seitheben mit Kurzhanteln im Stand,TRAPS,Trapezmuskel,secondary,3,1,3,Oberkörper
EX001037,Seitheben mit Widerstandsband,SIDE_DELTS,Seitliche Schulter,primary,5,1,2,Oberkörper
EX001037,Seitheben mit Widerstandsband,TRAPS,Trapezmuskel,secondary,3,1,3,Oberkörper
EX001038,Y-Raise am Kabelzug,TRAPS,Trapezmuskel,primary,5,1,3,Oberkörper
EX001038,Y-Raise am Kabelzug,REAR_DELTS,Hintere Schulter,secondary,3,1,2,Oberkörper
EX001038,Y-Raise am Kabelzug,ROTATOR_CUFF,Rotatorenmanschette,secondary,3,2,1,Oberkörper
EX001039,Y-Raise am Schlingentrainer,TRAPS,Trapezmuskel,primary,5,1,3,Oberkörper
EX001039,Y-Raise am Schlingentrainer,REAR_DELTS,Hintere Schulter,secondary,3,1,2,Oberkörper
EX001039,Y-Raise am Schlingentrainer,ROTATOR_CUFF,Rotatorenmanschette,secondary,3,2,1,Oberkörper
EX001040,Y-Raise mit Kurzhanteln auf der Schrägbank,TRAPS,Trapezmuskel,primary,5,1,3,Oberkörper
EX001040,Y-Raise mit Kurzhanteln auf der Schrägbank,REAR_DELTS,Hintere Schulter,secondary,3,1,2,Oberkörper
EX001040,Y-Raise mit Kurzhanteln auf der Schrägbank,ROTATOR_CUFF,Rotatorenmanschette,secondary,3,2,1,Oberkörper
EX001041,Einarmiger Latzug mit Widerstandsband,LATS,Latissimus,primary,5,1,4,Oberkörper
EX001041,Einarmiger Latzug mit Widerstandsband,BICEPS,Bizeps,secondary,3,1,2,Oberkörper
EX001041,Einarmiger Latzug mit Widerstandsband,RHOMBOIDS,Rhomboiden und mittlerer Rücken,secondary,3,2,2,Oberkörper
EX001041,Einarmiger Latzug mit Widerstandsband,OBLIQUES,Seitliche Bauchmuskulatur,secondary,3,3,3,Rumpf
EX001042,Latzug am Kabel mit Pause unten,LATS,Latissimus,primary,5,1,4,Oberkörper
EX001042,Latzug am Kabel mit Pause unten,BICEPS,Bizeps,secondary,3,1,2,Oberkörper
EX001042,Latzug am Kabel mit Pause unten,RHOMBOIDS,Rhomboiden und mittlerer Rücken,secondary,3,2,2,Oberkörper
EX001042,Latzug am Kabel mit Pause unten,FOREARMS,Unterarmmuskulatur,secondary,3,3,2,Oberkörper
EX001043,Latzug beidarmig halb kniend,LATS,Latissimus,primary,5,1,4,Oberkörper
EX001043,Latzug beidarmig halb kniend,BICEPS,Bizeps,secondary,3,1,2,Oberkörper
EX001043,Latzug beidarmig halb kniend,RHOMBOIDS,Rhomboiden und mittlerer Rücken,secondary,3,2,2,Oberkörper
EX001043,Latzug beidarmig halb kniend,ABS,Gerade Bauchmuskulatur,secondary,3,3,3,Rumpf
EX001043,Latzug beidarmig halb kniend,GLUTES,Gesässmuskulatur,secondary,2,4,5,Unterkörper
EX001044,Latzug einarmig halb kniend,LATS,Latissimus,primary,5,1,4,Oberkörper
EX001044,Latzug einarmig halb kniend,BICEPS,Bizeps,secondary,3,1,2,Oberkörper
EX001044,Latzug einarmig halb kniend,RHOMBOIDS,Rhomboiden und mittlerer Rücken,secondary,3,2,2,Oberkörper
EX001044,Latzug einarmig halb kniend,ABS,Gerade Bauchmuskulatur,secondary,3,3,3,Rumpf
EX001044,Latzug einarmig halb kniend,GLUTES,Gesässmuskulatur,secondary,2,4,5,Unterkörper
EX001045,Latzug einarmig im Sitzen,LATS,Latissimus,primary,5,1,4,Oberkörper
EX001045,Latzug einarmig im Sitzen,BICEPS,Bizeps,secondary,3,1,2,Oberkörper
EX001045,Latzug einarmig im Sitzen,RHOMBOIDS,Rhomboiden und mittlerer Rücken,secondary,3,2,2,Oberkörper
EX001045,Latzug einarmig im Sitzen,OBLIQUES,Seitliche Bauchmuskulatur,secondary,3,3,3,Rumpf
EX001046,Latzug hinter den Kopf,LATS,Latissimus,primary,5,1,4,Oberkörper
EX001046,Latzug hinter den Kopf,BICEPS,Bizeps,secondary,3,1,2,Oberkörper
EX001046,Latzug hinter den Kopf,REAR_DELTS,Hintere Schulter,secondary,3,2,2,Oberkörper
EX001046,Latzug hinter den Kopf,ROTATOR_CUFF,Rotatorenmanschette,secondary,3,3,1,Oberkörper
EX001047,Latzug im Kniestand,LATS,Latissimus,primary,5,1,4,Oberkörper
EX001047,Latzug im Kniestand,BICEPS,Bizeps,secondary,3,1,2,Oberkörper
EX001047,Latzug im Kniestand,RHOMBOIDS,Rhomboiden und mittlerer Rücken,secondary,3,2,2,Oberkörper
EX001047,Latzug im Kniestand,ABS,Gerade Bauchmuskulatur,secondary,3,3,3,Rumpf
EX001047,Latzug im Kniestand,GLUTES,Gesässmuskulatur,secondary,2,4,5,Unterkörper
EX001048,Latzug mit engem V-Griff,LATS,Latissimus,primary,5,1,4,Oberkörper
EX001048,Latzug mit engem V-Griff,BICEPS,Bizeps,secondary,3,1,2,Oberkörper
EX001048,Latzug mit engem V-Griff,RHOMBOIDS,Rhomboiden und mittlerer Rücken,secondary,3,2,2,Oberkörper
EX001048,Latzug mit engem V-Griff,FOREARMS,Unterarmmuskulatur,secondary,3,3,2,Oberkörper
EX001049,Latzug mit langsamer Exzentrik,LATS,Latissimus,primary,5,1,4,Oberkörper
EX001049,Latzug mit langsamer Exzentrik,BICEPS,Bizeps,secondary,3,1,2,Oberkörper
EX001049,Latzug mit langsamer Exzentrik,RHOMBOIDS,Rhomboiden und mittlerer Rücken,secondary,3,2,2,Oberkörper
EX001049,Latzug mit langsamer Exzentrik,FOREARMS,Unterarmmuskulatur,secondary,3,3,2,Oberkörper
EX001050,Latzug mit neutralem Parallelgriff,LATS,Latissimus,primary,5,1,4,Oberkörper
EX001050,Latzug mit neutralem Parallelgriff,BICEPS,Bizeps,secondary,3,1,2,Oberkörper
EX001050,Latzug mit neutralem Parallelgriff,BRACHIALIS,Brachialis,secondary,3,2,1,Oberkörper
EX001050,Latzug mit neutralem Parallelgriff,RHOMBOIDS,Rhomboiden und mittlerer Rücken,secondary,3,3,2,Oberkörper
EX001050,Latzug mit neutralem Parallelgriff,FOREARMS,Unterarmmuskulatur,secondary,2,4,2,Oberkörper
EX001051,Latzug mit unabhängigen Armen,LATS,Latissimus,primary,5,1,4,Oberkörper
EX001051,Latzug mit unabhängigen Armen,BICEPS,Bizeps,secondary,3,1,2,Oberkörper
EX001051,Latzug mit unabhängigen Armen,RHOMBOIDS,Rhomboiden und mittlerer Rücken,secondary,3,2,2,Oberkörper
EX001051,Latzug mit unabhängigen Armen,REAR_DELTS,Hintere Schulter,secondary,3,3,2,Oberkörper
EX001052,Latzug mit Widerstandsband,LATS,Latissimus,primary,5,1,4,Oberkörper
EX001052,Latzug mit Widerstandsband,BICEPS,Bizeps,secondary,3,1,2,Oberkörper
EX001052,Latzug mit Widerstandsband,RHOMBOIDS,Rhomboiden und mittlerer Rücken,secondary,3,2,2,Oberkörper
EX001052,Latzug mit Widerstandsband,ABS,Gerade Bauchmuskulatur,secondary,3,3,3,Rumpf
EX001053,Latzug zur Brust im Untergriff,LATS,Latissimus,primary,5,1,4,Oberkörper
EX001053,Latzug zur Brust im Untergriff,BICEPS,Bizeps,secondary,3,1,2,Oberkörper
EX001053,Latzug zur Brust im Untergriff,BRACHIALIS,Brachialis,secondary,3,2,1,Oberkörper
EX001053,Latzug zur Brust im Untergriff,RHOMBOIDS,Rhomboiden und mittlerer Rücken,secondary,3,3,2,Oberkörper
EX001053,Latzug zur Brust im Untergriff,FOREARMS,Unterarmmuskulatur,secondary,2,4,2,Oberkörper
EX001054,"Latzug zur Brust, enger Obergriff",LATS,Latissimus,primary,5,1,4,Oberkörper
EX001054,"Latzug zur Brust, enger Obergriff",BICEPS,Bizeps,secondary,3,1,2,Oberkörper
EX001054,"Latzug zur Brust, enger Obergriff",RHOMBOIDS,Rhomboiden und mittlerer Rücken,secondary,3,2,2,Oberkörper
EX001054,"Latzug zur Brust, enger Obergriff",REAR_DELTS,Hintere Schulter,secondary,3,3,2,Oberkörper
EX001054,"Latzug zur Brust, enger Obergriff",FOREARMS,Unterarmmuskulatur,secondary,2,4,2,Oberkörper
EX001055,"Latzug zur Brust, schulterbreiter Obergriff",LATS,Latissimus,primary,5,1,4,Oberkörper
EX001055,"Latzug zur Brust, schulterbreiter Obergriff",BICEPS,Bizeps,secondary,3,1,2,Oberkörper
EX001055,"Latzug zur Brust, schulterbreiter Obergriff",RHOMBOIDS,Rhomboiden und mittlerer Rücken,secondary,3,2,2,Oberkörper
EX001055,"Latzug zur Brust, schulterbreiter Obergriff",REAR_DELTS,Hintere Schulter,secondary,3,3,2,Oberkörper
EX001055,"Latzug zur Brust, schulterbreiter Obergriff",TRAPS,Trapezmuskel,secondary,2,4,3,Oberkörper
EX001055,"Latzug zur Brust, schulterbreiter Obergriff",FOREARMS,Unterarmmuskulatur,secondary,2,5,2,Oberkörper
EX001056,"Latzug zur Brust, weiter Obergriff",LATS,Latissimus,primary,5,1,4,Oberkörper
EX001056,"Latzug zur Brust, weiter Obergriff",BICEPS,Bizeps,secondary,3,1,2,Oberkörper
EX001056,"Latzug zur Brust, weiter Obergriff",RHOMBOIDS,Rhomboiden und mittlerer Rücken,secondary,3,2,2,Oberkörper
EX001056,"Latzug zur Brust, weiter Obergriff",REAR_DELTS,Hintere Schulter,secondary,3,3,2,Oberkörper
EX001056,"Latzug zur Brust, weiter Obergriff",TRAPS,Trapezmuskel,secondary,2,4,3,Oberkörper
EX001056,"Latzug zur Brust, weiter Obergriff",FOREARMS,Unterarmmuskulatur,secondary,2,5,2,Oberkörper
EX001057,"Latzugmaschine, neutraler Griff",LATS,Latissimus,primary,5,1,4,Oberkörper
EX001057,"Latzugmaschine, neutraler Griff",BICEPS,Bizeps,secondary,3,1,2,Oberkörper
EX001057,"Latzugmaschine, neutraler Griff",RHOMBOIDS,Rhomboiden und mittlerer Rücken,secondary,3,2,2,Oberkörper
EX001057,"Latzugmaschine, neutraler Griff",FOREARMS,Unterarmmuskulatur,secondary,3,3,2,Oberkörper
EX001058,"Latzugmaschine, weiter Griff",LATS,Latissimus,primary,5,1,4,Oberkörper
EX001058,"Latzugmaschine, weiter Griff",BICEPS,Bizeps,secondary,3,1,2,Oberkörper
EX001058,"Latzugmaschine, weiter Griff",RHOMBOIDS,Rhomboiden und mittlerer Rücken,secondary,3,2,2,Oberkörper
EX001058,"Latzugmaschine, weiter Griff",REAR_DELTS,Hintere Schulter,secondary,3,3,2,Oberkörper
EX001059,Ausfallschritt rückwärts am Schlingentrainer,QUADS,Quadrizeps,primary,5,1,5,Unterkörper
EX001059,Ausfallschritt rückwärts am Schlingentrainer,GLUTES,Gesässmuskulatur,secondary,3,1,5,Unterkörper
EX001059,Ausfallschritt rückwärts am Schlingentrainer,ADDUCTORS,Adduktoren,secondary,3,2,4,Unterkörper
EX001059,Ausfallschritt rückwärts am Schlingentrainer,HAMSTRINGS,Hintere Oberschenkelmuskulatur,secondary,3,3,4,Unterkörper
EX001059,Ausfallschritt rückwärts am Schlingentrainer,ABS,Gerade Bauchmuskulatur,secondary,2,4,3,Rumpf
EX001060,Ausfallschritt rückwärts an der Multipresse,QUADS,Quadrizeps,primary,5,1,5,Unterkörper
EX001060,Ausfallschritt rückwärts an der Multipresse,GLUTES,Gesässmuskulatur,secondary,3,1,5,Unterkörper
EX001060,Ausfallschritt rückwärts an der Multipresse,ADDUCTORS,Adduktoren,secondary,3,2,4,Unterkörper
EX001060,Ausfallschritt rückwärts an der Multipresse,HAMSTRINGS,Hintere Oberschenkelmuskulatur,secondary,3,3,4,Unterkörper
EX001060,Ausfallschritt rückwärts an der Multipresse,ABS,Gerade Bauchmuskulatur,secondary,2,4,3,Rumpf
EX001061,Ausfallschritt rückwärts im Kettlebell Front Rack,QUADS,Quadrizeps,primary,5,1,5,Unterkörper
EX001061,Ausfallschritt rückwärts im Kettlebell Front Rack,GLUTES,Gesässmuskulatur,secondary,3,1,5,Unterkörper
EX001061,Ausfallschritt rückwärts im Kettlebell Front Rack,ADDUCTORS,Adduktoren,secondary,3,2,4,Unterkörper
EX001061,Ausfallschritt rückwärts im Kettlebell Front Rack,HAMSTRINGS,Hintere Oberschenkelmuskulatur,secondary,3,3,4,Unterkörper
EX001061,Ausfallschritt rückwärts im Kettlebell Front Rack,ABS,Gerade Bauchmuskulatur,secondary,2,4,3,Rumpf
EX001062,Ausfallschritt rückwärts in Goblet-Position,QUADS,Quadrizeps,primary,5,1,5,Unterkörper
EX001062,Ausfallschritt rückwärts in Goblet-Position,GLUTES,Gesässmuskulatur,secondary,3,1,5,Unterkörper
EX001062,Ausfallschritt rückwärts in Goblet-Position,ADDUCTORS,Adduktoren,secondary,3,2,4,Unterkörper
EX001062,Ausfallschritt rückwärts in Goblet-Position,HAMSTRINGS,Hintere Oberschenkelmuskulatur,secondary,3,3,4,Unterkörper
EX001062,Ausfallschritt rückwärts in Goblet-Position,ABS,Gerade Bauchmuskulatur,secondary,2,4,3,Rumpf
EX001063,Ausfallschritt rückwärts mit einarmiger Kettlebell über Kopf,QUADS,Quadrizeps,primary,5,1,5,Unterkörper
EX001063,Ausfallschritt rückwärts mit einarmiger Kettlebell über Kopf,GLUTES,Gesässmuskulatur,secondary,3,1,5,Unterkörper
EX001063,Ausfallschritt rückwärts mit einarmiger Kettlebell über Kopf,ADDUCTORS,Adduktoren,secondary,3,2,4,Unterkörper
EX001063,Ausfallschritt rückwärts mit einarmiger Kettlebell über Kopf,HAMSTRINGS,Hintere Oberschenkelmuskulatur,secondary,3,3,4,Unterkörper
EX001063,Ausfallschritt rückwärts mit einarmiger Kettlebell über Kopf,ABS,Gerade Bauchmuskulatur,secondary,2,4,3,Rumpf
EX001064,Ausfallschritt rückwärts mit einarmiger Kurzhantel über Kopf,QUADS,Quadrizeps,primary,5,1,5,Unterkörper
EX001064,Ausfallschritt rückwärts mit einarmiger Kurzhantel über Kopf,GLUTES,Gesässmuskulatur,secondary,3,1,5,Unterkörper
EX001064,Ausfallschritt rückwärts mit einarmiger Kurzhantel über Kopf,ADDUCTORS,Adduktoren,secondary,3,2,4,Unterkörper
EX001064,Ausfallschritt rückwärts mit einarmiger Kurzhantel über Kopf,HAMSTRINGS,Hintere Oberschenkelmuskulatur,secondary,3,3,4,Unterkörper
EX001064,Ausfallschritt rückwärts mit einarmiger Kurzhantel über Kopf,ABS,Gerade Bauchmuskulatur,secondary,2,4,3,Rumpf
EX001065,Ausfallschritt rückwärts mit Kettlebells,QUADS,Quadrizeps,primary,5,1,5,Unterkörper
EX001065,Ausfallschritt rückwärts mit Kettlebells,GLUTES,Gesässmuskulatur,secondary,3,1,5,Unterkörper
EX001065,Ausfallschritt rückwärts mit Kettlebells,ADDUCTORS,Adduktoren,secondary,3,2,4,Unterkörper
EX001065,Ausfallschritt rückwärts mit Kettlebells,HAMSTRINGS,Hintere Oberschenkelmuskulatur,secondary,3,3,4,Unterkörper
EX001065,Ausfallschritt rückwärts mit Kettlebells,ABS,Gerade Bauchmuskulatur,secondary,2,4,3,Rumpf
EX001066,Ausfallschritt rückwärts mit Kniehub am Schlingentrainer,QUADS,Quadrizeps,primary,5,1,5,Unterkörper
EX001066,Ausfallschritt rückwärts mit Kniehub am Schlingentrainer,GLUTES,Gesässmuskulatur,secondary,3,1,5,Unterkörper
EX001066,Ausfallschritt rückwärts mit Kniehub am Schlingentrainer,ADDUCTORS,Adduktoren,secondary,3,2,4,Unterkörper
EX001066,Ausfallschritt rückwärts mit Kniehub am Schlingentrainer,HAMSTRINGS,Hintere Oberschenkelmuskulatur,secondary,3,3,4,Unterkörper
EX001066,Ausfallschritt rückwärts mit Kniehub am Schlingentrainer,ABS,Gerade Bauchmuskulatur,secondary,2,4,3,Rumpf
EX001067,Ausfallschritt rückwärts mit Kurzhanteln,QUADS,Quadrizeps,primary,5,1,5,Unterkörper
EX001067,Ausfallschritt rückwärts mit Kurzhanteln,GLUTES,Gesässmuskulatur,secondary,3,1,5,Unterkörper
EX001067,Ausfallschritt rückwärts mit Kurzhanteln,ADDUCTORS,Adduktoren,secondary,3,2,4,Unterkörper
EX001067,Ausfallschritt rückwärts mit Kurzhanteln,HAMSTRINGS,Hintere Oberschenkelmuskulatur,secondary,3,3,4,Unterkörper
EX001067,Ausfallschritt rückwärts mit Kurzhanteln,ABS,Gerade Bauchmuskulatur,secondary,2,4,3,Rumpf
EX001068,Ausfallschritt rückwärts mit Körpergewicht,QUADS,Quadrizeps,primary,5,1,5,Unterkörper
EX001068,Ausfallschritt rückwärts mit Körpergewicht,GLUTES,Gesässmuskulatur,secondary,3,1,5,Unterkörper
EX001068,Ausfallschritt rückwärts mit Körpergewicht,ADDUCTORS,Adduktoren,secondary,3,2,4,Unterkörper
EX001068,Ausfallschritt rückwärts mit Körpergewicht,HAMSTRINGS,Hintere Oberschenkelmuskulatur,secondary,3,3,4,Unterkörper
EX001068,Ausfallschritt rückwärts mit Körpergewicht,ABS,Gerade Bauchmuskulatur,secondary,2,4,3,Rumpf
EX001069,Ausfallschritt rückwärts mit Langhantel,QUADS,Quadrizeps,primary,5,1,5,Unterkörper
EX001069,Ausfallschritt rückwärts mit Langhantel,GLUTES,Gesässmuskulatur,secondary,3,1,5,Unterkörper
EX001069,Ausfallschritt rückwärts mit Langhantel,ADDUCTORS,Adduktoren,secondary,3,2,4,Unterkörper
EX001069,Ausfallschritt rückwärts mit Langhantel,HAMSTRINGS,Hintere Oberschenkelmuskulatur,secondary,3,3,4,Unterkörper
EX001069,Ausfallschritt rückwärts mit Langhantel,ABS,Gerade Bauchmuskulatur,secondary,2,4,3,Rumpf
EX001070,Ausfallschritt rückwärts mit Sandsack im Bear-Hug,QUADS,Quadrizeps,primary,5,1,5,Unterkörper
EX001070,Ausfallschritt rückwärts mit Sandsack im Bear-Hug,GLUTES,Gesässmuskulatur,secondary,3,1,5,Unterkörper
EX001070,Ausfallschritt rückwärts mit Sandsack im Bear-Hug,ADDUCTORS,Adduktoren,secondary,3,2,4,Unterkörper
EX001070,Ausfallschritt rückwärts mit Sandsack im Bear-Hug,HAMSTRINGS,Hintere Oberschenkelmuskulatur,secondary,3,3,4,Unterkörper
EX001070,Ausfallschritt rückwärts mit Sandsack im Bear-Hug,ABS,Gerade Bauchmuskulatur,secondary,2,4,3,Rumpf
EX001071,Ausfallschritt vorwärts an der Multipresse,QUADS,Quadrizeps,primary,5,1,5,Unterkörper
EX001071,Ausfallschritt vorwärts an der Multipresse,GLUTES,Gesässmuskulatur,secondary,3,1,5,Unterkörper
EX001071,Ausfallschritt vorwärts an der Multipresse,ADDUCTORS,Adduktoren,secondary,3,2,4,Unterkörper
EX001071,Ausfallschritt vorwärts an der Multipresse,HAMSTRINGS,Hintere Oberschenkelmuskulatur,secondary,3,3,4,Unterkörper
EX001071,Ausfallschritt vorwärts an der Multipresse,ABS,Gerade Bauchmuskulatur,secondary,2,4,3,Rumpf
EX001072,Ausfallschritt vorwärts im Kettlebell Front Rack,QUADS,Quadrizeps,primary,5,1,5,Unterkörper
EX001072,Ausfallschritt vorwärts im Kettlebell Front Rack,GLUTES,Gesässmuskulatur,secondary,3,1,5,Unterkörper
EX001072,Ausfallschritt vorwärts im Kettlebell Front Rack,ADDUCTORS,Adduktoren,secondary,3,2,4,Unterkörper
EX001072,Ausfallschritt vorwärts im Kettlebell Front Rack,HAMSTRINGS,Hintere Oberschenkelmuskulatur,secondary,3,3,4,Unterkörper
EX001072,Ausfallschritt vorwärts im Kettlebell Front Rack,ABS,Gerade Bauchmuskulatur,secondary,2,4,3,Rumpf
EX001073,Ausfallschritt vorwärts in Goblet-Position,QUADS,Quadrizeps,primary,5,1,5,Unterkörper
EX001073,Ausfallschritt vorwärts in Goblet-Position,GLUTES,Gesässmuskulatur,secondary,3,1,5,Unterkörper
EX001073,Ausfallschritt vorwärts in Goblet-Position,ADDUCTORS,Adduktoren,secondary,3,2,4,Unterkörper
EX001073,Ausfallschritt vorwärts in Goblet-Position,HAMSTRINGS,Hintere Oberschenkelmuskulatur,secondary,3,3,4,Unterkörper
EX001073,Ausfallschritt vorwärts in Goblet-Position,ABS,Gerade Bauchmuskulatur,secondary,2,4,3,Rumpf
EX001074,Ausfallschritt vorwärts mit Kettlebells,QUADS,Quadrizeps,primary,5,1,5,Unterkörper
EX001074,Ausfallschritt vorwärts mit Kettlebells,GLUTES,Gesässmuskulatur,secondary,3,1,5,Unterkörper
EX001074,Ausfallschritt vorwärts mit Kettlebells,ADDUCTORS,Adduktoren,secondary,3,2,4,Unterkörper
EX001074,Ausfallschritt vorwärts mit Kettlebells,HAMSTRINGS,Hintere Oberschenkelmuskulatur,secondary,3,3,4,Unterkörper
EX001074,Ausfallschritt vorwärts mit Kettlebells,ABS,Gerade Bauchmuskulatur,secondary,2,4,3,Rumpf
EX001075,Ausfallschritt vorwärts mit Kurzhanteln,QUADS,Quadrizeps,primary,5,1,5,Unterkörper
EX001075,Ausfallschritt vorwärts mit Kurzhanteln,GLUTES,Gesässmuskulatur,secondary,3,1,5,Unterkörper
EX001075,Ausfallschritt vorwärts mit Kurzhanteln,ADDUCTORS,Adduktoren,secondary,3,2,4,Unterkörper
EX001075,Ausfallschritt vorwärts mit Kurzhanteln,HAMSTRINGS,Hintere Oberschenkelmuskulatur,secondary,3,3,4,Unterkörper
EX001075,Ausfallschritt vorwärts mit Kurzhanteln,ABS,Gerade Bauchmuskulatur,secondary,2,4,3,Rumpf
EX001076,Ausfallschritt vorwärts mit Körpergewicht,QUADS,Quadrizeps,primary,5,1,5,Unterkörper
EX001076,Ausfallschritt vorwärts mit Körpergewicht,GLUTES,Gesässmuskulatur,secondary,3,1,5,Unterkörper
EX001076,Ausfallschritt vorwärts mit Körpergewicht,ADDUCTORS,Adduktoren,secondary,3,2,4,Unterkörper
EX001076,Ausfallschritt vorwärts mit Körpergewicht,HAMSTRINGS,Hintere Oberschenkelmuskulatur,secondary,3,3,4,Unterkörper
EX001076,Ausfallschritt vorwärts mit Körpergewicht,ABS,Gerade Bauchmuskulatur,secondary,2,4,3,Rumpf
EX001077,Ausfallschritt vorwärts mit Langhantel,QUADS,Quadrizeps,primary,5,1,5,Unterkörper
EX001077,Ausfallschritt vorwärts mit Langhantel,GLUTES,Gesässmuskulatur,secondary,3,1,5,Unterkörper
EX001077,Ausfallschritt vorwärts mit Langhantel,ADDUCTORS,Adduktoren,secondary,3,2,4,Unterkörper
EX001077,Ausfallschritt vorwärts mit Langhantel,HAMSTRINGS,Hintere Oberschenkelmuskulatur,secondary,3,3,4,Unterkörper
EX001077,Ausfallschritt vorwärts mit Langhantel,ABS,Gerade Bauchmuskulatur,secondary,2,4,3,Rumpf
EX001078,Ausfallschritt vorwärts mit Sandsack im Bear-Hug,QUADS,Quadrizeps,primary,5,1,5,Unterkörper
EX001078,Ausfallschritt vorwärts mit Sandsack im Bear-Hug,GLUTES,Gesässmuskulatur,secondary,3,1,5,Unterkörper
EX001078,Ausfallschritt vorwärts mit Sandsack im Bear-Hug,ADDUCTORS,Adduktoren,secondary,3,2,4,Unterkörper
EX001078,Ausfallschritt vorwärts mit Sandsack im Bear-Hug,HAMSTRINGS,Hintere Oberschenkelmuskulatur,secondary,3,3,4,Unterkörper
EX001078,Ausfallschritt vorwärts mit Sandsack im Bear-Hug,ABS,Gerade Bauchmuskulatur,secondary,2,4,3,Rumpf
EX001079,Crossover-Ausfallschritt im Kettlebell Front Rack,QUADS,Quadrizeps,primary,5,1,5,Unterkörper
EX001079,Crossover-Ausfallschritt im Kettlebell Front Rack,GLUTES,Gesässmuskulatur,secondary,3,1,5,Unterkörper
EX001079,Crossover-Ausfallschritt im Kettlebell Front Rack,ADDUCTORS,Adduktoren,secondary,3,2,4,Unterkörper
EX001079,Crossover-Ausfallschritt im Kettlebell Front Rack,HAMSTRINGS,Hintere Oberschenkelmuskulatur,secondary,3,3,4,Unterkörper
EX001079,Crossover-Ausfallschritt im Kettlebell Front Rack,ABS,Gerade Bauchmuskulatur,secondary,2,4,3,Rumpf
EX001080,Crossover-Ausfallschritt in Goblet-Position,QUADS,Quadrizeps,primary,5,1,5,Unterkörper
EX001080,Crossover-Ausfallschritt in Goblet-Position,GLUTES,Gesässmuskulatur,secondary,3,1,5,Unterkörper
EX001080,Crossover-Ausfallschritt in Goblet-Position,ADDUCTORS,Adduktoren,secondary,3,2,4,Unterkörper
EX001080,Crossover-Ausfallschritt in Goblet-Position,HAMSTRINGS,Hintere Oberschenkelmuskulatur,secondary,3,3,4,Unterkörper
EX001080,Crossover-Ausfallschritt in Goblet-Position,ABS,Gerade Bauchmuskulatur,secondary,2,4,3,Rumpf
EX001081,Crossover-Ausfallschritt mit Kettlebells,QUADS,Quadrizeps,primary,5,1,5,Unterkörper
EX001081,Crossover-Ausfallschritt mit Kettlebells,GLUTES,Gesässmuskulatur,secondary,3,1,5,Unterkörper
EX001081,Crossover-Ausfallschritt mit Kettlebells,ADDUCTORS,Adduktoren,secondary,3,2,4,Unterkörper
EX001081,Crossover-Ausfallschritt mit Kettlebells,HAMSTRINGS,Hintere Oberschenkelmuskulatur,secondary,3,3,4,Unterkörper
EX001081,Crossover-Ausfallschritt mit Kettlebells,ABS,Gerade Bauchmuskulatur,secondary,2,4,3,Rumpf
EX001082,Crossover-Ausfallschritt mit Kurzhanteln,QUADS,Quadrizeps,primary,5,1,5,Unterkörper
EX001082,Crossover-Ausfallschritt mit Kurzhanteln,GLUTES,Gesässmuskulatur,secondary,3,1,5,Unterkörper
EX001082,Crossover-Ausfallschritt mit Kurzhanteln,ADDUCTORS,Adduktoren,secondary,3,2,4,Unterkörper
EX001082,Crossover-Ausfallschritt mit Kurzhanteln,HAMSTRINGS,Hintere Oberschenkelmuskulatur,secondary,3,3,4,Unterkörper
EX001082,Crossover-Ausfallschritt mit Kurzhanteln,ABS,Gerade Bauchmuskulatur,secondary,2,4,3,Rumpf
EX001083,Crossover-Ausfallschritt mit Körpergewicht,QUADS,Quadrizeps,primary,5,1,5,Unterkörper
EX001083,Crossover-Ausfallschritt mit Körpergewicht,GLUTES,Gesässmuskulatur,secondary,3,1,5,Unterkörper
EX001083,Crossover-Ausfallschritt mit Körpergewicht,ADDUCTORS,Adduktoren,secondary,3,2,4,Unterkörper
EX001083,Crossover-Ausfallschritt mit Körpergewicht,HAMSTRINGS,Hintere Oberschenkelmuskulatur,secondary,3,3,4,Unterkörper
EX001083,Crossover-Ausfallschritt mit Körpergewicht,ABS,Gerade Bauchmuskulatur,secondary,2,4,3,Rumpf
EX001084,Crossover-Ausfallschritt mit Sandsack im Bear-Hug,QUADS,Quadrizeps,primary,5,1,5,Unterkörper
EX001084,Crossover-Ausfallschritt mit Sandsack im Bear-Hug,GLUTES,Gesässmuskulatur,secondary,3,1,5,Unterkörper
EX001084,Crossover-Ausfallschritt mit Sandsack im Bear-Hug,ADDUCTORS,Adduktoren,secondary,3,2,4,Unterkörper
EX001084,Crossover-Ausfallschritt mit Sandsack im Bear-Hug,HAMSTRINGS,Hintere Oberschenkelmuskulatur,secondary,3,3,4,Unterkörper
EX001084,Crossover-Ausfallschritt mit Sandsack im Bear-Hug,ABS,Gerade Bauchmuskulatur,secondary,2,4,3,Rumpf
EX001085,Curtsy-Ausfallschritt im Kettlebell Front Rack,QUADS,Quadrizeps,primary,5,1,5,Unterkörper
EX001085,Curtsy-Ausfallschritt im Kettlebell Front Rack,GLUTES,Gesässmuskulatur,secondary,3,1,5,Unterkörper
EX001085,Curtsy-Ausfallschritt im Kettlebell Front Rack,ADDUCTORS,Adduktoren,secondary,3,2,4,Unterkörper
EX001085,Curtsy-Ausfallschritt im Kettlebell Front Rack,HAMSTRINGS,Hintere Oberschenkelmuskulatur,secondary,3,3,4,Unterkörper
EX001085,Curtsy-Ausfallschritt im Kettlebell Front Rack,ABS,Gerade Bauchmuskulatur,secondary,2,4,3,Rumpf
EX001086,Curtsy-Ausfallschritt in Goblet-Position,QUADS,Quadrizeps,primary,5,1,5,Unterkörper
EX001086,Curtsy-Ausfallschritt in Goblet-Position,GLUTES,Gesässmuskulatur,secondary,3,1,5,Unterkörper
EX001086,Curtsy-Ausfallschritt in Goblet-Position,ADDUCTORS,Adduktoren,secondary,3,2,4,Unterkörper
EX001086,Curtsy-Ausfallschritt in Goblet-Position,HAMSTRINGS,Hintere Oberschenkelmuskulatur,secondary,3,3,4,Unterkörper
EX001086,Curtsy-Ausfallschritt in Goblet-Position,ABS,Gerade Bauchmuskulatur,secondary,2,4,3,Rumpf
EX001087,Curtsy-Ausfallschritt mit Kettlebells,QUADS,Quadrizeps,primary,5,1,5,Unterkörper
EX001087,Curtsy-Ausfallschritt mit Kettlebells,GLUTES,Gesässmuskulatur,secondary,3,1,5,Unterkörper
EX001087,Curtsy-Ausfallschritt mit Kettlebells,ADDUCTORS,Adduktoren,secondary,3,2,4,Unterkörper
EX001087,Curtsy-Ausfallschritt mit Kettlebells,HAMSTRINGS,Hintere Oberschenkelmuskulatur,secondary,3,3,4,Unterkörper
EX001087,Curtsy-Ausfallschritt mit Kettlebells,ABS,Gerade Bauchmuskulatur,secondary,2,4,3,Rumpf
EX001088,Curtsy-Ausfallschritt mit Kurzhanteln,QUADS,Quadrizeps,primary,5,1,5,Unterkörper
EX001088,Curtsy-Ausfallschritt mit Kurzhanteln,GLUTES,Gesässmuskulatur,secondary,3,1,5,Unterkörper
EX001088,Curtsy-Ausfallschritt mit Kurzhanteln,ADDUCTORS,Adduktoren,secondary,3,2,4,Unterkörper
EX001088,Curtsy-Ausfallschritt mit Kurzhanteln,HAMSTRINGS,Hintere Oberschenkelmuskulatur,secondary,3,3,4,Unterkörper
EX001088,Curtsy-Ausfallschritt mit Kurzhanteln,ABS,Gerade Bauchmuskulatur,secondary,2,4,3,Rumpf
EX001089,Curtsy-Ausfallschritt mit Körpergewicht,QUADS,Quadrizeps,primary,5,1,5,Unterkörper
EX001089,Curtsy-Ausfallschritt mit Körpergewicht,GLUTES,Gesässmuskulatur,secondary,3,1,5,Unterkörper
EX001089,Curtsy-Ausfallschritt mit Körpergewicht,ADDUCTORS,Adduktoren,secondary,3,2,4,Unterkörper
EX001089,Curtsy-Ausfallschritt mit Körpergewicht,HAMSTRINGS,Hintere Oberschenkelmuskulatur,secondary,3,3,4,Unterkörper
EX001089,Curtsy-Ausfallschritt mit Körpergewicht,ABS,Gerade Bauchmuskulatur,secondary,2,4,3,Rumpf
EX001090,Curtsy-Ausfallschritt mit Sandsack im Bear-Hug,QUADS,Quadrizeps,primary,5,1,5,Unterkörper
EX001090,Curtsy-Ausfallschritt mit Sandsack im Bear-Hug,GLUTES,Gesässmuskulatur,secondary,3,1,5,Unterkörper
EX001090,Curtsy-Ausfallschritt mit Sandsack im Bear-Hug,ADDUCTORS,Adduktoren,secondary,3,2,4,Unterkörper
EX001090,Curtsy-Ausfallschritt mit Sandsack im Bear-Hug,HAMSTRINGS,Hintere Oberschenkelmuskulatur,secondary,3,3,4,Unterkörper
EX001090,Curtsy-Ausfallschritt mit Sandsack im Bear-Hug,ABS,Gerade Bauchmuskulatur,secondary,2,4,3,Rumpf
EX001091,Defizit-Ausfallschritt rückwärts an der Multipresse,QUADS,Quadrizeps,primary,5,1,5,Unterkörper
EX001091,Defizit-Ausfallschritt rückwärts an der Multipresse,GLUTES,Gesässmuskulatur,secondary,3,1,5,Unterkörper
EX001091,Defizit-Ausfallschritt rückwärts an der Multipresse,ADDUCTORS,Adduktoren,secondary,3,2,4,Unterkörper
EX001091,Defizit-Ausfallschritt rückwärts an der Multipresse,HAMSTRINGS,Hintere Oberschenkelmuskulatur,secondary,3,3,4,Unterkörper
EX001091,Defizit-Ausfallschritt rückwärts an der Multipresse,ABS,Gerade Bauchmuskulatur,secondary,2,4,3,Rumpf
EX001092,Defizit-Ausfallschritt rückwärts im Kettlebell Front Rack,QUADS,Quadrizeps,primary,5,1,5,Unterkörper
EX001092,Defizit-Ausfallschritt rückwärts im Kettlebell Front Rack,GLUTES,Gesässmuskulatur,secondary,3,1,5,Unterkörper
EX001092,Defizit-Ausfallschritt rückwärts im Kettlebell Front Rack,ADDUCTORS,Adduktoren,secondary,3,2,4,Unterkörper
EX001092,Defizit-Ausfallschritt rückwärts im Kettlebell Front Rack,HAMSTRINGS,Hintere Oberschenkelmuskulatur,secondary,3,3,4,Unterkörper
EX001092,Defizit-Ausfallschritt rückwärts im Kettlebell Front Rack,ABS,Gerade Bauchmuskulatur,secondary,2,4,3,Rumpf
EX001093,Defizit-Ausfallschritt rückwärts in Goblet-Position,QUADS,Quadrizeps,primary,5,1,5,Unterkörper
EX001093,Defizit-Ausfallschritt rückwärts in Goblet-Position,GLUTES,Gesässmuskulatur,secondary,3,1,5,Unterkörper
EX001093,Defizit-Ausfallschritt rückwärts in Goblet-Position,ADDUCTORS,Adduktoren,secondary,3,2,4,Unterkörper
EX001093,Defizit-Ausfallschritt rückwärts in Goblet-Position,HAMSTRINGS,Hintere Oberschenkelmuskulatur,secondary,3,3,4,Unterkörper
EX001093,Defizit-Ausfallschritt rückwärts in Goblet-Position,ABS,Gerade Bauchmuskulatur,secondary,2,4,3,Rumpf
EX001094,Defizit-Ausfallschritt rückwärts mit Kettlebells,QUADS,Quadrizeps,primary,5,1,5,Unterkörper
EX001094,Defizit-Ausfallschritt rückwärts mit Kettlebells,GLUTES,Gesässmuskulatur,secondary,3,1,5,Unterkörper
EX001094,Defizit-Ausfallschritt rückwärts mit Kettlebells,ADDUCTORS,Adduktoren,secondary,3,2,4,Unterkörper
EX001094,Defizit-Ausfallschritt rückwärts mit Kettlebells,HAMSTRINGS,Hintere Oberschenkelmuskulatur,secondary,3,3,4,Unterkörper
EX001094,Defizit-Ausfallschritt rückwärts mit Kettlebells,ABS,Gerade Bauchmuskulatur,secondary,2,4,3,Rumpf
EX001095,Defizit-Ausfallschritt rückwärts mit Kurzhanteln,QUADS,Quadrizeps,primary,5,1,5,Unterkörper
EX001095,Defizit-Ausfallschritt rückwärts mit Kurzhanteln,GLUTES,Gesässmuskulatur,secondary,3,1,5,Unterkörper
EX001095,Defizit-Ausfallschritt rückwärts mit Kurzhanteln,ADDUCTORS,Adduktoren,secondary,3,2,4,Unterkörper
EX001095,Defizit-Ausfallschritt rückwärts mit Kurzhanteln,HAMSTRINGS,Hintere Oberschenkelmuskulatur,secondary,3,3,4,Unterkörper
EX001095,Defizit-Ausfallschritt rückwärts mit Kurzhanteln,ABS,Gerade Bauchmuskulatur,secondary,2,4,3,Rumpf
EX001096,Defizit-Ausfallschritt rückwärts mit Körpergewicht,QUADS,Quadrizeps,primary,5,1,5,Unterkörper
EX001096,Defizit-Ausfallschritt rückwärts mit Körpergewicht,GLUTES,Gesässmuskulatur,secondary,3,1,5,Unterkörper
EX001096,Defizit-Ausfallschritt rückwärts mit Körpergewicht,ADDUCTORS,Adduktoren,secondary,3,2,4,Unterkörper
EX001096,Defizit-Ausfallschritt rückwärts mit Körpergewicht,HAMSTRINGS,Hintere Oberschenkelmuskulatur,secondary,3,3,4,Unterkörper
EX001096,Defizit-Ausfallschritt rückwärts mit Körpergewicht,ABS,Gerade Bauchmuskulatur,secondary,2,4,3,Rumpf
EX001097,Defizit-Ausfallschritt rückwärts mit Langhantel,QUADS,Quadrizeps,primary,5,1,5,Unterkörper
EX001097,Defizit-Ausfallschritt rückwärts mit Langhantel,GLUTES,Gesässmuskulatur,secondary,3,1,5,Unterkörper
EX001097,Defizit-Ausfallschritt rückwärts mit Langhantel,ADDUCTORS,Adduktoren,secondary,3,2,4,Unterkörper
EX001097,Defizit-Ausfallschritt rückwärts mit Langhantel,HAMSTRINGS,Hintere Oberschenkelmuskulatur,secondary,3,3,4,Unterkörper
EX001097,Defizit-Ausfallschritt rückwärts mit Langhantel,ABS,Gerade Bauchmuskulatur,secondary,2,4,3,Rumpf
EX001098,Defizit-Ausfallschritt rückwärts mit Sandsack im Bear-Hug,QUADS,Quadrizeps,primary,5,1,5,Unterkörper
EX001098,Defizit-Ausfallschritt rückwärts mit Sandsack im Bear-Hug,GLUTES,Gesässmuskulatur,secondary,3,1,5,Unterkörper
EX001098,Defizit-Ausfallschritt rückwärts mit Sandsack im Bear-Hug,ADDUCTORS,Adduktoren,secondary,3,2,4,Unterkörper
EX001098,Defizit-Ausfallschritt rückwärts mit Sandsack im Bear-Hug,HAMSTRINGS,Hintere Oberschenkelmuskulatur,secondary,3,3,4,Unterkörper
EX001098,Defizit-Ausfallschritt rückwärts mit Sandsack im Bear-Hug,ABS,Gerade Bauchmuskulatur,secondary,2,4,3,Rumpf
EX001099,Diagonal-Ausfallschritt im Kettlebell Front Rack,QUADS,Quadrizeps,primary,5,1,5,Unterkörper
EX001099,Diagonal-Ausfallschritt im Kettlebell Front Rack,GLUTES,Gesässmuskulatur,secondary,3,1,5,Unterkörper
EX001099,Diagonal-Ausfallschritt im Kettlebell Front Rack,ADDUCTORS,Adduktoren,secondary,3,2,4,Unterkörper
EX001099,Diagonal-Ausfallschritt im Kettlebell Front Rack,HAMSTRINGS,Hintere Oberschenkelmuskulatur,secondary,3,3,4,Unterkörper
EX001099,Diagonal-Ausfallschritt im Kettlebell Front Rack,ABS,Gerade Bauchmuskulatur,secondary,2,4,3,Rumpf
EX001100,Diagonal-Ausfallschritt in Goblet-Position,QUADS,Quadrizeps,primary,5,1,5,Unterkörper
EX001100,Diagonal-Ausfallschritt in Goblet-Position,GLUTES,Gesässmuskulatur,secondary,3,1,5,Unterkörper
EX001100,Diagonal-Ausfallschritt in Goblet-Position,ADDUCTORS,Adduktoren,secondary,3,2,4,Unterkörper
EX001100,Diagonal-Ausfallschritt in Goblet-Position,HAMSTRINGS,Hintere Oberschenkelmuskulatur,secondary,3,3,4,Unterkörper
EX001100,Diagonal-Ausfallschritt in Goblet-Position,ABS,Gerade Bauchmuskulatur,secondary,2,4,3,Rumpf
EX001101,Diagonal-Ausfallschritt mit Kettlebells,QUADS,Quadrizeps,primary,5,1,5,Unterkörper
EX001101,Diagonal-Ausfallschritt mit Kettlebells,GLUTES,Gesässmuskulatur,secondary,3,1,5,Unterkörper
EX001101,Diagonal-Ausfallschritt mit Kettlebells,ADDUCTORS,Adduktoren,secondary,3,2,4,Unterkörper
EX001101,Diagonal-Ausfallschritt mit Kettlebells,HAMSTRINGS,Hintere Oberschenkelmuskulatur,secondary,3,3,4,Unterkörper
EX001101,Diagonal-Ausfallschritt mit Kettlebells,ABS,Gerade Bauchmuskulatur,secondary,2,4,3,Rumpf
EX001102,Diagonal-Ausfallschritt mit Kurzhanteln,QUADS,Quadrizeps,primary,5,1,5,Unterkörper
EX001102,Diagonal-Ausfallschritt mit Kurzhanteln,GLUTES,Gesässmuskulatur,secondary,3,1,5,Unterkörper
EX001102,Diagonal-Ausfallschritt mit Kurzhanteln,ADDUCTORS,Adduktoren,secondary,3,2,4,Unterkörper
EX001102,Diagonal-Ausfallschritt mit Kurzhanteln,HAMSTRINGS,Hintere Oberschenkelmuskulatur,secondary,3,3,4,Unterkörper
EX001102,Diagonal-Ausfallschritt mit Kurzhanteln,ABS,Gerade Bauchmuskulatur,secondary,2,4,3,Rumpf
EX001103,Diagonal-Ausfallschritt mit Körpergewicht,QUADS,Quadrizeps,primary,5,1,5,Unterkörper
EX001103,Diagonal-Ausfallschritt mit Körpergewicht,GLUTES,Gesässmuskulatur,secondary,3,1,5,Unterkörper
EX001103,Diagonal-Ausfallschritt mit Körpergewicht,ADDUCTORS,Adduktoren,secondary,3,2,4,Unterkörper
EX001103,Diagonal-Ausfallschritt mit Körpergewicht,HAMSTRINGS,Hintere Oberschenkelmuskulatur,secondary,3,3,4,Unterkörper
EX001103,Diagonal-Ausfallschritt mit Körpergewicht,ABS,Gerade Bauchmuskulatur,secondary,2,4,3,Rumpf
EX001104,Diagonal-Ausfallschritt mit Sandsack im Bear-Hug,QUADS,Quadrizeps,primary,5,1,5,Unterkörper
EX001104,Diagonal-Ausfallschritt mit Sandsack im Bear-Hug,GLUTES,Gesässmuskulatur,secondary,3,1,5,Unterkörper
EX001104,Diagonal-Ausfallschritt mit Sandsack im Bear-Hug,ADDUCTORS,Adduktoren,secondary,3,2,4,Unterkörper
EX001104,Diagonal-Ausfallschritt mit Sandsack im Bear-Hug,HAMSTRINGS,Hintere Oberschenkelmuskulatur,secondary,3,3,4,Unterkörper
EX001104,Diagonal-Ausfallschritt mit Sandsack im Bear-Hug,ABS,Gerade Bauchmuskulatur,secondary,2,4,3,Rumpf
EX001105,Gehender Ausfallschritt im Kettlebell Front Rack,QUADS,Quadrizeps,primary,5,1,5,Unterkörper
EX001105,Gehender Ausfallschritt im Kettlebell Front Rack,GLUTES,Gesässmuskulatur,secondary,3,1,5,Unterkörper
EX001105,Gehender Ausfallschritt im Kettlebell Front Rack,ADDUCTORS,Adduktoren,secondary,3,2,4,Unterkörper
EX001105,Gehender Ausfallschritt im Kettlebell Front Rack,HAMSTRINGS,Hintere Oberschenkelmuskulatur,secondary,3,3,4,Unterkörper
EX001105,Gehender Ausfallschritt im Kettlebell Front Rack,ABS,Gerade Bauchmuskulatur,secondary,2,4,3,Rumpf
EX001106,Gehender Ausfallschritt in Goblet-Position,QUADS,Quadrizeps,primary,5,1,5,Unterkörper
EX001106,Gehender Ausfallschritt in Goblet-Position,GLUTES,Gesässmuskulatur,secondary,3,1,5,Unterkörper
EX001106,Gehender Ausfallschritt in Goblet-Position,ADDUCTORS,Adduktoren,secondary,3,2,4,Unterkörper
EX001106,Gehender Ausfallschritt in Goblet-Position,HAMSTRINGS,Hintere Oberschenkelmuskulatur,secondary,3,3,4,Unterkörper
EX001106,Gehender Ausfallschritt in Goblet-Position,ABS,Gerade Bauchmuskulatur,secondary,2,4,3,Rumpf
EX001107,Gehender Ausfallschritt mit Kettlebells,QUADS,Quadrizeps,primary,5,1,5,Unterkörper
EX001107,Gehender Ausfallschritt mit Kettlebells,GLUTES,Gesässmuskulatur,secondary,3,1,5,Unterkörper
EX001107,Gehender Ausfallschritt mit Kettlebells,ADDUCTORS,Adduktoren,secondary,3,2,4,Unterkörper
EX001107,Gehender Ausfallschritt mit Kettlebells,HAMSTRINGS,Hintere Oberschenkelmuskulatur,secondary,3,3,4,Unterkörper
EX001107,Gehender Ausfallschritt mit Kettlebells,ABS,Gerade Bauchmuskulatur,secondary,2,4,3,Rumpf
EX001108,Gehender Ausfallschritt mit Kurzhanteln,QUADS,Quadrizeps,primary,5,1,5,Unterkörper
EX001108,Gehender Ausfallschritt mit Kurzhanteln,GLUTES,Gesässmuskulatur,secondary,3,1,5,Unterkörper
EX001108,Gehender Ausfallschritt mit Kurzhanteln,ADDUCTORS,Adduktoren,secondary,3,2,4,Unterkörper
EX001108,Gehender Ausfallschritt mit Kurzhanteln,HAMSTRINGS,Hintere Oberschenkelmuskulatur,secondary,3,3,4,Unterkörper
EX001108,Gehender Ausfallschritt mit Kurzhanteln,ABS,Gerade Bauchmuskulatur,secondary,2,4,3,Rumpf
EX001109,Gehender Ausfallschritt mit Körpergewicht,QUADS,Quadrizeps,primary,5,1,5,Unterkörper
EX001109,Gehender Ausfallschritt mit Körpergewicht,GLUTES,Gesässmuskulatur,secondary,3,1,5,Unterkörper
EX001109,Gehender Ausfallschritt mit Körpergewicht,ADDUCTORS,Adduktoren,secondary,3,2,4,Unterkörper
EX001109,Gehender Ausfallschritt mit Körpergewicht,HAMSTRINGS,Hintere Oberschenkelmuskulatur,secondary,3,3,4,Unterkörper
EX001109,Gehender Ausfallschritt mit Körpergewicht,ABS,Gerade Bauchmuskulatur,secondary,2,4,3,Rumpf
EX001110,Gehender Ausfallschritt mit Langhantel,QUADS,Quadrizeps,primary,5,1,5,Unterkörper
EX001110,Gehender Ausfallschritt mit Langhantel,GLUTES,Gesässmuskulatur,secondary,3,1,5,Unterkörper
EX001110,Gehender Ausfallschritt mit Langhantel,ADDUCTORS,Adduktoren,secondary,3,2,4,Unterkörper
EX001110,Gehender Ausfallschritt mit Langhantel,HAMSTRINGS,Hintere Oberschenkelmuskulatur,secondary,3,3,4,Unterkörper
EX001110,Gehender Ausfallschritt mit Langhantel,ABS,Gerade Bauchmuskulatur,secondary,2,4,3,Rumpf
EX001111,Gehender Ausfallschritt mit Langhantel über Kopf,QUADS,Quadrizeps,primary,5,1,5,Unterkörper
EX001111,Gehender Ausfallschritt mit Langhantel über Kopf,GLUTES,Gesässmuskulatur,secondary,3,1,5,Unterkörper
EX001111,Gehender Ausfallschritt mit Langhantel über Kopf,ADDUCTORS,Adduktoren,secondary,3,2,4,Unterkörper
EX001111,Gehender Ausfallschritt mit Langhantel über Kopf,HAMSTRINGS,Hintere Oberschenkelmuskulatur,secondary,3,3,4,Unterkörper
EX001111,Gehender Ausfallschritt mit Langhantel über Kopf,ABS,Gerade Bauchmuskulatur,secondary,2,4,3,Rumpf
EX001112,Gehender Ausfallschritt mit Sandsack im Bear-Hug,QUADS,Quadrizeps,primary,5,1,5,Unterkörper
EX001112,Gehender Ausfallschritt mit Sandsack im Bear-Hug,GLUTES,Gesässmuskulatur,secondary,3,1,5,Unterkörper
EX001112,Gehender Ausfallschritt mit Sandsack im Bear-Hug,ADDUCTORS,Adduktoren,secondary,3,2,4,Unterkörper
EX001112,Gehender Ausfallschritt mit Sandsack im Bear-Hug,HAMSTRINGS,Hintere Oberschenkelmuskulatur,secondary,3,3,4,Unterkörper
EX001112,Gehender Ausfallschritt mit Sandsack im Bear-Hug,ABS,Gerade Bauchmuskulatur,secondary,2,4,3,Rumpf
EX001113,Landmine-Ausfallschritt rückwärts,QUADS,Quadrizeps,primary,5,1,5,Unterkörper
EX001113,Landmine-Ausfallschritt rückwärts,GLUTES,Gesässmuskulatur,secondary,3,1,5,Unterkörper
EX001113,Landmine-Ausfallschritt rückwärts,ADDUCTORS,Adduktoren,secondary,3,2,4,Unterkörper
EX001113,Landmine-Ausfallschritt rückwärts,HAMSTRINGS,Hintere Oberschenkelmuskulatur,secondary,3,3,4,Unterkörper
EX001113,Landmine-Ausfallschritt rückwärts,ABS,Gerade Bauchmuskulatur,secondary,2,4,3,Rumpf
EX001114,Landmine-Ausfallschritt seitlich,QUADS,Quadrizeps,primary,5,1,5,Unterkörper
EX001114,Landmine-Ausfallschritt seitlich,GLUTES,Gesässmuskulatur,secondary,3,1,5,Unterkörper
EX001114,Landmine-Ausfallschritt seitlich,ADDUCTORS,Adduktoren,secondary,3,2,4,Unterkörper
EX001114,Landmine-Ausfallschritt seitlich,HAMSTRINGS,Hintere Oberschenkelmuskulatur,secondary,3,3,4,Unterkörper
EX001114,Landmine-Ausfallschritt seitlich,ABS,Gerade Bauchmuskulatur,secondary,2,4,3,Rumpf
EX001115,Seitlicher Ausfallschritt an der Multipresse,QUADS,Quadrizeps,primary,5,1,5,Unterkörper
EX001115,Seitlicher Ausfallschritt an der Multipresse,GLUTES,Gesässmuskulatur,secondary,3,1,5,Unterkörper
EX001115,Seitlicher Ausfallschritt an der Multipresse,ADDUCTORS,Adduktoren,secondary,3,2,4,Unterkörper
EX001115,Seitlicher Ausfallschritt an der Multipresse,HAMSTRINGS,Hintere Oberschenkelmuskulatur,secondary,3,3,4,Unterkörper
EX001115,Seitlicher Ausfallschritt an der Multipresse,ABS,Gerade Bauchmuskulatur,secondary,2,4,3,Rumpf
EX001116,Seitlicher Ausfallschritt im Kettlebell Front Rack,QUADS,Quadrizeps,primary,5,1,5,Unterkörper
EX001116,Seitlicher Ausfallschritt im Kettlebell Front Rack,GLUTES,Gesässmuskulatur,secondary,3,1,5,Unterkörper
EX001116,Seitlicher Ausfallschritt im Kettlebell Front Rack,ADDUCTORS,Adduktoren,secondary,3,2,4,Unterkörper
EX001116,Seitlicher Ausfallschritt im Kettlebell Front Rack,HAMSTRINGS,Hintere Oberschenkelmuskulatur,secondary,3,3,4,Unterkörper
EX001116,Seitlicher Ausfallschritt im Kettlebell Front Rack,ABS,Gerade Bauchmuskulatur,secondary,2,4,3,Rumpf
EX001117,Seitlicher Ausfallschritt in Goblet-Position,QUADS,Quadrizeps,primary,5,1,5,Unterkörper
EX001117,Seitlicher Ausfallschritt in Goblet-Position,GLUTES,Gesässmuskulatur,secondary,3,1,5,Unterkörper
EX001117,Seitlicher Ausfallschritt in Goblet-Position,ADDUCTORS,Adduktoren,secondary,3,2,4,Unterkörper
EX001117,Seitlicher Ausfallschritt in Goblet-Position,HAMSTRINGS,Hintere Oberschenkelmuskulatur,secondary,3,3,4,Unterkörper
EX001117,Seitlicher Ausfallschritt in Goblet-Position,ABS,Gerade Bauchmuskulatur,secondary,2,4,3,Rumpf
EX001118,Seitlicher Ausfallschritt mit Kettlebells,QUADS,Quadrizeps,primary,5,1,5,Unterkörper
EX001118,Seitlicher Ausfallschritt mit Kettlebells,GLUTES,Gesässmuskulatur,secondary,3,1,5,Unterkörper
EX001118,Seitlicher Ausfallschritt mit Kettlebells,ADDUCTORS,Adduktoren,secondary,3,2,4,Unterkörper
EX001118,Seitlicher Ausfallschritt mit Kettlebells,HAMSTRINGS,Hintere Oberschenkelmuskulatur,secondary,3,3,4,Unterkörper
EX001118,Seitlicher Ausfallschritt mit Kettlebells,ABS,Gerade Bauchmuskulatur,secondary,2,4,3,Rumpf
EX001119,Seitlicher Ausfallschritt mit Kurzhanteln,QUADS,Quadrizeps,primary,5,1,5,Unterkörper
EX001119,Seitlicher Ausfallschritt mit Kurzhanteln,GLUTES,Gesässmuskulatur,secondary,3,1,5,Unterkörper
EX001119,Seitlicher Ausfallschritt mit Kurzhanteln,ADDUCTORS,Adduktoren,secondary,3,2,4,Unterkörper
EX001119,Seitlicher Ausfallschritt mit Kurzhanteln,HAMSTRINGS,Hintere Oberschenkelmuskulatur,secondary,3,3,4,Unterkörper
EX001119,Seitlicher Ausfallschritt mit Kurzhanteln,ABS,Gerade Bauchmuskulatur,secondary,2,4,3,Rumpf
EX001120,Seitlicher Ausfallschritt mit Körpergewicht,QUADS,Quadrizeps,primary,5,1,5,Unterkörper
EX001120,Seitlicher Ausfallschritt mit Körpergewicht,GLUTES,Gesässmuskulatur,secondary,3,1,5,Unterkörper
EX001120,Seitlicher Ausfallschritt mit Körpergewicht,ADDUCTORS,Adduktoren,secondary,3,2,4,Unterkörper
EX001120,Seitlicher Ausfallschritt mit Körpergewicht,HAMSTRINGS,Hintere Oberschenkelmuskulatur,secondary,3,3,4,Unterkörper
EX001120,Seitlicher Ausfallschritt mit Körpergewicht,ABS,Gerade Bauchmuskulatur,secondary,2,4,3,Rumpf
EX001121,Seitlicher Ausfallschritt mit Langhantel,QUADS,Quadrizeps,primary,5,1,5,Unterkörper
EX001121,Seitlicher Ausfallschritt mit Langhantel,GLUTES,Gesässmuskulatur,secondary,3,1,5,Unterkörper
EX001121,Seitlicher Ausfallschritt mit Langhantel,ADDUCTORS,Adduktoren,secondary,3,2,4,Unterkörper
EX001121,Seitlicher Ausfallschritt mit Langhantel,HAMSTRINGS,Hintere Oberschenkelmuskulatur,secondary,3,3,4,Unterkörper
EX001121,Seitlicher Ausfallschritt mit Langhantel,ABS,Gerade Bauchmuskulatur,secondary,2,4,3,Rumpf
EX001122,Seitlicher Ausfallschritt mit Sandsack im Bear-Hug,QUADS,Quadrizeps,primary,5,1,5,Unterkörper
EX001122,Seitlicher Ausfallschritt mit Sandsack im Bear-Hug,GLUTES,Gesässmuskulatur,secondary,3,1,5,Unterkörper
EX001122,Seitlicher Ausfallschritt mit Sandsack im Bear-Hug,ADDUCTORS,Adduktoren,secondary,3,2,4,Unterkörper
EX001122,Seitlicher Ausfallschritt mit Sandsack im Bear-Hug,HAMSTRINGS,Hintere Oberschenkelmuskulatur,secondary,3,3,4,Unterkörper
EX001122,Seitlicher Ausfallschritt mit Sandsack im Bear-Hug,ABS,Gerade Bauchmuskulatur,secondary,2,4,3,Rumpf
EX001123,Band-Brustpresse im Stand,CHEST,Brustmuskulatur,primary,5,1,4,Oberkörper
EX001123,Band-Brustpresse im Stand,TRICEPS,Trizeps,secondary,3,1,3,Oberkörper
EX001123,Band-Brustpresse im Stand,FRONT_DELTS,Vordere Schulter,secondary,3,2,2,Oberkörper
EX001123,Band-Brustpresse im Stand,ABS,Gerade Bauchmuskulatur,secondary,3,3,3,Rumpf
EX001124,Brustpresse am Kabelzug im Ausfallschritt,CHEST,Brustmuskulatur,primary,5,1,4,Oberkörper
EX001124,Brustpresse am Kabelzug im Ausfallschritt,TRICEPS,Trizeps,secondary,3,1,3,Oberkörper
EX001124,Brustpresse am Kabelzug im Ausfallschritt,FRONT_DELTS,Vordere Schulter,secondary,3,2,2,Oberkörper
EX001125,Brustpresse an der Maschine,CHEST,Brustmuskulatur,primary,5,1,4,Oberkörper
EX001125,Brustpresse an der Maschine,TRICEPS,Trizeps,secondary,3,1,3,Oberkörper
EX001125,Brustpresse an der Maschine,FRONT_DELTS,Vordere Schulter,secondary,3,2,2,Oberkörper
EX001126,Brustpresse an der Maschine im Neutralgriff,CHEST,Brustmuskulatur,primary,5,1,4,Oberkörper
EX001126,Brustpresse an der Maschine im Neutralgriff,TRICEPS,Trizeps,secondary,3,1,3,Oberkörper
EX001126,Brustpresse an der Maschine im Neutralgriff,FRONT_DELTS,Vordere Schulter,secondary,3,2,2,Oberkörper
EX001127,Brustpresse an der Multipresse,CHEST,Brustmuskulatur,primary,5,1,4,Oberkörper
EX001127,Brustpresse an der Multipresse,TRICEPS,Trizeps,secondary,3,1,3,Oberkörper
EX001127,Brustpresse an der Multipresse,FRONT_DELTS,Vordere Schulter,secondary,3,2,2,Oberkörper
EX001128,Einarmige Band-Brustpresse,CHEST,Brustmuskulatur,primary,5,1,4,Oberkörper
EX001128,Einarmige Band-Brustpresse,TRICEPS,Trizeps,secondary,3,1,3,Oberkörper
EX001128,Einarmige Band-Brustpresse,FRONT_DELTS,Vordere Schulter,secondary,3,2,2,Oberkörper
EX001128,Einarmige Band-Brustpresse,ABS,Gerade Bauchmuskulatur,secondary,3,3,3,Rumpf
EX001129,Einarmige Brustpresse an der Maschine,CHEST,Brustmuskulatur,primary,5,1,4,Oberkörper
EX001129,Einarmige Brustpresse an der Maschine,TRICEPS,Trizeps,secondary,3,1,3,Oberkörper
EX001129,Einarmige Brustpresse an der Maschine,FRONT_DELTS,Vordere Schulter,secondary,3,2,2,Oberkörper
EX001129,Einarmige Brustpresse an der Maschine,ABS,Gerade Bauchmuskulatur,secondary,3,3,3,Rumpf
EX001130,Einarmige Kabelzug-Brustpresse im Halbkniestand,CHEST,Brustmuskulatur,primary,5,1,4,Oberkörper
EX001130,Einarmige Kabelzug-Brustpresse im Halbkniestand,TRICEPS,Trizeps,secondary,3,1,3,Oberkörper
EX001130,Einarmige Kabelzug-Brustpresse im Halbkniestand,FRONT_DELTS,Vordere Schulter,secondary,3,2,2,Oberkörper
EX001130,Einarmige Kabelzug-Brustpresse im Halbkniestand,ABS,Gerade Bauchmuskulatur,secondary,3,3,3,Rumpf
EX001131,Negativbankdrücken an der Multipresse,CHEST,Brustmuskulatur,primary,5,1,4,Oberkörper
EX001131,Negativbankdrücken an der Multipresse,TRICEPS,Trizeps,secondary,3,1,3,Oberkörper
EX001131,Negativbankdrücken an der Multipresse,FRONT_DELTS,Vordere Schulter,secondary,3,2,2,Oberkörper
EX001132,Schrägbank-Brustpresse an der Maschine,CHEST,Brustmuskulatur,primary,5,1,4,Oberkörper
EX001132,Schrägbank-Brustpresse an der Maschine,TRICEPS,Trizeps,secondary,3,1,3,Oberkörper
EX001132,Schrägbank-Brustpresse an der Maschine,FRONT_DELTS,Vordere Schulter,secondary,3,2,2,Oberkörper
EX001133,Schrägbankdrücken an der Multipresse,CHEST,Brustmuskulatur,primary,5,1,4,Oberkörper
EX001133,Schrägbankdrücken an der Multipresse,TRICEPS,Trizeps,secondary,3,1,3,Oberkörper
EX001133,Schrägbankdrücken an der Multipresse,FRONT_DELTS,Vordere Schulter,secondary,3,2,2,Oberkörper
EX001134,Stehende Brustpresse am Doppel-Kabelzug,CHEST,Brustmuskulatur,primary,5,1,4,Oberkörper
EX001134,Stehende Brustpresse am Doppel-Kabelzug,TRICEPS,Trizeps,secondary,3,1,3,Oberkörper
EX001134,Stehende Brustpresse am Doppel-Kabelzug,FRONT_DELTS,Vordere Schulter,secondary,3,2,2,Oberkörper
EX001134,Stehende Brustpresse am Doppel-Kabelzug,ABS,Gerade Bauchmuskulatur,secondary,3,3,3,Rumpf
EX001135,Stehende einarmige Brustpresse am Kabelzug,CHEST,Brustmuskulatur,primary,5,1,4,Oberkörper
EX001135,Stehende einarmige Brustpresse am Kabelzug,TRICEPS,Trizeps,secondary,3,1,3,Oberkörper
EX001135,Stehende einarmige Brustpresse am Kabelzug,FRONT_DELTS,Vordere Schulter,secondary,3,2,2,Oberkörper
EX001135,Stehende einarmige Brustpresse am Kabelzug,ABS,Gerade Bauchmuskulatur,secondary,3,3,3,Rumpf
EX001136,Alternierendes Schulterdrücken mit Kurzhanteln,FRONT_DELTS,Vordere Schulter,primary,5,1,2,Oberkörper
EX001136,Alternierendes Schulterdrücken mit Kurzhanteln,TRICEPS,Trizeps,secondary,3,1,3,Oberkörper
EX001136,Alternierendes Schulterdrücken mit Kurzhanteln,SIDE_DELTS,Seitliche Schulter,secondary,3,2,2,Oberkörper
EX001136,Alternierendes Schulterdrücken mit Kurzhanteln,ABS,Gerade Bauchmuskulatur,secondary,3,3,3,Rumpf
EX001136,Alternierendes Schulterdrücken mit Kurzhanteln,GLUTES,Gesässmuskulatur,secondary,2,4,5,Unterkörper
EX001137,Arnold Press,FRONT_DELTS,Vordere Schulter,primary,5,1,2,Oberkörper
EX001137,Arnold Press,TRICEPS,Trizeps,secondary,3,1,3,Oberkörper
EX001137,Arnold Press,SIDE_DELTS,Seitliche Schulter,secondary,3,2,2,Oberkörper
EX001137,Arnold Press,ABS,Gerade Bauchmuskulatur,secondary,3,3,3,Rumpf
EX001138,Bottoms-up Kettlebell Press,ROTATOR_CUFF,Rotatorenmanschette,primary,5,1,1,Oberkörper
EX001138,Bottoms-up Kettlebell Press,FRONT_DELTS,Vordere Schulter,secondary,3,1,2,Oberkörper
EX001138,Bottoms-up Kettlebell Press,TRICEPS,Trizeps,secondary,3,2,3,Oberkörper
EX001138,Bottoms-up Kettlebell Press,FOREARMS,Unterarmmuskulatur,secondary,3,3,2,Oberkörper
EX001138,Bottoms-up Kettlebell Press,ABS,Gerade Bauchmuskulatur,secondary,2,4,3,Rumpf
EX001139,Bradford Press,FRONT_DELTS,Vordere Schulter,primary,5,1,2,Oberkörper
EX001139,Bradford Press,TRICEPS,Trizeps,secondary,3,1,3,Oberkörper
EX001139,Bradford Press,SIDE_DELTS,Seitliche Schulter,secondary,3,2,2,Oberkörper
EX001139,Bradford Press,ABS,Gerade Bauchmuskulatur,secondary,3,3,3,Rumpf
EX001140,Einarmige Schulterpresse an der Maschine,FRONT_DELTS,Vordere Schulter,primary,5,1,2,Oberkörper
EX001140,Einarmige Schulterpresse an der Maschine,TRICEPS,Trizeps,secondary,3,1,3,Oberkörper
EX001140,Einarmige Schulterpresse an der Maschine,SIDE_DELTS,Seitliche Schulter,secondary,3,2,2,Oberkörper
EX001140,Einarmige Schulterpresse an der Maschine,ABS,Gerade Bauchmuskulatur,secondary,3,3,3,Rumpf
EX001140,Einarmige Schulterpresse an der Maschine,GLUTES,Gesässmuskulatur,secondary,2,4,5,Unterkörper
EX001141,Einarmiger Landmine Press im Halbkniestand,FRONT_DELTS,Vordere Schulter,primary,5,1,2,Oberkörper
EX001141,Einarmiger Landmine Press im Halbkniestand,TRICEPS,Trizeps,secondary,3,1,3,Oberkörper
EX001141,Einarmiger Landmine Press im Halbkniestand,SIDE_DELTS,Seitliche Schulter,secondary,3,2,2,Oberkörper
EX001141,Einarmiger Landmine Press im Halbkniestand,ABS,Gerade Bauchmuskulatur,secondary,3,3,3,Rumpf
EX001141,Einarmiger Landmine Press im Halbkniestand,GLUTES,Gesässmuskulatur,secondary,2,4,5,Unterkörper
EX001142,Einarmiger Landmine Press im Stand,FRONT_DELTS,Vordere Schulter,primary,5,1,2,Oberkörper
EX001142,Einarmiger Landmine Press im Stand,TRICEPS,Trizeps,secondary,3,1,3,Oberkörper
EX001142,Einarmiger Landmine Press im Stand,SIDE_DELTS,Seitliche Schulter,secondary,3,2,2,Oberkörper
EX001142,Einarmiger Landmine Press im Stand,ABS,Gerade Bauchmuskulatur,secondary,3,3,3,Rumpf
EX001142,Einarmiger Landmine Press im Stand,GLUTES,Gesässmuskulatur,secondary,2,4,5,Unterkörper
EX001143,Einarmiger Landmine Press mit Rotation,FRONT_DELTS,Vordere Schulter,primary,5,1,2,Oberkörper
EX001143,Einarmiger Landmine Press mit Rotation,TRICEPS,Trizeps,secondary,3,1,3,Oberkörper
EX001143,Einarmiger Landmine Press mit Rotation,SIDE_DELTS,Seitliche Schulter,secondary,3,2,2,Oberkörper
EX001143,Einarmiger Landmine Press mit Rotation,ABS,Gerade Bauchmuskulatur,secondary,3,3,3,Rumpf
EX001143,Einarmiger Landmine Press mit Rotation,GLUTES,Gesässmuskulatur,secondary,2,4,5,Unterkörper
EX001144,Einarmiges Kettlebell-Schulterdrücken,FRONT_DELTS,Vordere Schulter,primary,5,1,2,Oberkörper
EX001144,Einarmiges Kettlebell-Schulterdrücken,TRICEPS,Trizeps,secondary,3,1,3,Oberkörper
EX001144,Einarmiges Kettlebell-Schulterdrücken,SIDE_DELTS,Seitliche Schulter,secondary,3,2,2,Oberkörper
EX001144,Einarmiges Kettlebell-Schulterdrücken,ABS,Gerade Bauchmuskulatur,secondary,3,3,3,Rumpf
EX001144,Einarmiges Kettlebell-Schulterdrücken,GLUTES,Gesässmuskulatur,secondary,2,4,5,Unterkörper
EX001145,Einarmiges Kettlebell-Schulterdrücken im Halbkniestand,FRONT_DELTS,Vordere Schulter,primary,5,1,2,Oberkörper
EX001145,Einarmiges Kettlebell-Schulterdrücken im Halbkniestand,TRICEPS,Trizeps,secondary,3,1,3,Oberkörper
EX001145,Einarmiges Kettlebell-Schulterdrücken im Halbkniestand,SIDE_DELTS,Seitliche Schulter,secondary,3,2,2,Oberkörper
EX001145,Einarmiges Kettlebell-Schulterdrücken im Halbkniestand,ABS,Gerade Bauchmuskulatur,secondary,3,3,3,Rumpf
EX001145,Einarmiges Kettlebell-Schulterdrücken im Halbkniestand,GLUTES,Gesässmuskulatur,secondary,2,4,5,Unterkörper
EX001146,Einarmiges Schulterdrücken am Kabelzug,FRONT_DELTS,Vordere Schulter,primary,5,1,2,Oberkörper
EX001146,Einarmiges Schulterdrücken am Kabelzug,TRICEPS,Trizeps,secondary,3,1,3,Oberkörper
EX001146,Einarmiges Schulterdrücken am Kabelzug,SIDE_DELTS,Seitliche Schulter,secondary,3,2,2,Oberkörper
EX001146,Einarmiges Schulterdrücken am Kabelzug,ABS,Gerade Bauchmuskulatur,secondary,3,3,3,Rumpf
EX001146,Einarmiges Schulterdrücken am Kabelzug,GLUTES,Gesässmuskulatur,secondary,2,4,5,Unterkörper
EX001147,Einarmiges Schulterdrücken im Halbkniestand mit Kurzhantel,FRONT_DELTS,Vordere Schulter,primary,5,1,2,Oberkörper
EX001147,Einarmiges Schulterdrücken im Halbkniestand mit Kurzhantel,TRICEPS,Trizeps,secondary,3,1,3,Oberkörper
EX001147,Einarmiges Schulterdrücken im Halbkniestand mit Kurzhantel,SIDE_DELTS,Seitliche Schulter,secondary,3,2,2,Oberkörper
EX001147,Einarmiges Schulterdrücken im Halbkniestand mit Kurzhantel,ABS,Gerade Bauchmuskulatur,secondary,3,3,3,Rumpf
EX001147,Einarmiges Schulterdrücken im Halbkniestand mit Kurzhantel,GLUTES,Gesässmuskulatur,secondary,2,4,5,Unterkörper
EX001148,Einarmiges Schulterdrücken mit Kurzhantel,FRONT_DELTS,Vordere Schulter,primary,5,1,2,Oberkörper
EX001148,Einarmiges Schulterdrücken mit Kurzhantel,TRICEPS,Trizeps,secondary,3,1,3,Oberkörper
EX001148,Einarmiges Schulterdrücken mit Kurzhantel,SIDE_DELTS,Seitliche Schulter,secondary,3,2,2,Oberkörper
EX001148,Einarmiges Schulterdrücken mit Kurzhantel,ABS,Gerade Bauchmuskulatur,secondary,3,3,3,Rumpf
EX001148,Einarmiges Schulterdrücken mit Kurzhantel,GLUTES,Gesässmuskulatur,secondary,2,4,5,Unterkörper
EX001149,Einarmiges Schulterdrücken mit Widerstandsband,FRONT_DELTS,Vordere Schulter,primary,5,1,2,Oberkörper
EX001149,Einarmiges Schulterdrücken mit Widerstandsband,TRICEPS,Trizeps,secondary,3,1,3,Oberkörper
EX001149,Einarmiges Schulterdrücken mit Widerstandsband,SIDE_DELTS,Seitliche Schulter,secondary,3,2,2,Oberkörper
EX001149,Einarmiges Schulterdrücken mit Widerstandsband,ABS,Gerade Bauchmuskulatur,secondary,3,3,3,Rumpf
EX001149,Einarmiges Schulterdrücken mit Widerstandsband,GLUTES,Gesässmuskulatur,secondary,2,4,5,Unterkörper
EX001150,"Landmine Press, beidarmig",FRONT_DELTS,Vordere Schulter,primary,5,1,2,Oberkörper
EX001150,"Landmine Press, beidarmig",TRICEPS,Trizeps,secondary,3,1,3,Oberkörper
EX001150,"Landmine Press, beidarmig",SIDE_DELTS,Seitliche Schulter,secondary,3,2,2,Oberkörper
EX001150,"Landmine Press, beidarmig",ABS,Gerade Bauchmuskulatur,secondary,3,3,3,Rumpf
EX001151,Military Press mit Langhantel,FRONT_DELTS,Vordere Schulter,primary,5,1,2,Oberkörper
EX001151,Military Press mit Langhantel,TRICEPS,Trizeps,secondary,3,1,3,Oberkörper
EX001151,Military Press mit Langhantel,SIDE_DELTS,Seitliche Schulter,secondary,3,2,2,Oberkörper
EX001151,Military Press mit Langhantel,ABS,Gerade Bauchmuskulatur,secondary,3,3,3,Rumpf
EX001152,Pausen-Schulterdrücken mit Langhantel,FRONT_DELTS,Vordere Schulter,primary,5,1,2,Oberkörper
EX001152,Pausen-Schulterdrücken mit Langhantel,TRICEPS,Trizeps,secondary,3,1,3,Oberkörper
EX001152,Pausen-Schulterdrücken mit Langhantel,SIDE_DELTS,Seitliche Schulter,secondary,3,2,2,Oberkörper
EX001152,Pausen-Schulterdrücken mit Langhantel,ABS,Gerade Bauchmuskulatur,secondary,3,3,3,Rumpf
EX001153,Schulterdrücken an der Multipresse,FRONT_DELTS,Vordere Schulter,primary,5,1,2,Oberkörper
EX001153,Schulterdrücken an der Multipresse,TRICEPS,Trizeps,secondary,3,1,3,Oberkörper
EX001153,Schulterdrücken an der Multipresse,SIDE_DELTS,Seitliche Schulter,secondary,3,2,2,Oberkörper
EX001153,Schulterdrücken an der Multipresse,ABS,Gerade Bauchmuskulatur,secondary,3,3,3,Rumpf
EX001154,Schulterdrücken mit Kurzhanteln im Neutralgriff,FRONT_DELTS,Vordere Schulter,primary,5,1,2,Oberkörper
EX001154,Schulterdrücken mit Kurzhanteln im Neutralgriff,TRICEPS,Trizeps,secondary,3,1,3,Oberkörper
EX001154,Schulterdrücken mit Kurzhanteln im Neutralgriff,SIDE_DELTS,Seitliche Schulter,secondary,3,2,2,Oberkörper
EX001154,Schulterdrücken mit Kurzhanteln im Neutralgriff,ABS,Gerade Bauchmuskulatur,secondary,3,3,3,Rumpf
EX001155,Schulterdrücken mit Swiss Bar,FRONT_DELTS,Vordere Schulter,primary,5,1,2,Oberkörper
EX001155,Schulterdrücken mit Swiss Bar,TRICEPS,Trizeps,secondary,3,1,3,Oberkörper
EX001155,Schulterdrücken mit Swiss Bar,SIDE_DELTS,Seitliche Schulter,secondary,3,2,2,Oberkörper
EX001155,Schulterdrücken mit Swiss Bar,ABS,Gerade Bauchmuskulatur,secondary,3,3,3,Rumpf
EX001156,Schulterdrücken mit Widerstandsband,FRONT_DELTS,Vordere Schulter,primary,5,1,2,Oberkörper
EX001156,Schulterdrücken mit Widerstandsband,TRICEPS,Trizeps,secondary,3,1,3,Oberkörper
EX001156,Schulterdrücken mit Widerstandsband,SIDE_DELTS,Seitliche Schulter,secondary,3,2,2,Oberkörper
EX001156,Schulterdrücken mit Widerstandsband,ABS,Gerade Bauchmuskulatur,secondary,3,3,3,Rumpf
EX001157,Schulterpresse an der Maschine,FRONT_DELTS,Vordere Schulter,primary,5,1,2,Oberkörper
EX001157,Schulterpresse an der Maschine,TRICEPS,Trizeps,secondary,3,1,3,Oberkörper
EX001157,Schulterpresse an der Maschine,SIDE_DELTS,Seitliche Schulter,secondary,3,2,2,Oberkörper
EX001157,Schulterpresse an der Maschine,ABS,Gerade Bauchmuskulatur,secondary,3,3,3,Rumpf
EX001158,Schulterpresse an der Maschine im Neutralgriff,FRONT_DELTS,Vordere Schulter,primary,5,1,2,Oberkörper
EX001158,Schulterpresse an der Maschine im Neutralgriff,TRICEPS,Trizeps,secondary,3,1,3,Oberkörper
EX001158,Schulterpresse an der Maschine im Neutralgriff,SIDE_DELTS,Seitliche Schulter,secondary,3,2,2,Oberkörper
EX001158,Schulterpresse an der Maschine im Neutralgriff,ABS,Gerade Bauchmuskulatur,secondary,3,3,3,Rumpf
EX001159,Sitzendes Schulterdrücken mit Kurzhanteln,FRONT_DELTS,Vordere Schulter,primary,5,1,2,Oberkörper
EX001159,Sitzendes Schulterdrücken mit Kurzhanteln,TRICEPS,Trizeps,secondary,3,1,3,Oberkörper
EX001159,Sitzendes Schulterdrücken mit Kurzhanteln,SIDE_DELTS,Seitliche Schulter,secondary,3,2,2,Oberkörper
EX001159,Sitzendes Schulterdrücken mit Kurzhanteln,ABS,Gerade Bauchmuskulatur,secondary,3,3,3,Rumpf
EX001160,Sitzendes Schulterdrücken mit Langhantel,FRONT_DELTS,Vordere Schulter,primary,5,1,2,Oberkörper
EX001160,Sitzendes Schulterdrücken mit Langhantel,TRICEPS,Trizeps,secondary,3,1,3,Oberkörper
EX001160,Sitzendes Schulterdrücken mit Langhantel,SIDE_DELTS,Seitliche Schulter,secondary,3,2,2,Oberkörper
EX001160,Sitzendes Schulterdrücken mit Langhantel,ABS,Gerade Bauchmuskulatur,secondary,3,3,3,Rumpf
EX001161,Stehendes Schulterdrücken am Kabelzug,FRONT_DELTS,Vordere Schulter,primary,5,1,2,Oberkörper
EX001161,Stehendes Schulterdrücken am Kabelzug,TRICEPS,Trizeps,secondary,3,1,3,Oberkörper
EX001161,Stehendes Schulterdrücken am Kabelzug,SIDE_DELTS,Seitliche Schulter,secondary,3,2,2,Oberkörper
EX001161,Stehendes Schulterdrücken am Kabelzug,ABS,Gerade Bauchmuskulatur,secondary,3,3,3,Rumpf
EX001162,Stehendes Schulterdrücken mit Kurzhanteln,FRONT_DELTS,Vordere Schulter,primary,5,1,2,Oberkörper
EX001162,Stehendes Schulterdrücken mit Kurzhanteln,TRICEPS,Trizeps,secondary,3,1,3,Oberkörper
EX001162,Stehendes Schulterdrücken mit Kurzhanteln,SIDE_DELTS,Seitliche Schulter,secondary,3,2,2,Oberkörper
EX001162,Stehendes Schulterdrücken mit Kurzhanteln,ABS,Gerade Bauchmuskulatur,secondary,3,3,3,Rumpf
EX001163,Stehendes Schulterdrücken mit Langhantel,FRONT_DELTS,Vordere Schulter,primary,5,1,2,Oberkörper
EX001163,Stehendes Schulterdrücken mit Langhantel,TRICEPS,Trizeps,secondary,3,1,3,Oberkörper
EX001163,Stehendes Schulterdrücken mit Langhantel,SIDE_DELTS,Seitliche Schulter,secondary,3,2,2,Oberkörper
EX001163,Stehendes Schulterdrücken mit Langhantel,ABS,Gerade Bauchmuskulatur,secondary,3,3,3,Rumpf
EX001164,Stehendes Schulterdrücken mit zwei Kettlebells,FRONT_DELTS,Vordere Schulter,primary,5,1,2,Oberkörper
EX001164,Stehendes Schulterdrücken mit zwei Kettlebells,TRICEPS,Trizeps,secondary,3,1,3,Oberkörper
EX001164,Stehendes Schulterdrücken mit zwei Kettlebells,SIDE_DELTS,Seitliche Schulter,secondary,3,2,2,Oberkörper
EX001164,Stehendes Schulterdrücken mit zwei Kettlebells,ABS,Gerade Bauchmuskulatur,secondary,3,3,3,Rumpf
EX001165,Tempo-Schulterdrücken mit Langhantel,FRONT_DELTS,Vordere Schulter,primary,5,1,2,Oberkörper
EX001165,Tempo-Schulterdrücken mit Langhantel,TRICEPS,Trizeps,secondary,3,1,3,Oberkörper
EX001165,Tempo-Schulterdrücken mit Langhantel,SIDE_DELTS,Seitliche Schulter,secondary,3,2,2,Oberkörper
EX001165,Tempo-Schulterdrücken mit Langhantel,ABS,Gerade Bauchmuskulatur,secondary,3,3,3,Rumpf
EX001166,Z-Press mit Kurzhanteln,FRONT_DELTS,Vordere Schulter,primary,5,1,2,Oberkörper
EX001166,Z-Press mit Kurzhanteln,TRICEPS,Trizeps,secondary,3,1,3,Oberkörper
EX001166,Z-Press mit Kurzhanteln,SIDE_DELTS,Seitliche Schulter,secondary,3,2,2,Oberkörper
EX001166,Z-Press mit Kurzhanteln,ABS,Gerade Bauchmuskulatur,secondary,3,3,3,Rumpf
EX001167,Z-Press mit Langhantel,FRONT_DELTS,Vordere Schulter,primary,5,1,2,Oberkörper
EX001167,Z-Press mit Langhantel,TRICEPS,Trizeps,secondary,3,1,3,Oberkörper
EX001167,Z-Press mit Langhantel,SIDE_DELTS,Seitliche Schulter,secondary,3,2,2,Oberkörper
EX001167,Z-Press mit Langhantel,ABS,Gerade Bauchmuskulatur,secondary,3,3,3,Rumpf
EX001168,Gerader Armzug am Kabel im Kniestand,LATS,Latissimus,primary,5,1,4,Oberkörper
EX001168,Gerader Armzug am Kabel im Kniestand,TRICEPS,Trizeps,secondary,3,1,3,Oberkörper
EX001168,Gerader Armzug am Kabel im Kniestand,ABS,Gerade Bauchmuskulatur,secondary,3,2,3,Rumpf
EX001168,Gerader Armzug am Kabel im Kniestand,GLUTES,Gesässmuskulatur,secondary,3,3,5,Unterkörper
EX001169,Gerader Armzug am Kabel im Stehen,LATS,Latissimus,primary,5,1,4,Oberkörper
EX001169,Gerader Armzug am Kabel im Stehen,TRICEPS,Trizeps,secondary,3,1,3,Oberkörper
EX001169,Gerader Armzug am Kabel im Stehen,ABS,Gerade Bauchmuskulatur,secondary,3,2,3,Rumpf
EX001169,Gerader Armzug am Kabel im Stehen,GLUTES,Gesässmuskulatur,secondary,3,3,5,Unterkörper
EX001170,Gerader Armzug am Kabel mit Pause,LATS,Latissimus,primary,5,1,4,Oberkörper
EX001170,Gerader Armzug am Kabel mit Pause,TRICEPS,Trizeps,secondary,3,1,3,Oberkörper
EX001170,Gerader Armzug am Kabel mit Pause,ABS,Gerade Bauchmuskulatur,secondary,3,2,3,Rumpf
EX001171,Gerader Armzug einarmig am Kabel,LATS,Latissimus,primary,5,1,4,Oberkörper
EX001171,Gerader Armzug einarmig am Kabel,TRICEPS,Trizeps,secondary,3,1,3,Oberkörper
EX001171,Gerader Armzug einarmig am Kabel,OBLIQUES,Seitliche Bauchmuskulatur,secondary,3,2,3,Rumpf
EX001172,Gerader Armzug mit Seilgriff,LATS,Latissimus,primary,5,1,4,Oberkörper
EX001172,Gerader Armzug mit Seilgriff,TRICEPS,Trizeps,secondary,3,1,3,Oberkörper
EX001172,Gerader Armzug mit Seilgriff,ABS,Gerade Bauchmuskulatur,secondary,3,2,3,Rumpf
EX001173,Gerader Armzug mit Widerstandsband,LATS,Latissimus,primary,5,1,4,Oberkörper
EX001173,Gerader Armzug mit Widerstandsband,TRICEPS,Trizeps,secondary,3,1,3,Oberkörper
EX001173,Gerader Armzug mit Widerstandsband,ABS,Gerade Bauchmuskulatur,secondary,3,2,3,Rumpf
EX001174,Kettlebell-Pullover auf der Bank,LATS,Latissimus,primary,5,1,4,Oberkörper
EX001174,Kettlebell-Pullover auf der Bank,CHEST,Brustmuskulatur,secondary,3,1,4,Oberkörper
EX001174,Kettlebell-Pullover auf der Bank,TRICEPS,Trizeps,secondary,3,2,3,Oberkörper
EX001174,Kettlebell-Pullover auf der Bank,SERRATUS,Sägemuskel,secondary,3,3,2,Oberkörper
EX001175,Kurzhantel-Pullover auf der Flachbank,LATS,Latissimus,primary,5,1,4,Oberkörper
EX001175,Kurzhantel-Pullover auf der Flachbank,CHEST,Brustmuskulatur,secondary,3,1,4,Oberkörper
EX001175,Kurzhantel-Pullover auf der Flachbank,TRICEPS,Trizeps,secondary,3,2,3,Oberkörper
EX001175,Kurzhantel-Pullover auf der Flachbank,SERRATUS,Sägemuskel,secondary,3,3,2,Oberkörper
EX001175,Kurzhantel-Pullover auf der Flachbank,ABS,Gerade Bauchmuskulatur,secondary,2,4,3,Rumpf
EX001176,Kurzhantel-Pullover auf der Schrägbank,LATS,Latissimus,primary,5,1,4,Oberkörper
EX001176,Kurzhantel-Pullover auf der Schrägbank,CHEST,Brustmuskulatur,secondary,3,1,4,Oberkörper
EX001176,Kurzhantel-Pullover auf der Schrägbank,TRICEPS,Trizeps,secondary,3,2,3,Oberkörper
EX001176,Kurzhantel-Pullover auf der Schrägbank,SERRATUS,Sägemuskel,secondary,3,3,2,Oberkörper
EX001177,Kurzhantel-Pullover quer zur Bank,LATS,Latissimus,primary,5,1,4,Oberkörper
EX001177,Kurzhantel-Pullover quer zur Bank,CHEST,Brustmuskulatur,secondary,3,1,4,Oberkörper
EX001177,Kurzhantel-Pullover quer zur Bank,TRICEPS,Trizeps,secondary,3,2,3,Oberkörper
EX001177,Kurzhantel-Pullover quer zur Bank,SERRATUS,Sägemuskel,secondary,3,3,2,Oberkörper
EX001177,Kurzhantel-Pullover quer zur Bank,GLUTES,Gesässmuskulatur,secondary,2,4,5,Unterkörper
EX001178,Langhantel-Pullover auf der Bank,LATS,Latissimus,primary,5,1,4,Oberkörper
EX001178,Langhantel-Pullover auf der Bank,CHEST,Brustmuskulatur,secondary,3,1,4,Oberkörper
EX001178,Langhantel-Pullover auf der Bank,TRICEPS,Trizeps,secondary,3,2,3,Oberkörper
EX001178,Langhantel-Pullover auf der Bank,SERRATUS,Sägemuskel,secondary,3,3,2,Oberkörper
EX001179,Pullover am Kabel auf dem Gymnastikball,LATS,Latissimus,primary,5,1,4,Oberkörper
EX001179,Pullover am Kabel auf dem Gymnastikball,CHEST,Brustmuskulatur,secondary,3,1,4,Oberkörper
EX001179,Pullover am Kabel auf dem Gymnastikball,TRICEPS,Trizeps,secondary,3,2,3,Oberkörper
EX001179,Pullover am Kabel auf dem Gymnastikball,ABS,Gerade Bauchmuskulatur,secondary,3,3,3,Rumpf
EX001179,Pullover am Kabel auf dem Gymnastikball,GLUTES,Gesässmuskulatur,secondary,2,4,5,Unterkörper
EX001180,Pullover am Kabel auf der Bank,LATS,Latissimus,primary,5,1,4,Oberkörper
EX001180,Pullover am Kabel auf der Bank,CHEST,Brustmuskulatur,secondary,3,1,4,Oberkörper
EX001180,Pullover am Kabel auf der Bank,TRICEPS,Trizeps,secondary,3,2,3,Oberkörper
EX001180,Pullover am Kabel auf der Bank,SERRATUS,Sägemuskel,secondary,3,3,2,Oberkörper
EX001181,Pullover an der Maschine,LATS,Latissimus,primary,5,1,4,Oberkörper
EX001181,Pullover an der Maschine,CHEST,Brustmuskulatur,secondary,3,1,4,Oberkörper
EX001181,Pullover an der Maschine,TRICEPS,Trizeps,secondary,3,2,3,Oberkörper
EX001182,SZ-Stangen-Pullover,LATS,Latissimus,primary,5,1,4,Oberkörper
EX001182,SZ-Stangen-Pullover,CHEST,Brustmuskulatur,secondary,3,1,4,Oberkörper
EX001182,SZ-Stangen-Pullover,TRICEPS,Trizeps,secondary,3,2,3,Oberkörper
EX001182,SZ-Stangen-Pullover,SERRATUS,Sägemuskel,secondary,3,3,2,Oberkörper
EX001183,Archer-Klimmzug,LATS,Latissimus,primary,5,1,4,Oberkörper
EX001183,Archer-Klimmzug,BICEPS,Bizeps,secondary,3,1,2,Oberkörper
EX001183,Archer-Klimmzug,RHOMBOIDS,Rhomboiden und mittlerer Rücken,secondary,3,2,2,Oberkörper
EX001183,Archer-Klimmzug,REAR_DELTS,Hintere Schulter,secondary,3,3,2,Oberkörper
EX001183,Archer-Klimmzug,TRAPS,Trapezmuskel,secondary,2,4,3,Oberkörper
EX001183,Archer-Klimmzug,FOREARMS,Unterarmmuskulatur,secondary,2,5,2,Oberkörper
EX001183,Archer-Klimmzug,ABS,Gerade Bauchmuskulatur,secondary,2,6,3,Rumpf
EX001184,Chin-up an Turnringen,LATS,Latissimus,primary,5,1,4,Oberkörper
EX001184,Chin-up an Turnringen,BICEPS,Bizeps,secondary,3,1,2,Oberkörper
EX001184,Chin-up an Turnringen,RHOMBOIDS,Rhomboiden und mittlerer Rücken,secondary,3,2,2,Oberkörper
EX001184,Chin-up an Turnringen,REAR_DELTS,Hintere Schulter,secondary,3,3,2,Oberkörper
EX001184,Chin-up an Turnringen,TRAPS,Trapezmuskel,secondary,2,4,3,Oberkörper
EX001184,Chin-up an Turnringen,FOREARMS,Unterarmmuskulatur,secondary,2,5,2,Oberkörper
EX001184,Chin-up an Turnringen,ABS,Gerade Bauchmuskulatur,secondary,2,6,3,Rumpf
EX001185,Chin-up mit Zusatzgewicht,LATS,Latissimus,primary,5,1,4,Oberkörper
EX001185,Chin-up mit Zusatzgewicht,BICEPS,Bizeps,secondary,3,1,2,Oberkörper
EX001185,Chin-up mit Zusatzgewicht,RHOMBOIDS,Rhomboiden und mittlerer Rücken,secondary,3,2,2,Oberkörper
EX001185,Chin-up mit Zusatzgewicht,REAR_DELTS,Hintere Schulter,secondary,3,3,2,Oberkörper
EX001185,Chin-up mit Zusatzgewicht,TRAPS,Trapezmuskel,secondary,2,4,3,Oberkörper
EX001185,Chin-up mit Zusatzgewicht,FOREARMS,Unterarmmuskulatur,secondary,2,5,2,Oberkörper
EX001185,Chin-up mit Zusatzgewicht,ABS,Gerade Bauchmuskulatur,secondary,2,6,3,Rumpf
EX001186,Commando-Klimmzug,LATS,Latissimus,primary,5,1,4,Oberkörper
EX001186,Commando-Klimmzug,BICEPS,Bizeps,secondary,3,1,2,Oberkörper
EX001186,Commando-Klimmzug,RHOMBOIDS,Rhomboiden und mittlerer Rücken,secondary,3,2,2,Oberkörper
EX001186,Commando-Klimmzug,REAR_DELTS,Hintere Schulter,secondary,3,3,2,Oberkörper
EX001186,Commando-Klimmzug,TRAPS,Trapezmuskel,secondary,2,4,3,Oberkörper
EX001186,Commando-Klimmzug,FOREARMS,Unterarmmuskulatur,secondary,2,5,2,Oberkörper
EX001186,Commando-Klimmzug,ABS,Gerade Bauchmuskulatur,secondary,2,6,3,Rumpf
EX001187,Einarmig unterstützter Klimmzug,LATS,Latissimus,primary,5,1,4,Oberkörper
EX001187,Einarmig unterstützter Klimmzug,BICEPS,Bizeps,secondary,3,1,2,Oberkörper
EX001187,Einarmig unterstützter Klimmzug,RHOMBOIDS,Rhomboiden und mittlerer Rücken,secondary,3,2,2,Oberkörper
EX001187,Einarmig unterstützter Klimmzug,REAR_DELTS,Hintere Schulter,secondary,3,3,2,Oberkörper
EX001187,Einarmig unterstützter Klimmzug,TRAPS,Trapezmuskel,secondary,2,4,3,Oberkörper
EX001187,Einarmig unterstützter Klimmzug,FOREARMS,Unterarmmuskulatur,secondary,2,5,2,Oberkörper
EX001187,Einarmig unterstützter Klimmzug,ABS,Gerade Bauchmuskulatur,secondary,2,6,3,Rumpf
EX001188,Einarmiger Klimmzug,LATS,Latissimus,primary,5,1,4,Oberkörper
EX001188,Einarmiger Klimmzug,BICEPS,Bizeps,secondary,3,1,2,Oberkörper
EX001188,Einarmiger Klimmzug,RHOMBOIDS,Rhomboiden und mittlerer Rücken,secondary,3,2,2,Oberkörper
EX001188,Einarmiger Klimmzug,REAR_DELTS,Hintere Schulter,secondary,3,3,2,Oberkörper
EX001188,Einarmiger Klimmzug,TRAPS,Trapezmuskel,secondary,2,4,3,Oberkörper
EX001188,Einarmiger Klimmzug,FOREARMS,Unterarmmuskulatur,secondary,2,5,2,Oberkörper
EX001188,Einarmiger Klimmzug,ABS,Gerade Bauchmuskulatur,secondary,2,6,3,Rumpf
EX001189,Exzentrischer Klimmzug,LATS,Latissimus,primary,5,1,4,Oberkörper
EX001189,Exzentrischer Klimmzug,BICEPS,Bizeps,secondary,3,1,2,Oberkörper
EX001189,Exzentrischer Klimmzug,RHOMBOIDS,Rhomboiden und mittlerer Rücken,secondary,3,2,2,Oberkörper
EX001189,Exzentrischer Klimmzug,REAR_DELTS,Hintere Schulter,secondary,3,3,2,Oberkörper
EX001189,Exzentrischer Klimmzug,TRAPS,Trapezmuskel,secondary,2,4,3,Oberkörper
EX001189,Exzentrischer Klimmzug,FOREARMS,Unterarmmuskulatur,secondary,2,5,2,Oberkörper
EX001189,Exzentrischer Klimmzug,ABS,Gerade Bauchmuskulatur,secondary,2,6,3,Rumpf
EX001190,Handtuch-Klimmzug,LATS,Latissimus,primary,5,1,4,Oberkörper
EX001190,Handtuch-Klimmzug,BICEPS,Bizeps,secondary,3,1,2,Oberkörper
EX001190,Handtuch-Klimmzug,RHOMBOIDS,Rhomboiden und mittlerer Rücken,secondary,3,2,2,Oberkörper
EX001190,Handtuch-Klimmzug,REAR_DELTS,Hintere Schulter,secondary,3,3,2,Oberkörper
EX001190,Handtuch-Klimmzug,TRAPS,Trapezmuskel,secondary,2,4,3,Oberkörper
EX001190,Handtuch-Klimmzug,FOREARMS,Unterarmmuskulatur,secondary,2,5,2,Oberkörper
EX001190,Handtuch-Klimmzug,ABS,Gerade Bauchmuskulatur,secondary,2,6,3,Rumpf
EX001191,Klimmzug an Turnringen,LATS,Latissimus,primary,5,1,4,Oberkörper
EX001191,Klimmzug an Turnringen,BICEPS,Bizeps,secondary,3,1,2,Oberkörper
EX001191,Klimmzug an Turnringen,RHOMBOIDS,Rhomboiden und mittlerer Rücken,secondary,3,2,2,Oberkörper
EX001191,Klimmzug an Turnringen,REAR_DELTS,Hintere Schulter,secondary,3,3,2,Oberkörper
EX001191,Klimmzug an Turnringen,TRAPS,Trapezmuskel,secondary,2,4,3,Oberkörper
EX001191,Klimmzug an Turnringen,FOREARMS,Unterarmmuskulatur,secondary,2,5,2,Oberkörper
EX001191,Klimmzug an Turnringen,ABS,Gerade Bauchmuskulatur,secondary,2,6,3,Rumpf
EX001192,Klimmzug im gemischten Griff,LATS,Latissimus,primary,5,1,4,Oberkörper
EX001192,Klimmzug im gemischten Griff,BICEPS,Bizeps,secondary,3,1,2,Oberkörper
EX001192,Klimmzug im gemischten Griff,RHOMBOIDS,Rhomboiden und mittlerer Rücken,secondary,3,2,2,Oberkörper
EX001192,Klimmzug im gemischten Griff,REAR_DELTS,Hintere Schulter,secondary,3,3,2,Oberkörper
EX001192,Klimmzug im gemischten Griff,TRAPS,Trapezmuskel,secondary,2,4,3,Oberkörper
EX001192,Klimmzug im gemischten Griff,FOREARMS,Unterarmmuskulatur,secondary,2,5,2,Oberkörper
EX001192,Klimmzug im gemischten Griff,ABS,Gerade Bauchmuskulatur,secondary,2,6,3,Rumpf
EX001193,Klimmzug im Neutralgriff,LATS,Latissimus,primary,5,1,4,Oberkörper
EX001193,Klimmzug im Neutralgriff,BICEPS,Bizeps,secondary,3,1,2,Oberkörper
EX001193,Klimmzug im Neutralgriff,RHOMBOIDS,Rhomboiden und mittlerer Rücken,secondary,3,2,2,Oberkörper
EX001193,Klimmzug im Neutralgriff,REAR_DELTS,Hintere Schulter,secondary,3,3,2,Oberkörper
EX001193,Klimmzug im Neutralgriff,TRAPS,Trapezmuskel,secondary,2,4,3,Oberkörper
EX001193,Klimmzug im Neutralgriff,FOREARMS,Unterarmmuskulatur,secondary,2,5,2,Oberkörper
EX001193,Klimmzug im Neutralgriff,ABS,Gerade Bauchmuskulatur,secondary,2,6,3,Rumpf
EX001194,Klimmzug im Obergriff,LATS,Latissimus,primary,5,1,4,Oberkörper
EX001194,Klimmzug im Obergriff,BICEPS,Bizeps,secondary,3,1,2,Oberkörper
EX001194,Klimmzug im Obergriff,RHOMBOIDS,Rhomboiden und mittlerer Rücken,secondary,3,2,2,Oberkörper
EX001194,Klimmzug im Obergriff,REAR_DELTS,Hintere Schulter,secondary,3,3,2,Oberkörper
EX001194,Klimmzug im Obergriff,TRAPS,Trapezmuskel,secondary,2,4,3,Oberkörper
EX001194,Klimmzug im Obergriff,FOREARMS,Unterarmmuskulatur,secondary,2,5,2,Oberkörper
EX001194,Klimmzug im Obergriff,ABS,Gerade Bauchmuskulatur,secondary,2,6,3,Rumpf
EX001195,Klimmzug im Untergriff,LATS,Latissimus,primary,5,1,4,Oberkörper
EX001195,Klimmzug im Untergriff,BICEPS,Bizeps,secondary,3,1,2,Oberkörper
EX001195,Klimmzug im Untergriff,RHOMBOIDS,Rhomboiden und mittlerer Rücken,secondary,3,2,2,Oberkörper
EX001195,Klimmzug im Untergriff,REAR_DELTS,Hintere Schulter,secondary,3,3,2,Oberkörper
EX001195,Klimmzug im Untergriff,TRAPS,Trapezmuskel,secondary,2,4,3,Oberkörper
EX001195,Klimmzug im Untergriff,FOREARMS,Unterarmmuskulatur,secondary,2,5,2,Oberkörper
EX001195,Klimmzug im Untergriff,ABS,Gerade Bauchmuskulatur,secondary,2,6,3,Rumpf
EX001196,Klimmzug mit engem Obergriff,LATS,Latissimus,primary,5,1,4,Oberkörper
EX001196,Klimmzug mit engem Obergriff,BICEPS,Bizeps,secondary,3,1,2,Oberkörper
EX001196,Klimmzug mit engem Obergriff,RHOMBOIDS,Rhomboiden und mittlerer Rücken,secondary,3,2,2,Oberkörper
EX001196,Klimmzug mit engem Obergriff,REAR_DELTS,Hintere Schulter,secondary,3,3,2,Oberkörper
EX001196,Klimmzug mit engem Obergriff,TRAPS,Trapezmuskel,secondary,2,4,3,Oberkörper
EX001196,Klimmzug mit engem Obergriff,FOREARMS,Unterarmmuskulatur,secondary,2,5,2,Oberkörper
EX001196,Klimmzug mit engem Obergriff,ABS,Gerade Bauchmuskulatur,secondary,2,6,3,Rumpf
EX001197,Klimmzug mit weitem Obergriff,LATS,Latissimus,primary,5,1,4,Oberkörper
EX001197,Klimmzug mit weitem Obergriff,BICEPS,Bizeps,secondary,3,1,2,Oberkörper
EX001197,Klimmzug mit weitem Obergriff,RHOMBOIDS,Rhomboiden und mittlerer Rücken,secondary,3,2,2,Oberkörper
EX001197,Klimmzug mit weitem Obergriff,REAR_DELTS,Hintere Schulter,secondary,3,3,2,Oberkörper
EX001197,Klimmzug mit weitem Obergriff,TRAPS,Trapezmuskel,secondary,2,4,3,Oberkörper
EX001197,Klimmzug mit weitem Obergriff,FOREARMS,Unterarmmuskulatur,secondary,2,5,2,Oberkörper
EX001197,Klimmzug mit weitem Obergriff,ABS,Gerade Bauchmuskulatur,secondary,2,6,3,Rumpf
EX001198,Klimmzug mit Widerstandsband-Unterstützung,LATS,Latissimus,primary,5,1,4,Oberkörper
EX001198,Klimmzug mit Widerstandsband-Unterstützung,BICEPS,Bizeps,secondary,3,1,2,Oberkörper
EX001198,Klimmzug mit Widerstandsband-Unterstützung,RHOMBOIDS,Rhomboiden und mittlerer Rücken,secondary,3,2,2,Oberkörper
EX001198,Klimmzug mit Widerstandsband-Unterstützung,REAR_DELTS,Hintere Schulter,secondary,3,3,2,Oberkörper
EX001198,Klimmzug mit Widerstandsband-Unterstützung,TRAPS,Trapezmuskel,secondary,2,4,3,Oberkörper
EX001198,Klimmzug mit Widerstandsband-Unterstützung,FOREARMS,Unterarmmuskulatur,secondary,2,5,2,Oberkörper
EX001198,Klimmzug mit Widerstandsband-Unterstützung,ABS,Gerade Bauchmuskulatur,secondary,2,6,3,Rumpf
EX001199,Klimmzug mit Zusatzgewicht,LATS,Latissimus,primary,5,1,4,Oberkörper
EX001199,Klimmzug mit Zusatzgewicht,BICEPS,Bizeps,secondary,3,1,2,Oberkörper
EX001199,Klimmzug mit Zusatzgewicht,RHOMBOIDS,Rhomboiden und mittlerer Rücken,secondary,3,2,2,Oberkörper
EX001199,Klimmzug mit Zusatzgewicht,REAR_DELTS,Hintere Schulter,secondary,3,3,2,Oberkörper
EX001199,Klimmzug mit Zusatzgewicht,TRAPS,Trapezmuskel,secondary,2,4,3,Oberkörper
EX001199,Klimmzug mit Zusatzgewicht,FOREARMS,Unterarmmuskulatur,secondary,2,5,2,Oberkörper
EX001199,Klimmzug mit Zusatzgewicht,ABS,Gerade Bauchmuskulatur,secondary,2,6,3,Rumpf
EX001200,L-Sit-Klimmzug,LATS,Latissimus,primary,5,1,4,Oberkörper
EX001200,L-Sit-Klimmzug,BICEPS,Bizeps,secondary,3,1,2,Oberkörper
EX001200,L-Sit-Klimmzug,RHOMBOIDS,Rhomboiden und mittlerer Rücken,secondary,3,2,2,Oberkörper
EX001200,L-Sit-Klimmzug,REAR_DELTS,Hintere Schulter,secondary,3,3,2,Oberkörper
EX001200,L-Sit-Klimmzug,TRAPS,Trapezmuskel,secondary,2,4,3,Oberkörper
EX001200,L-Sit-Klimmzug,FOREARMS,Unterarmmuskulatur,secondary,2,5,2,Oberkörper
EX001200,L-Sit-Klimmzug,ABS,Gerade Bauchmuskulatur,secondary,2,6,3,Rumpf
EX001201,Seilklettern ohne Beine,LATS,Latissimus,primary,5,1,4,Oberkörper
EX001201,Seilklettern ohne Beine,BICEPS,Bizeps,secondary,3,1,2,Oberkörper
EX001201,Seilklettern ohne Beine,RHOMBOIDS,Rhomboiden und mittlerer Rücken,secondary,3,2,2,Oberkörper
EX001201,Seilklettern ohne Beine,REAR_DELTS,Hintere Schulter,secondary,3,3,2,Oberkörper
EX001201,Seilklettern ohne Beine,TRAPS,Trapezmuskel,secondary,2,4,3,Oberkörper
EX001201,Seilklettern ohne Beine,FOREARMS,Unterarmmuskulatur,secondary,2,5,2,Oberkörper
EX001201,Seilklettern ohne Beine,ABS,Gerade Bauchmuskulatur,secondary,2,6,3,Rumpf
EX001202,Sternum-Klimmzug,LATS,Latissimus,primary,5,1,4,Oberkörper
EX001202,Sternum-Klimmzug,BICEPS,Bizeps,secondary,3,1,2,Oberkörper
EX001202,Sternum-Klimmzug,RHOMBOIDS,Rhomboiden und mittlerer Rücken,secondary,3,2,2,Oberkörper
EX001202,Sternum-Klimmzug,REAR_DELTS,Hintere Schulter,secondary,3,3,2,Oberkörper
EX001202,Sternum-Klimmzug,TRAPS,Trapezmuskel,secondary,2,4,3,Oberkörper
EX001202,Sternum-Klimmzug,FOREARMS,Unterarmmuskulatur,secondary,2,5,2,Oberkörper
EX001202,Sternum-Klimmzug,ABS,Gerade Bauchmuskulatur,secondary,2,6,3,Rumpf
EX001203,Unterstützter Klimmzug an der Maschine,LATS,Latissimus,primary,5,1,4,Oberkörper
EX001203,Unterstützter Klimmzug an der Maschine,BICEPS,Bizeps,secondary,3,1,2,Oberkörper
EX001203,Unterstützter Klimmzug an der Maschine,RHOMBOIDS,Rhomboiden und mittlerer Rücken,secondary,3,2,2,Oberkörper
EX001203,Unterstützter Klimmzug an der Maschine,REAR_DELTS,Hintere Schulter,secondary,3,3,2,Oberkörper
EX001203,Unterstützter Klimmzug an der Maschine,TRAPS,Trapezmuskel,secondary,2,4,3,Oberkörper
EX001203,Unterstützter Klimmzug an der Maschine,FOREARMS,Unterarmmuskulatur,secondary,2,5,2,Oberkörper
EX001203,Unterstützter Klimmzug an der Maschine,ABS,Gerade Bauchmuskulatur,secondary,2,6,3,Rumpf
EX001204,1½-Wiederholungs-Liegestütz,CHEST,Brustmuskulatur,primary,5,1,4,Oberkörper
EX001204,1½-Wiederholungs-Liegestütz,TRICEPS,Trizeps,secondary,3,1,3,Oberkörper
EX001204,1½-Wiederholungs-Liegestütz,FRONT_DELTS,Vordere Schulter,secondary,3,2,2,Oberkörper
EX001204,1½-Wiederholungs-Liegestütz,ABS,Gerade Bauchmuskulatur,secondary,3,3,3,Rumpf
EX001204,1½-Wiederholungs-Liegestütz,SERRATUS,Sägemuskel,secondary,2,4,2,Oberkörper
EX001205,Archer-Liegestütz,CHEST,Brustmuskulatur,primary,5,1,4,Oberkörper
EX001205,Archer-Liegestütz,TRICEPS,Trizeps,secondary,3,1,3,Oberkörper
EX001205,Archer-Liegestütz,FRONT_DELTS,Vordere Schulter,secondary,3,2,2,Oberkörper
EX001205,Archer-Liegestütz,ABS,Gerade Bauchmuskulatur,secondary,3,3,3,Rumpf
EX001205,Archer-Liegestütz,SERRATUS,Sägemuskel,secondary,2,4,2,Oberkörper
EX001206,BOSU-Liegestütz,CHEST,Brustmuskulatur,primary,5,1,4,Oberkörper
EX001206,BOSU-Liegestütz,TRICEPS,Trizeps,secondary,3,1,3,Oberkörper
EX001206,BOSU-Liegestütz,FRONT_DELTS,Vordere Schulter,secondary,3,2,2,Oberkörper
EX001206,BOSU-Liegestütz,ABS,Gerade Bauchmuskulatur,secondary,3,3,3,Rumpf
EX001206,BOSU-Liegestütz,SERRATUS,Sägemuskel,secondary,2,4,2,Oberkörper
EX001207,Dead-Stop-Liegestütz,CHEST,Brustmuskulatur,primary,5,1,4,Oberkörper
EX001207,Dead-Stop-Liegestütz,TRICEPS,Trizeps,secondary,3,1,3,Oberkörper
EX001207,Dead-Stop-Liegestütz,FRONT_DELTS,Vordere Schulter,secondary,3,2,2,Oberkörper
EX001207,Dead-Stop-Liegestütz,ABS,Gerade Bauchmuskulatur,secondary,3,3,3,Rumpf
EX001207,Dead-Stop-Liegestütz,SERRATUS,Sägemuskel,secondary,2,4,2,Oberkörper
EX001208,Diamant-Liegestütz,TRICEPS,Trizeps,primary,5,1,3,Oberkörper
EX001208,Diamant-Liegestütz,CHEST,Brustmuskulatur,secondary,3,1,4,Oberkörper
EX001208,Diamant-Liegestütz,FRONT_DELTS,Vordere Schulter,secondary,3,2,2,Oberkörper
EX001208,Diamant-Liegestütz,ABS,Gerade Bauchmuskulatur,secondary,3,3,3,Rumpf
EX001208,Diamant-Liegestütz,SERRATUS,Sägemuskel,secondary,2,4,2,Oberkörper
EX001209,Einarmig betonter Liegestütz,CHEST,Brustmuskulatur,primary,5,1,4,Oberkörper
EX001209,Einarmig betonter Liegestütz,TRICEPS,Trizeps,secondary,3,1,3,Oberkörper
EX001209,Einarmig betonter Liegestütz,FRONT_DELTS,Vordere Schulter,secondary,3,2,2,Oberkörper
EX001209,Einarmig betonter Liegestütz,ABS,Gerade Bauchmuskulatur,secondary,3,3,3,Rumpf
EX001209,Einarmig betonter Liegestütz,SERRATUS,Sägemuskel,secondary,2,4,2,Oberkörper
EX001210,Einarmiger Liegestütz,CHEST,Brustmuskulatur,primary,5,1,4,Oberkörper
EX001210,Einarmiger Liegestütz,TRICEPS,Trizeps,secondary,3,1,3,Oberkörper
EX001210,Einarmiger Liegestütz,FRONT_DELTS,Vordere Schulter,secondary,3,2,2,Oberkörper
EX001210,Einarmiger Liegestütz,ABS,Gerade Bauchmuskulatur,secondary,3,3,3,Rumpf
EX001210,Einarmiger Liegestütz,SERRATUS,Sägemuskel,secondary,2,4,2,Oberkörper
EX001211,Erhöhter Liegestütz,CHEST,Brustmuskulatur,primary,5,1,4,Oberkörper
EX001211,Erhöhter Liegestütz,TRICEPS,Trizeps,secondary,3,1,3,Oberkörper
EX001211,Erhöhter Liegestütz,FRONT_DELTS,Vordere Schulter,secondary,3,2,2,Oberkörper
EX001211,Erhöhter Liegestütz,ABS,Gerade Bauchmuskulatur,secondary,3,3,3,Rumpf
EX001211,Erhöhter Liegestütz,SERRATUS,Sägemuskel,secondary,2,4,2,Oberkörper
EX001212,Hand-Release-Liegestütz,CHEST,Brustmuskulatur,primary,5,1,4,Oberkörper
EX001212,Hand-Release-Liegestütz,TRICEPS,Trizeps,secondary,3,1,3,Oberkörper
EX001212,Hand-Release-Liegestütz,FRONT_DELTS,Vordere Schulter,secondary,3,2,2,Oberkörper
EX001212,Hand-Release-Liegestütz,ABS,Gerade Bauchmuskulatur,secondary,3,3,3,Rumpf
EX001212,Hand-Release-Liegestütz,SERRATUS,Sägemuskel,secondary,2,4,2,Oberkörper
EX001213,Liegestütz,CHEST,Brustmuskulatur,primary,5,1,4,Oberkörper
EX001213,Liegestütz,TRICEPS,Trizeps,secondary,3,1,3,Oberkörper
EX001213,Liegestütz,FRONT_DELTS,Vordere Schulter,secondary,3,2,2,Oberkörper
EX001213,Liegestütz,ABS,Gerade Bauchmuskulatur,secondary,3,3,3,Rumpf
EX001213,Liegestütz,SERRATUS,Sägemuskel,secondary,2,4,2,Oberkörper
EX001214,Liegestütz am Schlingentrainer,CHEST,Brustmuskulatur,primary,5,1,4,Oberkörper
EX001214,Liegestütz am Schlingentrainer,TRICEPS,Trizeps,secondary,3,1,3,Oberkörper
EX001214,Liegestütz am Schlingentrainer,FRONT_DELTS,Vordere Schulter,secondary,3,2,2,Oberkörper
EX001214,Liegestütz am Schlingentrainer,ABS,Gerade Bauchmuskulatur,secondary,3,3,3,Rumpf
EX001214,Liegestütz am Schlingentrainer,SERRATUS,Sägemuskel,secondary,2,4,2,Oberkörper
EX001215,Liegestütz an Turnringen,CHEST,Brustmuskulatur,primary,5,1,4,Oberkörper
EX001215,Liegestütz an Turnringen,TRICEPS,Trizeps,secondary,3,1,3,Oberkörper
EX001215,Liegestütz an Turnringen,FRONT_DELTS,Vordere Schulter,secondary,3,2,2,Oberkörper
EX001215,Liegestütz an Turnringen,ABS,Gerade Bauchmuskulatur,secondary,3,3,3,Rumpf
EX001215,Liegestütz an Turnringen,SERRATUS,Sägemuskel,secondary,2,4,2,Oberkörper
EX001216,Liegestütz auf den Knien,CHEST,Brustmuskulatur,primary,5,1,4,Oberkörper
EX001216,Liegestütz auf den Knien,TRICEPS,Trizeps,secondary,3,1,3,Oberkörper
EX001216,Liegestütz auf den Knien,FRONT_DELTS,Vordere Schulter,secondary,3,2,2,Oberkörper
EX001216,Liegestütz auf den Knien,ABS,Gerade Bauchmuskulatur,secondary,3,3,3,Rumpf
EX001216,Liegestütz auf den Knien,SERRATUS,Sägemuskel,secondary,2,4,2,Oberkörper
EX001217,Liegestütz auf Medizinbällen,CHEST,Brustmuskulatur,primary,5,1,4,Oberkörper
EX001217,Liegestütz auf Medizinbällen,TRICEPS,Trizeps,secondary,3,1,3,Oberkörper
EX001217,Liegestütz auf Medizinbällen,FRONT_DELTS,Vordere Schulter,secondary,3,2,2,Oberkörper
EX001217,Liegestütz auf Medizinbällen,ABS,Gerade Bauchmuskulatur,secondary,3,3,3,Rumpf
EX001217,Liegestütz auf Medizinbällen,SERRATUS,Sägemuskel,secondary,2,4,2,Oberkörper
EX001218,Liegestütz auf Parallettes,CHEST,Brustmuskulatur,primary,5,1,4,Oberkörper
EX001218,Liegestütz auf Parallettes,TRICEPS,Trizeps,secondary,3,1,3,Oberkörper
EX001218,Liegestütz auf Parallettes,FRONT_DELTS,Vordere Schulter,secondary,3,2,2,Oberkörper
EX001218,Liegestütz auf Parallettes,ABS,Gerade Bauchmuskulatur,secondary,3,3,3,Rumpf
EX001218,Liegestütz auf Parallettes,SERRATUS,Sägemuskel,secondary,2,4,2,Oberkörper
EX001219,Liegestütz mit engem Griff,TRICEPS,Trizeps,primary,5,1,3,Oberkörper
EX001219,Liegestütz mit engem Griff,CHEST,Brustmuskulatur,secondary,3,1,4,Oberkörper
EX001219,Liegestütz mit engem Griff,FRONT_DELTS,Vordere Schulter,secondary,3,2,2,Oberkörper
EX001219,Liegestütz mit engem Griff,ABS,Gerade Bauchmuskulatur,secondary,3,3,3,Rumpf
EX001219,Liegestütz mit engem Griff,SERRATUS,Sägemuskel,secondary,2,4,2,Oberkörper
EX001220,Liegestütz mit Gewichtsweste,CHEST,Brustmuskulatur,primary,5,1,4,Oberkörper
EX001220,Liegestütz mit Gewichtsweste,TRICEPS,Trizeps,secondary,3,1,3,Oberkörper
EX001220,Liegestütz mit Gewichtsweste,FRONT_DELTS,Vordere Schulter,secondary,3,2,2,Oberkörper
EX001220,Liegestütz mit Gewichtsweste,ABS,Gerade Bauchmuskulatur,secondary,3,3,3,Rumpf
EX001220,Liegestütz mit Gewichtsweste,SERRATUS,Sägemuskel,secondary,2,4,2,Oberkörper
EX001221,Liegestütz mit Hantelscheibe,CHEST,Brustmuskulatur,primary,5,1,4,Oberkörper
EX001221,Liegestütz mit Hantelscheibe,TRICEPS,Trizeps,secondary,3,1,3,Oberkörper
EX001221,Liegestütz mit Hantelscheibe,FRONT_DELTS,Vordere Schulter,secondary,3,2,2,Oberkörper
EX001221,Liegestütz mit Hantelscheibe,ABS,Gerade Bauchmuskulatur,secondary,3,3,3,Rumpf
EX001221,Liegestütz mit Hantelscheibe,SERRATUS,Sägemuskel,secondary,2,4,2,Oberkörper
EX001222,Liegestütz mit Rotation,CHEST,Brustmuskulatur,primary,5,1,4,Oberkörper
EX001222,Liegestütz mit Rotation,TRICEPS,Trizeps,secondary,3,1,3,Oberkörper
EX001222,Liegestütz mit Rotation,FRONT_DELTS,Vordere Schulter,secondary,3,2,2,Oberkörper
EX001222,Liegestütz mit Rotation,ABS,Gerade Bauchmuskulatur,secondary,3,3,3,Rumpf
EX001222,Liegestütz mit Rotation,SERRATUS,Sägemuskel,secondary,2,4,2,Oberkörper
EX001223,Liegestütz mit Schultertippen,CHEST,Brustmuskulatur,primary,5,1,4,Oberkörper
EX001223,Liegestütz mit Schultertippen,TRICEPS,Trizeps,secondary,3,1,3,Oberkörper
EX001223,Liegestütz mit Schultertippen,FRONT_DELTS,Vordere Schulter,secondary,3,2,2,Oberkörper
EX001223,Liegestütz mit Schultertippen,ABS,Gerade Bauchmuskulatur,secondary,3,3,3,Rumpf
EX001223,Liegestütz mit Schultertippen,SERRATUS,Sägemuskel,secondary,2,4,2,Oberkörper
EX001224,Liegestütz mit weitem Griff,CHEST,Brustmuskulatur,primary,5,1,4,Oberkörper
EX001224,Liegestütz mit weitem Griff,TRICEPS,Trizeps,secondary,3,1,3,Oberkörper
EX001224,Liegestütz mit weitem Griff,FRONT_DELTS,Vordere Schulter,secondary,3,2,2,Oberkörper
EX001224,Liegestütz mit weitem Griff,ABS,Gerade Bauchmuskulatur,secondary,3,3,3,Rumpf
EX001224,Liegestütz mit weitem Griff,SERRATUS,Sägemuskel,secondary,2,4,2,Oberkörper
EX001225,Liegestütz mit Widerstandsband,CHEST,Brustmuskulatur,primary,5,1,4,Oberkörper
EX001225,Liegestütz mit Widerstandsband,TRICEPS,Trizeps,secondary,3,1,3,Oberkörper
EX001225,Liegestütz mit Widerstandsband,FRONT_DELTS,Vordere Schulter,secondary,3,2,2,Oberkörper
EX001225,Liegestütz mit Widerstandsband,ABS,Gerade Bauchmuskulatur,secondary,3,3,3,Rumpf
EX001225,Liegestütz mit Widerstandsband,SERRATUS,Sägemuskel,secondary,2,4,2,Oberkörper
EX001226,Negativ-Liegestütz mit erhöhten Füssen,CHEST,Brustmuskulatur,primary,5,1,4,Oberkörper
EX001226,Negativ-Liegestütz mit erhöhten Füssen,TRICEPS,Trizeps,secondary,3,1,3,Oberkörper
EX001226,Negativ-Liegestütz mit erhöhten Füssen,FRONT_DELTS,Vordere Schulter,secondary,3,2,2,Oberkörper
EX001226,Negativ-Liegestütz mit erhöhten Füssen,ABS,Gerade Bauchmuskulatur,secondary,3,3,3,Rumpf
EX001226,Negativ-Liegestütz mit erhöhten Füssen,SERRATUS,Sägemuskel,secondary,2,4,2,Oberkörper
EX001227,Pausen-Liegestütz,CHEST,Brustmuskulatur,primary,5,1,4,Oberkörper
EX001227,Pausen-Liegestütz,TRICEPS,Trizeps,secondary,3,1,3,Oberkörper
EX001227,Pausen-Liegestütz,FRONT_DELTS,Vordere Schulter,secondary,3,2,2,Oberkörper
EX001227,Pausen-Liegestütz,ABS,Gerade Bauchmuskulatur,secondary,3,3,3,Rumpf
EX001227,Pausen-Liegestütz,SERRATUS,Sägemuskel,secondary,2,4,2,Oberkörper
EX001228,Planche-Lean-Liegestütz,FRONT_DELTS,Vordere Schulter,primary,5,1,2,Oberkörper
EX001228,Planche-Lean-Liegestütz,CHEST,Brustmuskulatur,secondary,3,1,4,Oberkörper
EX001228,Planche-Lean-Liegestütz,TRICEPS,Trizeps,secondary,3,2,3,Oberkörper
EX001228,Planche-Lean-Liegestütz,ABS,Gerade Bauchmuskulatur,secondary,3,3,3,Rumpf
EX001228,Planche-Lean-Liegestütz,SERRATUS,Sägemuskel,secondary,2,4,2,Oberkörper
EX001229,Pseudo-Planche-Liegestütz,FRONT_DELTS,Vordere Schulter,primary,5,1,2,Oberkörper
EX001229,Pseudo-Planche-Liegestütz,CHEST,Brustmuskulatur,secondary,3,1,4,Oberkörper
EX001229,Pseudo-Planche-Liegestütz,TRICEPS,Trizeps,secondary,3,2,3,Oberkörper
EX001229,Pseudo-Planche-Liegestütz,ABS,Gerade Bauchmuskulatur,secondary,3,3,3,Rumpf
EX001229,Pseudo-Planche-Liegestütz,SERRATUS,Sägemuskel,secondary,2,4,2,Oberkörper
EX001230,Ring-Liegestütz mit Turn-out,CHEST,Brustmuskulatur,primary,5,1,4,Oberkörper
EX001230,Ring-Liegestütz mit Turn-out,TRICEPS,Trizeps,secondary,3,1,3,Oberkörper
EX001230,Ring-Liegestütz mit Turn-out,FRONT_DELTS,Vordere Schulter,secondary,3,2,2,Oberkörper
EX001230,Ring-Liegestütz mit Turn-out,ABS,Gerade Bauchmuskulatur,secondary,3,3,3,Rumpf
EX001230,Ring-Liegestütz mit Turn-out,SERRATUS,Sägemuskel,secondary,2,4,2,Oberkörper
EX001231,Spiderman-Liegestütz,CHEST,Brustmuskulatur,primary,5,1,4,Oberkörper
EX001231,Spiderman-Liegestütz,TRICEPS,Trizeps,secondary,3,1,3,Oberkörper
EX001231,Spiderman-Liegestütz,FRONT_DELTS,Vordere Schulter,secondary,3,2,2,Oberkörper
EX001231,Spiderman-Liegestütz,ABS,Gerade Bauchmuskulatur,secondary,3,3,3,Rumpf
EX001231,Spiderman-Liegestütz,SERRATUS,Sägemuskel,secondary,2,4,2,Oberkörper
EX001232,Tempo-Liegestütz,CHEST,Brustmuskulatur,primary,5,1,4,Oberkörper
EX001232,Tempo-Liegestütz,TRICEPS,Trizeps,secondary,3,1,3,Oberkörper
EX001232,Tempo-Liegestütz,FRONT_DELTS,Vordere Schulter,secondary,3,2,2,Oberkörper
EX001232,Tempo-Liegestütz,ABS,Gerade Bauchmuskulatur,secondary,3,3,3,Rumpf
EX001232,Tempo-Liegestütz,SERRATUS,Sägemuskel,secondary,2,4,2,Oberkörper
EX001233,Einarmiges Reverse Fly am Kabelzug,REAR_DELTS,Hintere Schulter,primary,5,1,2,Oberkörper
EX001233,Einarmiges Reverse Fly am Kabelzug,RHOMBOIDS,Rhomboiden und mittlerer Rücken,secondary,3,1,2,Oberkörper
EX001233,Einarmiges Reverse Fly am Kabelzug,TRAPS,Trapezmuskel,secondary,3,2,3,Oberkörper
EX001233,Einarmiges Reverse Fly am Kabelzug,ROTATOR_CUFF,Rotatorenmanschette,secondary,3,3,1,Oberkörper
EX001234,Einarmiges Reverse Fly mit Kurzhantel,REAR_DELTS,Hintere Schulter,primary,5,1,2,Oberkörper
EX001234,Einarmiges Reverse Fly mit Kurzhantel,RHOMBOIDS,Rhomboiden und mittlerer Rücken,secondary,3,1,2,Oberkörper
EX001234,Einarmiges Reverse Fly mit Kurzhantel,TRAPS,Trapezmuskel,secondary,3,2,3,Oberkörper
EX001234,Einarmiges Reverse Fly mit Kurzhantel,ROTATOR_CUFF,Rotatorenmanschette,secondary,3,3,1,Oberkörper
EX001235,Reverse Fly am Kabelzug,REAR_DELTS,Hintere Schulter,primary,5,1,2,Oberkörper
EX001235,Reverse Fly am Kabelzug,RHOMBOIDS,Rhomboiden und mittlerer Rücken,secondary,3,1,2,Oberkörper
EX001235,Reverse Fly am Kabelzug,TRAPS,Trapezmuskel,secondary,3,2,3,Oberkörper
EX001235,Reverse Fly am Kabelzug,ROTATOR_CUFF,Rotatorenmanschette,secondary,3,3,1,Oberkörper
EX001236,Reverse Fly an der Maschine,REAR_DELTS,Hintere Schulter,primary,5,1,2,Oberkörper
EX001236,Reverse Fly an der Maschine,RHOMBOIDS,Rhomboiden und mittlerer Rücken,secondary,3,1,2,Oberkörper
EX001236,Reverse Fly an der Maschine,TRAPS,Trapezmuskel,secondary,3,2,3,Oberkörper
EX001236,Reverse Fly an der Maschine,ROTATOR_CUFF,Rotatorenmanschette,secondary,3,3,1,Oberkörper
EX001237,Reverse Fly mit Kurzhanteln auf der Schrägbank,REAR_DELTS,Hintere Schulter,primary,5,1,2,Oberkörper
EX001237,Reverse Fly mit Kurzhanteln auf der Schrägbank,RHOMBOIDS,Rhomboiden und mittlerer Rücken,secondary,3,1,2,Oberkörper
EX001237,Reverse Fly mit Kurzhanteln auf der Schrägbank,TRAPS,Trapezmuskel,secondary,3,2,3,Oberkörper
EX001237,Reverse Fly mit Kurzhanteln auf der Schrägbank,ROTATOR_CUFF,Rotatorenmanschette,secondary,3,3,1,Oberkörper
EX001238,Reverse Fly mit Widerstandsband,REAR_DELTS,Hintere Schulter,primary,5,1,2,Oberkörper
EX001238,Reverse Fly mit Widerstandsband,RHOMBOIDS,Rhomboiden und mittlerer Rücken,secondary,3,1,2,Oberkörper
EX001238,Reverse Fly mit Widerstandsband,TRAPS,Trapezmuskel,secondary,3,2,3,Oberkörper
EX001238,Reverse Fly mit Widerstandsband,ROTATOR_CUFF,Rotatorenmanschette,secondary,3,3,1,Oberkörper
EX001239,T-Raise am Schlingentrainer,REAR_DELTS,Hintere Schulter,primary,5,1,2,Oberkörper
EX001239,T-Raise am Schlingentrainer,RHOMBOIDS,Rhomboiden und mittlerer Rücken,secondary,3,1,2,Oberkörper
EX001239,T-Raise am Schlingentrainer,TRAPS,Trapezmuskel,secondary,3,2,3,Oberkörper
EX001239,T-Raise am Schlingentrainer,ROTATOR_CUFF,Rotatorenmanschette,secondary,3,3,1,Oberkörper
EX001240,Vorgebeugtes Reverse Fly mit Kurzhanteln,REAR_DELTS,Hintere Schulter,primary,5,1,2,Oberkörper
EX001240,Vorgebeugtes Reverse Fly mit Kurzhanteln,RHOMBOIDS,Rhomboiden und mittlerer Rücken,secondary,3,1,2,Oberkörper
EX001240,Vorgebeugtes Reverse Fly mit Kurzhanteln,TRAPS,Trapezmuskel,secondary,3,2,3,Oberkörper
EX001240,Vorgebeugtes Reverse Fly mit Kurzhanteln,ROTATOR_CUFF,Rotatorenmanschette,secondary,3,3,1,Oberkörper
EX001241,W-Raise am Schlingentrainer,REAR_DELTS,Hintere Schulter,primary,5,1,2,Oberkörper
EX001241,W-Raise am Schlingentrainer,RHOMBOIDS,Rhomboiden und mittlerer Rücken,secondary,3,1,2,Oberkörper
EX001241,W-Raise am Schlingentrainer,TRAPS,Trapezmuskel,secondary,3,2,3,Oberkörper
EX001241,W-Raise am Schlingentrainer,ROTATOR_CUFF,Rotatorenmanschette,secondary,3,3,1,Oberkörper
EX001242,Einarmiges Schulterheben am Kabelzug,TRAPS,Trapezmuskel,primary,5,1,3,Oberkörper
EX001242,Einarmiges Schulterheben am Kabelzug,RHOMBOIDS,Rhomboiden und mittlerer Rücken,secondary,3,1,2,Oberkörper
EX001242,Einarmiges Schulterheben am Kabelzug,REAR_DELTS,Hintere Schulter,secondary,3,2,2,Oberkörper
EX001242,Einarmiges Schulterheben am Kabelzug,FOREARMS,Unterarmmuskulatur,secondary,3,3,2,Oberkörper
EX001243,Einarmiges Schulterheben mit Kurzhantel,TRAPS,Trapezmuskel,primary,5,1,3,Oberkörper
EX001243,Einarmiges Schulterheben mit Kurzhantel,RHOMBOIDS,Rhomboiden und mittlerer Rücken,secondary,3,1,2,Oberkörper
EX001243,Einarmiges Schulterheben mit Kurzhantel,REAR_DELTS,Hintere Schulter,secondary,3,2,2,Oberkörper
EX001243,Einarmiges Schulterheben mit Kurzhantel,FOREARMS,Unterarmmuskulatur,secondary,3,3,2,Oberkörper
EX001244,Kelso Shrug am Kabelzug,TRAPS,Trapezmuskel,primary,5,1,3,Oberkörper
EX001244,Kelso Shrug am Kabelzug,RHOMBOIDS,Rhomboiden und mittlerer Rücken,secondary,3,1,2,Oberkörper
EX001244,Kelso Shrug am Kabelzug,REAR_DELTS,Hintere Schulter,secondary,3,2,2,Oberkörper
EX001244,Kelso Shrug am Kabelzug,FOREARMS,Unterarmmuskulatur,secondary,3,3,2,Oberkörper
EX001245,Kelso Shrug mit Kurzhanteln,TRAPS,Trapezmuskel,primary,5,1,3,Oberkörper
EX001245,Kelso Shrug mit Kurzhanteln,RHOMBOIDS,Rhomboiden und mittlerer Rücken,secondary,3,1,2,Oberkörper
EX001245,Kelso Shrug mit Kurzhanteln,REAR_DELTS,Hintere Schulter,secondary,3,2,2,Oberkörper
EX001245,Kelso Shrug mit Kurzhanteln,FOREARMS,Unterarmmuskulatur,secondary,3,3,2,Oberkörper
EX001246,Kelso Shrug mit Langhantel,TRAPS,Trapezmuskel,primary,5,1,3,Oberkörper
EX001246,Kelso Shrug mit Langhantel,RHOMBOIDS,Rhomboiden und mittlerer Rücken,secondary,3,1,2,Oberkörper
EX001246,Kelso Shrug mit Langhantel,REAR_DELTS,Hintere Schulter,secondary,3,2,2,Oberkörper
EX001246,Kelso Shrug mit Langhantel,FOREARMS,Unterarmmuskulatur,secondary,3,3,2,Oberkörper
EX001247,Prone Shrug auf der Schrägbank,TRAPS,Trapezmuskel,primary,5,1,3,Oberkörper
EX001247,Prone Shrug auf der Schrägbank,RHOMBOIDS,Rhomboiden und mittlerer Rücken,secondary,3,1,2,Oberkörper
EX001247,Prone Shrug auf der Schrägbank,REAR_DELTS,Hintere Schulter,secondary,3,2,2,Oberkörper
EX001247,Prone Shrug auf der Schrägbank,FOREARMS,Unterarmmuskulatur,secondary,3,3,2,Oberkörper
EX001248,Scapula-Chin-up,TRAPS,Trapezmuskel,primary,5,1,3,Oberkörper
EX001248,Scapula-Chin-up,RHOMBOIDS,Rhomboiden und mittlerer Rücken,secondary,3,1,2,Oberkörper
EX001248,Scapula-Chin-up,REAR_DELTS,Hintere Schulter,secondary,3,2,2,Oberkörper
EX001248,Scapula-Chin-up,FOREARMS,Unterarmmuskulatur,secondary,3,3,2,Oberkörper
EX001248,Scapula-Chin-up,LATS,Latissimus,secondary,2,4,4,Oberkörper
EX001248,Scapula-Chin-up,BICEPS,Bizeps,secondary,2,5,2,Oberkörper
EX001249,Scapula-Klimmzug,TRAPS,Trapezmuskel,primary,5,1,3,Oberkörper
EX001249,Scapula-Klimmzug,RHOMBOIDS,Rhomboiden und mittlerer Rücken,secondary,3,1,2,Oberkörper
EX001249,Scapula-Klimmzug,REAR_DELTS,Hintere Schulter,secondary,3,2,2,Oberkörper
EX001249,Scapula-Klimmzug,FOREARMS,Unterarmmuskulatur,secondary,3,3,2,Oberkörper
EX001249,Scapula-Klimmzug,LATS,Latissimus,secondary,2,4,4,Oberkörper
EX001249,Scapula-Klimmzug,BICEPS,Bizeps,secondary,2,5,2,Oberkörper
EX001250,Scapula-Klimmzug an Ringen,TRAPS,Trapezmuskel,primary,5,1,3,Oberkörper
EX001250,Scapula-Klimmzug an Ringen,RHOMBOIDS,Rhomboiden und mittlerer Rücken,secondary,3,1,2,Oberkörper
EX001250,Scapula-Klimmzug an Ringen,REAR_DELTS,Hintere Schulter,secondary,3,2,2,Oberkörper
EX001250,Scapula-Klimmzug an Ringen,FOREARMS,Unterarmmuskulatur,secondary,3,3,2,Oberkörper
EX001250,Scapula-Klimmzug an Ringen,LATS,Latissimus,secondary,2,4,4,Oberkörper
EX001250,Scapula-Klimmzug an Ringen,BICEPS,Bizeps,secondary,2,5,2,Oberkörper
EX001251,Scapula-Latzug,TRAPS,Trapezmuskel,primary,5,1,3,Oberkörper
EX001251,Scapula-Latzug,RHOMBOIDS,Rhomboiden und mittlerer Rücken,secondary,3,1,2,Oberkörper
EX001251,Scapula-Latzug,REAR_DELTS,Hintere Schulter,secondary,3,2,2,Oberkörper
EX001251,Scapula-Latzug,FOREARMS,Unterarmmuskulatur,secondary,3,3,2,Oberkörper
EX001252,Scapula-Rudern am Kabel,TRAPS,Trapezmuskel,primary,5,1,3,Oberkörper
EX001252,Scapula-Rudern am Kabel,RHOMBOIDS,Rhomboiden und mittlerer Rücken,secondary,3,1,2,Oberkörper
EX001252,Scapula-Rudern am Kabel,REAR_DELTS,Hintere Schulter,secondary,3,2,2,Oberkörper
EX001252,Scapula-Rudern am Kabel,FOREARMS,Unterarmmuskulatur,secondary,3,3,2,Oberkörper
EX001253,Scapula-Rudern am Schlingentrainer,TRAPS,Trapezmuskel,primary,5,1,3,Oberkörper
EX001253,Scapula-Rudern am Schlingentrainer,RHOMBOIDS,Rhomboiden und mittlerer Rücken,secondary,3,1,2,Oberkörper
EX001253,Scapula-Rudern am Schlingentrainer,REAR_DELTS,Hintere Schulter,secondary,3,2,2,Oberkörper
EX001253,Scapula-Rudern am Schlingentrainer,FOREARMS,Unterarmmuskulatur,secondary,3,3,2,Oberkörper
EX001254,Schräges Schulterheben auf der Bank,TRAPS,Trapezmuskel,primary,5,1,3,Oberkörper
EX001254,Schräges Schulterheben auf der Bank,RHOMBOIDS,Rhomboiden und mittlerer Rücken,secondary,3,1,2,Oberkörper
EX001254,Schräges Schulterheben auf der Bank,REAR_DELTS,Hintere Schulter,secondary,3,2,2,Oberkörper
EX001254,Schräges Schulterheben auf der Bank,FOREARMS,Unterarmmuskulatur,secondary,3,3,2,Oberkörper
EX001255,Schulterheben am Kabelzug,TRAPS,Trapezmuskel,primary,5,1,3,Oberkörper
EX001255,Schulterheben am Kabelzug,RHOMBOIDS,Rhomboiden und mittlerer Rücken,secondary,3,1,2,Oberkörper
EX001255,Schulterheben am Kabelzug,REAR_DELTS,Hintere Schulter,secondary,3,2,2,Oberkörper
EX001255,Schulterheben am Kabelzug,FOREARMS,Unterarmmuskulatur,secondary,3,3,2,Oberkörper
EX001256,Schulterheben an der Smith-Maschine,TRAPS,Trapezmuskel,primary,5,1,3,Oberkörper
EX001256,Schulterheben an der Smith-Maschine,RHOMBOIDS,Rhomboiden und mittlerer Rücken,secondary,3,1,2,Oberkörper
EX001256,Schulterheben an der Smith-Maschine,REAR_DELTS,Hintere Schulter,secondary,3,2,2,Oberkörper
EX001256,Schulterheben an der Smith-Maschine,FOREARMS,Unterarmmuskulatur,secondary,3,3,2,Oberkörper
EX001257,Schulterheben an der Wadenmaschine,TRAPS,Trapezmuskel,primary,5,1,3,Oberkörper
EX001257,Schulterheben an der Wadenmaschine,RHOMBOIDS,Rhomboiden und mittlerer Rücken,secondary,3,1,2,Oberkörper
EX001257,Schulterheben an der Wadenmaschine,REAR_DELTS,Hintere Schulter,secondary,3,2,2,Oberkörper
EX001257,Schulterheben an der Wadenmaschine,FOREARMS,Unterarmmuskulatur,secondary,3,3,2,Oberkörper
EX001258,Schulterheben mit Kettlebells,TRAPS,Trapezmuskel,primary,5,1,3,Oberkörper
EX001258,Schulterheben mit Kettlebells,RHOMBOIDS,Rhomboiden und mittlerer Rücken,secondary,3,1,2,Oberkörper
EX001258,Schulterheben mit Kettlebells,REAR_DELTS,Hintere Schulter,secondary,3,2,2,Oberkörper
EX001258,Schulterheben mit Kettlebells,FOREARMS,Unterarmmuskulatur,secondary,3,3,2,Oberkörper
EX001259,Schulterheben mit Kurzhanteln,TRAPS,Trapezmuskel,primary,5,1,3,Oberkörper
EX001259,Schulterheben mit Kurzhanteln,RHOMBOIDS,Rhomboiden und mittlerer Rücken,secondary,3,1,2,Oberkörper
EX001259,Schulterheben mit Kurzhanteln,REAR_DELTS,Hintere Schulter,secondary,3,2,2,Oberkörper
EX001259,Schulterheben mit Kurzhanteln,FOREARMS,Unterarmmuskulatur,secondary,3,3,2,Oberkörper
EX001260,Schulterheben mit Kurzhanteln im Sitzen,TRAPS,Trapezmuskel,primary,5,1,3,Oberkörper
EX001260,Schulterheben mit Kurzhanteln im Sitzen,RHOMBOIDS,Rhomboiden und mittlerer Rücken,secondary,3,1,2,Oberkörper
EX001260,Schulterheben mit Kurzhanteln im Sitzen,REAR_DELTS,Hintere Schulter,secondary,3,2,2,Oberkörper
EX001260,Schulterheben mit Kurzhanteln im Sitzen,FOREARMS,Unterarmmuskulatur,secondary,3,3,2,Oberkörper
EX001261,Schulterheben mit Langhantel hinter dem Körper,TRAPS,Trapezmuskel,primary,5,1,3,Oberkörper
EX001261,Schulterheben mit Langhantel hinter dem Körper,RHOMBOIDS,Rhomboiden und mittlerer Rücken,secondary,3,1,2,Oberkörper
EX001261,Schulterheben mit Langhantel hinter dem Körper,REAR_DELTS,Hintere Schulter,secondary,3,2,2,Oberkörper
EX001261,Schulterheben mit Langhantel hinter dem Körper,FOREARMS,Unterarmmuskulatur,secondary,3,3,2,Oberkörper
EX001262,Schulterheben mit Langhantel vor dem Körper,TRAPS,Trapezmuskel,primary,5,1,3,Oberkörper
EX001262,Schulterheben mit Langhantel vor dem Körper,RHOMBOIDS,Rhomboiden und mittlerer Rücken,secondary,3,1,2,Oberkörper
EX001262,Schulterheben mit Langhantel vor dem Körper,REAR_DELTS,Hintere Schulter,secondary,3,2,2,Oberkörper
EX001262,Schulterheben mit Langhantel vor dem Körper,FOREARMS,Unterarmmuskulatur,secondary,3,3,2,Oberkörper
EX001263,Schulterheben mit Trap Bar,TRAPS,Trapezmuskel,primary,5,1,3,Oberkörper
EX001263,Schulterheben mit Trap Bar,RHOMBOIDS,Rhomboiden und mittlerer Rücken,secondary,3,1,2,Oberkörper
EX001263,Schulterheben mit Trap Bar,REAR_DELTS,Hintere Schulter,secondary,3,2,2,Oberkörper
EX001263,Schulterheben mit Trap Bar,FOREARMS,Unterarmmuskulatur,secondary,3,3,2,Oberkörper
EX001264,Schulterheben mit Widerstandsband,TRAPS,Trapezmuskel,primary,5,1,3,Oberkörper
EX001264,Schulterheben mit Widerstandsband,RHOMBOIDS,Rhomboiden und mittlerer Rücken,secondary,3,1,2,Oberkörper
EX001264,Schulterheben mit Widerstandsband,REAR_DELTS,Hintere Schulter,secondary,3,2,2,Oberkörper
EX001264,Schulterheben mit Widerstandsband,FOREARMS,Unterarmmuskulatur,secondary,3,3,2,Oberkörper
EX001265,Überkopf-Schulterheben am Kabelzug,TRAPS,Trapezmuskel,primary,5,1,3,Oberkörper
EX001265,Überkopf-Schulterheben am Kabelzug,RHOMBOIDS,Rhomboiden und mittlerer Rücken,secondary,3,1,2,Oberkörper
EX001265,Überkopf-Schulterheben am Kabelzug,REAR_DELTS,Hintere Schulter,secondary,3,2,2,Oberkörper
EX001265,Überkopf-Schulterheben am Kabelzug,FOREARMS,Unterarmmuskulatur,secondary,3,3,2,Oberkörper
EX001266,Überkopf-Schulterheben mit Kurzhanteln,TRAPS,Trapezmuskel,primary,5,1,3,Oberkörper
EX001266,Überkopf-Schulterheben mit Kurzhanteln,RHOMBOIDS,Rhomboiden und mittlerer Rücken,secondary,3,1,2,Oberkörper
EX001266,Überkopf-Schulterheben mit Kurzhanteln,REAR_DELTS,Hintere Schulter,secondary,3,2,2,Oberkörper
EX001266,Überkopf-Schulterheben mit Kurzhanteln,FOREARMS,Unterarmmuskulatur,secondary,3,3,2,Oberkörper
EX001267,Überkopf-Schulterheben mit Langhantel,TRAPS,Trapezmuskel,primary,5,1,3,Oberkörper
EX001267,Überkopf-Schulterheben mit Langhantel,RHOMBOIDS,Rhomboiden und mittlerer Rücken,secondary,3,1,2,Oberkörper
EX001267,Überkopf-Schulterheben mit Langhantel,REAR_DELTS,Hintere Schulter,secondary,3,2,2,Oberkörper
EX001267,Überkopf-Schulterheben mit Langhantel,FOREARMS,Unterarmmuskulatur,secondary,3,3,2,Oberkörper
EX001268,B-Stance rumänisches Kreuzheben mit Kurzhanteln,HAMSTRINGS,Hintere Oberschenkelmuskulatur,primary,5,1,4,Unterkörper
EX001268,B-Stance rumänisches Kreuzheben mit Kurzhanteln,GLUTES,Gesässmuskulatur,secondary,3,1,5,Unterkörper
EX001268,B-Stance rumänisches Kreuzheben mit Kurzhanteln,ERECTORS,Rückenstrecker,secondary,3,2,4,Rumpf
EX001268,B-Stance rumänisches Kreuzheben mit Kurzhanteln,ABDUCTORS,Hüftabduktoren,secondary,3,3,3,Unterkörper
EX001268,B-Stance rumänisches Kreuzheben mit Kurzhanteln,ABS,Gerade Bauchmuskulatur,secondary,2,4,3,Rumpf
EX001269,B-Stance rumänisches Kreuzheben mit Langhantel,HAMSTRINGS,Hintere Oberschenkelmuskulatur,primary,5,1,4,Unterkörper
EX001269,B-Stance rumänisches Kreuzheben mit Langhantel,GLUTES,Gesässmuskulatur,secondary,3,1,5,Unterkörper
EX001269,B-Stance rumänisches Kreuzheben mit Langhantel,ERECTORS,Rückenstrecker,secondary,3,2,4,Rumpf
EX001269,B-Stance rumänisches Kreuzheben mit Langhantel,ABDUCTORS,Hüftabduktoren,secondary,3,3,3,Unterkörper
EX001269,B-Stance rumänisches Kreuzheben mit Langhantel,ABS,Gerade Bauchmuskulatur,secondary,2,4,3,Rumpf
EX001270,Einbeiniges rumänisches Kreuzheben am Kabelzug,HAMSTRINGS,Hintere Oberschenkelmuskulatur,primary,5,1,4,Unterkörper
EX001270,Einbeiniges rumänisches Kreuzheben am Kabelzug,GLUTES,Gesässmuskulatur,secondary,3,1,5,Unterkörper
EX001270,Einbeiniges rumänisches Kreuzheben am Kabelzug,ERECTORS,Rückenstrecker,secondary,3,2,4,Rumpf
EX001270,Einbeiniges rumänisches Kreuzheben am Kabelzug,ABDUCTORS,Hüftabduktoren,secondary,3,3,3,Unterkörper
EX001270,Einbeiniges rumänisches Kreuzheben am Kabelzug,ABS,Gerade Bauchmuskulatur,secondary,2,4,3,Rumpf
EX001271,Einbeiniges rumänisches Kreuzheben an der Landmine,HAMSTRINGS,Hintere Oberschenkelmuskulatur,primary,5,1,4,Unterkörper
EX001271,Einbeiniges rumänisches Kreuzheben an der Landmine,GLUTES,Gesässmuskulatur,secondary,3,1,5,Unterkörper
EX001271,Einbeiniges rumänisches Kreuzheben an der Landmine,ERECTORS,Rückenstrecker,secondary,3,2,4,Rumpf
EX001271,Einbeiniges rumänisches Kreuzheben an der Landmine,ABDUCTORS,Hüftabduktoren,secondary,3,3,3,Unterkörper
EX001271,Einbeiniges rumänisches Kreuzheben an der Landmine,ABS,Gerade Bauchmuskulatur,secondary,2,4,3,Rumpf
EX001272,"Einbeiniges rumänisches Kreuzheben mit einer Kurzhantel, ipsilateral",HAMSTRINGS,Hintere Oberschenkelmuskulatur,primary,5,1,4,Unterkörper
EX001272,"Einbeiniges rumänisches Kreuzheben mit einer Kurzhantel, ipsilateral",GLUTES,Gesässmuskulatur,secondary,3,1,5,Unterkörper
EX001272,"Einbeiniges rumänisches Kreuzheben mit einer Kurzhantel, ipsilateral",ERECTORS,Rückenstrecker,secondary,3,2,4,Rumpf
EX001272,"Einbeiniges rumänisches Kreuzheben mit einer Kurzhantel, ipsilateral",ABDUCTORS,Hüftabduktoren,secondary,3,3,3,Unterkörper
EX001272,"Einbeiniges rumänisches Kreuzheben mit einer Kurzhantel, ipsilateral",ABS,Gerade Bauchmuskulatur,secondary,2,4,3,Rumpf
EX001273,"Einbeiniges rumänisches Kreuzheben mit einer Kurzhantel, kontralateral",HAMSTRINGS,Hintere Oberschenkelmuskulatur,primary,5,1,4,Unterkörper
EX001273,"Einbeiniges rumänisches Kreuzheben mit einer Kurzhantel, kontralateral",GLUTES,Gesässmuskulatur,secondary,3,1,5,Unterkörper
EX001273,"Einbeiniges rumänisches Kreuzheben mit einer Kurzhantel, kontralateral",ERECTORS,Rückenstrecker,secondary,3,2,4,Rumpf
EX001273,"Einbeiniges rumänisches Kreuzheben mit einer Kurzhantel, kontralateral",ABDUCTORS,Hüftabduktoren,secondary,3,3,3,Unterkörper
EX001273,"Einbeiniges rumänisches Kreuzheben mit einer Kurzhantel, kontralateral",ABS,Gerade Bauchmuskulatur,secondary,2,4,3,Rumpf
EX001274,"Einbeiniges rumänisches Kreuzheben mit Kettlebell, ipsilateral",HAMSTRINGS,Hintere Oberschenkelmuskulatur,primary,5,1,4,Unterkörper
EX001274,"Einbeiniges rumänisches Kreuzheben mit Kettlebell, ipsilateral",GLUTES,Gesässmuskulatur,secondary,3,1,5,Unterkörper
EX001274,"Einbeiniges rumänisches Kreuzheben mit Kettlebell, ipsilateral",ERECTORS,Rückenstrecker,secondary,3,2,4,Rumpf
EX001274,"Einbeiniges rumänisches Kreuzheben mit Kettlebell, ipsilateral",ABDUCTORS,Hüftabduktoren,secondary,3,3,3,Unterkörper
EX001274,"Einbeiniges rumänisches Kreuzheben mit Kettlebell, ipsilateral",ABS,Gerade Bauchmuskulatur,secondary,2,4,3,Rumpf
EX001275,"Einbeiniges rumänisches Kreuzheben mit Kettlebell, kontralateral",HAMSTRINGS,Hintere Oberschenkelmuskulatur,primary,5,1,4,Unterkörper
EX001275,"Einbeiniges rumänisches Kreuzheben mit Kettlebell, kontralateral",GLUTES,Gesässmuskulatur,secondary,3,1,5,Unterkörper
EX001275,"Einbeiniges rumänisches Kreuzheben mit Kettlebell, kontralateral",ERECTORS,Rückenstrecker,secondary,3,2,4,Rumpf
EX001275,"Einbeiniges rumänisches Kreuzheben mit Kettlebell, kontralateral",ABDUCTORS,Hüftabduktoren,secondary,3,3,3,Unterkörper
EX001275,"Einbeiniges rumänisches Kreuzheben mit Kettlebell, kontralateral",ABS,Gerade Bauchmuskulatur,secondary,2,4,3,Rumpf
EX001276,Einbeiniges rumänisches Kreuzheben mit Körpergewicht,HAMSTRINGS,Hintere Oberschenkelmuskulatur,primary,5,1,4,Unterkörper
EX001276,Einbeiniges rumänisches Kreuzheben mit Körpergewicht,GLUTES,Gesässmuskulatur,secondary,3,1,5,Unterkörper
EX001276,Einbeiniges rumänisches Kreuzheben mit Körpergewicht,ERECTORS,Rückenstrecker,secondary,3,2,4,Rumpf
EX001276,Einbeiniges rumänisches Kreuzheben mit Körpergewicht,ABDUCTORS,Hüftabduktoren,secondary,3,3,3,Unterkörper
EX001276,Einbeiniges rumänisches Kreuzheben mit Körpergewicht,ABS,Gerade Bauchmuskulatur,secondary,2,4,3,Rumpf
EX001277,Einbeiniges rumänisches Kreuzheben mit Langhantel,HAMSTRINGS,Hintere Oberschenkelmuskulatur,primary,5,1,4,Unterkörper
EX001277,Einbeiniges rumänisches Kreuzheben mit Langhantel,GLUTES,Gesässmuskulatur,secondary,3,1,5,Unterkörper
EX001277,Einbeiniges rumänisches Kreuzheben mit Langhantel,ERECTORS,Rückenstrecker,secondary,3,2,4,Rumpf
EX001277,Einbeiniges rumänisches Kreuzheben mit Langhantel,ABDUCTORS,Hüftabduktoren,secondary,3,3,3,Unterkörper
EX001277,Einbeiniges rumänisches Kreuzheben mit Langhantel,ABS,Gerade Bauchmuskulatur,secondary,2,4,3,Rumpf
EX001278,Einbeiniges rumänisches Kreuzheben mit Unterstützung am Schlingentrainer,HAMSTRINGS,Hintere Oberschenkelmuskulatur,primary,5,1,4,Unterkörper
EX001278,Einbeiniges rumänisches Kreuzheben mit Unterstützung am Schlingentrainer,GLUTES,Gesässmuskulatur,secondary,3,1,5,Unterkörper
EX001278,Einbeiniges rumänisches Kreuzheben mit Unterstützung am Schlingentrainer,ERECTORS,Rückenstrecker,secondary,3,2,4,Rumpf
EX001278,Einbeiniges rumänisches Kreuzheben mit Unterstützung am Schlingentrainer,ABDUCTORS,Hüftabduktoren,secondary,3,3,3,Unterkörper
EX001278,Einbeiniges rumänisches Kreuzheben mit Unterstützung am Schlingentrainer,ABS,Gerade Bauchmuskulatur,secondary,2,4,3,Rumpf
EX001279,Einbeiniges rumänisches Kreuzheben mit zwei Kurzhanteln,HAMSTRINGS,Hintere Oberschenkelmuskulatur,primary,5,1,4,Unterkörper
EX001279,Einbeiniges rumänisches Kreuzheben mit zwei Kurzhanteln,GLUTES,Gesässmuskulatur,secondary,3,1,5,Unterkörper
EX001279,Einbeiniges rumänisches Kreuzheben mit zwei Kurzhanteln,ERECTORS,Rückenstrecker,secondary,3,2,4,Rumpf
EX001279,Einbeiniges rumänisches Kreuzheben mit zwei Kurzhanteln,ABDUCTORS,Hüftabduktoren,secondary,3,3,3,Unterkörper
EX001279,Einbeiniges rumänisches Kreuzheben mit zwei Kurzhanteln,ABS,Gerade Bauchmuskulatur,secondary,2,4,3,Rumpf
EX001280,Kickstand-Kettlebell-RDL,HAMSTRINGS,Hintere Oberschenkelmuskulatur,primary,5,1,4,Unterkörper
EX001280,Kickstand-Kettlebell-RDL,GLUTES,Gesässmuskulatur,secondary,3,1,5,Unterkörper
EX001280,Kickstand-Kettlebell-RDL,ERECTORS,Rückenstrecker,secondary,3,2,4,Rumpf
EX001280,Kickstand-Kettlebell-RDL,ABDUCTORS,Hüftabduktoren,secondary,3,3,3,Unterkörper
EX001280,Kickstand-Kettlebell-RDL,ABS,Gerade Bauchmuskulatur,secondary,2,4,3,Rumpf
EX001281,Bulgarischer Split Squat an der Multipresse,QUADS,Quadrizeps,primary,5,1,5,Unterkörper
EX001281,Bulgarischer Split Squat an der Multipresse,GLUTES,Gesässmuskulatur,secondary,3,1,5,Unterkörper
EX001281,Bulgarischer Split Squat an der Multipresse,ADDUCTORS,Adduktoren,secondary,3,2,4,Unterkörper
EX001281,Bulgarischer Split Squat an der Multipresse,HAMSTRINGS,Hintere Oberschenkelmuskulatur,secondary,3,3,4,Unterkörper
EX001281,Bulgarischer Split Squat an der Multipresse,ABS,Gerade Bauchmuskulatur,secondary,2,4,3,Rumpf
EX001282,Bulgarischer Split Squat in Goblet-Position,QUADS,Quadrizeps,primary,5,1,5,Unterkörper
EX001282,Bulgarischer Split Squat in Goblet-Position,GLUTES,Gesässmuskulatur,secondary,3,1,5,Unterkörper
EX001282,Bulgarischer Split Squat in Goblet-Position,ADDUCTORS,Adduktoren,secondary,3,2,4,Unterkörper
EX001282,Bulgarischer Split Squat in Goblet-Position,HAMSTRINGS,Hintere Oberschenkelmuskulatur,secondary,3,3,4,Unterkörper
EX001282,Bulgarischer Split Squat in Goblet-Position,ABS,Gerade Bauchmuskulatur,secondary,2,4,3,Rumpf
EX001283,Bulgarischer Split Squat mit Kettlebells,QUADS,Quadrizeps,primary,5,1,5,Unterkörper
EX001283,Bulgarischer Split Squat mit Kettlebells,GLUTES,Gesässmuskulatur,secondary,3,1,5,Unterkörper
EX001283,Bulgarischer Split Squat mit Kettlebells,ADDUCTORS,Adduktoren,secondary,3,2,4,Unterkörper
EX001283,Bulgarischer Split Squat mit Kettlebells,HAMSTRINGS,Hintere Oberschenkelmuskulatur,secondary,3,3,4,Unterkörper
EX001283,Bulgarischer Split Squat mit Kettlebells,ABS,Gerade Bauchmuskulatur,secondary,2,4,3,Rumpf
EX001284,Bulgarischer Split Squat mit Kurzhanteln,QUADS,Quadrizeps,primary,5,1,5,Unterkörper
EX001284,Bulgarischer Split Squat mit Kurzhanteln,GLUTES,Gesässmuskulatur,secondary,3,1,5,Unterkörper
EX001284,Bulgarischer Split Squat mit Kurzhanteln,ADDUCTORS,Adduktoren,secondary,3,2,4,Unterkörper
EX001284,Bulgarischer Split Squat mit Kurzhanteln,HAMSTRINGS,Hintere Oberschenkelmuskulatur,secondary,3,3,4,Unterkörper
EX001284,Bulgarischer Split Squat mit Kurzhanteln,ABS,Gerade Bauchmuskulatur,secondary,2,4,3,Rumpf
EX001285,Bulgarischer Split Squat mit Körpergewicht,QUADS,Quadrizeps,primary,5,1,5,Unterkörper
EX001285,Bulgarischer Split Squat mit Körpergewicht,GLUTES,Gesässmuskulatur,secondary,3,1,5,Unterkörper
EX001285,Bulgarischer Split Squat mit Körpergewicht,ADDUCTORS,Adduktoren,secondary,3,2,4,Unterkörper
EX001285,Bulgarischer Split Squat mit Körpergewicht,HAMSTRINGS,Hintere Oberschenkelmuskulatur,secondary,3,3,4,Unterkörper
EX001285,Bulgarischer Split Squat mit Körpergewicht,ABS,Gerade Bauchmuskulatur,secondary,2,4,3,Rumpf
EX001286,Bulgarischer Split Squat mit Landmine,QUADS,Quadrizeps,primary,5,1,5,Unterkörper
EX001286,Bulgarischer Split Squat mit Landmine,GLUTES,Gesässmuskulatur,secondary,3,1,5,Unterkörper
EX001286,Bulgarischer Split Squat mit Landmine,ADDUCTORS,Adduktoren,secondary,3,2,4,Unterkörper
EX001286,Bulgarischer Split Squat mit Landmine,HAMSTRINGS,Hintere Oberschenkelmuskulatur,secondary,3,3,4,Unterkörper
EX001286,Bulgarischer Split Squat mit Landmine,ABS,Gerade Bauchmuskulatur,secondary,2,4,3,Rumpf
EX001287,Bulgarischer Split Squat mit Langhantel,QUADS,Quadrizeps,primary,5,1,5,Unterkörper
EX001287,Bulgarischer Split Squat mit Langhantel,GLUTES,Gesässmuskulatur,secondary,3,1,5,Unterkörper
EX001287,Bulgarischer Split Squat mit Langhantel,ADDUCTORS,Adduktoren,secondary,3,2,4,Unterkörper
EX001287,Bulgarischer Split Squat mit Langhantel,HAMSTRINGS,Hintere Oberschenkelmuskulatur,secondary,3,3,4,Unterkörper
EX001287,Bulgarischer Split Squat mit Langhantel,ABS,Gerade Bauchmuskulatur,secondary,2,4,3,Rumpf
EX001288,Bulgarischer Split Squat mit zwei Kettlebells im Front Rack,QUADS,Quadrizeps,primary,5,1,5,Unterkörper
EX001288,Bulgarischer Split Squat mit zwei Kettlebells im Front Rack,GLUTES,Gesässmuskulatur,secondary,3,1,5,Unterkörper
EX001288,Bulgarischer Split Squat mit zwei Kettlebells im Front Rack,ADDUCTORS,Adduktoren,secondary,3,2,4,Unterkörper
EX001288,Bulgarischer Split Squat mit zwei Kettlebells im Front Rack,HAMSTRINGS,Hintere Oberschenkelmuskulatur,secondary,3,3,4,Unterkörper
EX001288,Bulgarischer Split Squat mit zwei Kettlebells im Front Rack,ABS,Gerade Bauchmuskulatur,secondary,2,4,3,Rumpf
EX001289,Defizit-Bulgarian-Split-Squat mit Kurzhanteln,QUADS,Quadrizeps,primary,5,1,5,Unterkörper
EX001289,Defizit-Bulgarian-Split-Squat mit Kurzhanteln,GLUTES,Gesässmuskulatur,secondary,3,1,5,Unterkörper
EX001289,Defizit-Bulgarian-Split-Squat mit Kurzhanteln,ADDUCTORS,Adduktoren,secondary,3,2,4,Unterkörper
EX001289,Defizit-Bulgarian-Split-Squat mit Kurzhanteln,HAMSTRINGS,Hintere Oberschenkelmuskulatur,secondary,3,3,4,Unterkörper
EX001289,Defizit-Bulgarian-Split-Squat mit Kurzhanteln,ABS,Gerade Bauchmuskulatur,secondary,2,4,3,Rumpf
EX001290,Frontfuss-erhöhter Split Squat mit Kurzhanteln,QUADS,Quadrizeps,primary,5,1,5,Unterkörper
EX001290,Frontfuss-erhöhter Split Squat mit Kurzhanteln,GLUTES,Gesässmuskulatur,secondary,3,1,5,Unterkörper
EX001290,Frontfuss-erhöhter Split Squat mit Kurzhanteln,ADDUCTORS,Adduktoren,secondary,3,2,4,Unterkörper
EX001290,Frontfuss-erhöhter Split Squat mit Kurzhanteln,HAMSTRINGS,Hintere Oberschenkelmuskulatur,secondary,3,3,4,Unterkörper
EX001290,Frontfuss-erhöhter Split Squat mit Kurzhanteln,ABS,Gerade Bauchmuskulatur,secondary,2,4,3,Rumpf
EX001291,Frontfuss-erhöhter Split Squat mit Körpergewicht,QUADS,Quadrizeps,primary,5,1,5,Unterkörper
EX001291,Frontfuss-erhöhter Split Squat mit Körpergewicht,GLUTES,Gesässmuskulatur,secondary,3,1,5,Unterkörper
EX001291,Frontfuss-erhöhter Split Squat mit Körpergewicht,ADDUCTORS,Adduktoren,secondary,3,2,4,Unterkörper
EX001291,Frontfuss-erhöhter Split Squat mit Körpergewicht,HAMSTRINGS,Hintere Oberschenkelmuskulatur,secondary,3,3,4,Unterkörper
EX001291,Frontfuss-erhöhter Split Squat mit Körpergewicht,ABS,Gerade Bauchmuskulatur,secondary,2,4,3,Rumpf
EX001292,Landmine Split Squat,QUADS,Quadrizeps,primary,5,1,5,Unterkörper
EX001292,Landmine Split Squat,GLUTES,Gesässmuskulatur,secondary,3,1,5,Unterkörper
EX001292,Landmine Split Squat,ADDUCTORS,Adduktoren,secondary,3,2,4,Unterkörper
EX001292,Landmine Split Squat,HAMSTRINGS,Hintere Oberschenkelmuskulatur,secondary,3,3,4,Unterkörper
EX001292,Landmine Split Squat,ABS,Gerade Bauchmuskulatur,secondary,2,4,3,Rumpf
EX001293,Split Squat am Schlingentrainer,QUADS,Quadrizeps,primary,5,1,5,Unterkörper
EX001293,Split Squat am Schlingentrainer,GLUTES,Gesässmuskulatur,secondary,3,1,5,Unterkörper
EX001293,Split Squat am Schlingentrainer,ADDUCTORS,Adduktoren,secondary,3,2,4,Unterkörper
EX001293,Split Squat am Schlingentrainer,HAMSTRINGS,Hintere Oberschenkelmuskulatur,secondary,3,3,4,Unterkörper
EX001293,Split Squat am Schlingentrainer,ABS,Gerade Bauchmuskulatur,secondary,2,4,3,Rumpf
EX001294,Split Squat an der Multipresse,QUADS,Quadrizeps,primary,5,1,5,Unterkörper
EX001294,Split Squat an der Multipresse,GLUTES,Gesässmuskulatur,secondary,3,1,5,Unterkörper
EX001294,Split Squat an der Multipresse,ADDUCTORS,Adduktoren,secondary,3,2,4,Unterkörper
EX001294,Split Squat an der Multipresse,HAMSTRINGS,Hintere Oberschenkelmuskulatur,secondary,3,3,4,Unterkörper
EX001294,Split Squat an der Multipresse,ABS,Gerade Bauchmuskulatur,secondary,2,4,3,Rumpf
EX001295,Split Squat in Front-Rack-Position mit zwei Kettlebells,QUADS,Quadrizeps,primary,5,1,5,Unterkörper
EX001295,Split Squat in Front-Rack-Position mit zwei Kettlebells,GLUTES,Gesässmuskulatur,secondary,3,1,5,Unterkörper
EX001295,Split Squat in Front-Rack-Position mit zwei Kettlebells,ADDUCTORS,Adduktoren,secondary,3,2,4,Unterkörper
EX001295,Split Squat in Front-Rack-Position mit zwei Kettlebells,HAMSTRINGS,Hintere Oberschenkelmuskulatur,secondary,3,3,4,Unterkörper
EX001295,Split Squat in Front-Rack-Position mit zwei Kettlebells,ABS,Gerade Bauchmuskulatur,secondary,2,4,3,Rumpf
EX001296,Split Squat in Goblet-Position,QUADS,Quadrizeps,primary,5,1,5,Unterkörper
EX001296,Split Squat in Goblet-Position,GLUTES,Gesässmuskulatur,secondary,3,1,5,Unterkörper
EX001296,Split Squat in Goblet-Position,ADDUCTORS,Adduktoren,secondary,3,2,4,Unterkörper
EX001296,Split Squat in Goblet-Position,HAMSTRINGS,Hintere Oberschenkelmuskulatur,secondary,3,3,4,Unterkörper
EX001296,Split Squat in Goblet-Position,ABS,Gerade Bauchmuskulatur,secondary,2,4,3,Rumpf
EX001297,Split Squat mit Kettlebells,QUADS,Quadrizeps,primary,5,1,5,Unterkörper
EX001297,Split Squat mit Kettlebells,GLUTES,Gesässmuskulatur,secondary,3,1,5,Unterkörper
EX001297,Split Squat mit Kettlebells,ADDUCTORS,Adduktoren,secondary,3,2,4,Unterkörper
EX001297,Split Squat mit Kettlebells,HAMSTRINGS,Hintere Oberschenkelmuskulatur,secondary,3,3,4,Unterkörper
EX001297,Split Squat mit Kettlebells,ABS,Gerade Bauchmuskulatur,secondary,2,4,3,Rumpf
EX001298,Split Squat mit Kurzhanteln,QUADS,Quadrizeps,primary,5,1,5,Unterkörper
EX001298,Split Squat mit Kurzhanteln,GLUTES,Gesässmuskulatur,secondary,3,1,5,Unterkörper
EX001298,Split Squat mit Kurzhanteln,ADDUCTORS,Adduktoren,secondary,3,2,4,Unterkörper
EX001298,Split Squat mit Kurzhanteln,HAMSTRINGS,Hintere Oberschenkelmuskulatur,secondary,3,3,4,Unterkörper
EX001298,Split Squat mit Kurzhanteln,ABS,Gerade Bauchmuskulatur,secondary,2,4,3,Rumpf
EX001299,Split Squat mit Körpergewicht,QUADS,Quadrizeps,primary,5,1,5,Unterkörper
EX001299,Split Squat mit Körpergewicht,GLUTES,Gesässmuskulatur,secondary,3,1,5,Unterkörper
EX001299,Split Squat mit Körpergewicht,ADDUCTORS,Adduktoren,secondary,3,2,4,Unterkörper
EX001299,Split Squat mit Körpergewicht,HAMSTRINGS,Hintere Oberschenkelmuskulatur,secondary,3,3,4,Unterkörper
EX001299,Split Squat mit Körpergewicht,ABS,Gerade Bauchmuskulatur,secondary,2,4,3,Rumpf
EX001300,Split Squat mit Langhantel,QUADS,Quadrizeps,primary,5,1,5,Unterkörper
EX001300,Split Squat mit Langhantel,GLUTES,Gesässmuskulatur,secondary,3,1,5,Unterkörper
EX001300,Split Squat mit Langhantel,ADDUCTORS,Adduktoren,secondary,3,2,4,Unterkörper
EX001300,Split Squat mit Langhantel,HAMSTRINGS,Hintere Oberschenkelmuskulatur,secondary,3,3,4,Unterkörper
EX001300,Split Squat mit Langhantel,ABS,Gerade Bauchmuskulatur,secondary,2,4,3,Rumpf
EX001301,"Split Squat mit vorderem Rack-Hold, Langhantel",QUADS,Quadrizeps,primary,5,1,5,Unterkörper
EX001301,"Split Squat mit vorderem Rack-Hold, Langhantel",GLUTES,Gesässmuskulatur,secondary,3,1,5,Unterkörper
EX001301,"Split Squat mit vorderem Rack-Hold, Langhantel",ADDUCTORS,Adduktoren,secondary,3,2,4,Unterkörper
EX001301,"Split Squat mit vorderem Rack-Hold, Langhantel",HAMSTRINGS,Hintere Oberschenkelmuskulatur,secondary,3,3,4,Unterkörper
EX001301,"Split Squat mit vorderem Rack-Hold, Langhantel",ABS,Gerade Bauchmuskulatur,secondary,2,4,3,Rumpf
EX001302,Zercher Split Squat,QUADS,Quadrizeps,primary,5,1,5,Unterkörper
EX001302,Zercher Split Squat,GLUTES,Gesässmuskulatur,secondary,3,1,5,Unterkörper
EX001302,Zercher Split Squat,ADDUCTORS,Adduktoren,secondary,3,2,4,Unterkörper
EX001302,Zercher Split Squat,HAMSTRINGS,Hintere Oberschenkelmuskulatur,secondary,3,3,4,Unterkörper
EX001302,Zercher Split Squat,ABS,Gerade Bauchmuskulatur,secondary,2,4,3,Rumpf
EX001303,1½-Wiederholungs-Frontkniebeuge mit Langhantel,QUADS,Quadrizeps,primary,5,1,5,Unterkörper
EX001303,1½-Wiederholungs-Frontkniebeuge mit Langhantel,GLUTES,Gesässmuskulatur,secondary,3,1,5,Unterkörper
EX001303,1½-Wiederholungs-Frontkniebeuge mit Langhantel,ADDUCTORS,Adduktoren,secondary,3,2,4,Unterkörper
EX001303,1½-Wiederholungs-Frontkniebeuge mit Langhantel,ERECTORS,Rückenstrecker,secondary,3,3,4,Rumpf
EX001303,1½-Wiederholungs-Frontkniebeuge mit Langhantel,ABS,Gerade Bauchmuskulatur,secondary,2,4,3,Rumpf
EX001304,1½-Wiederholungs-Frontkniebeuge mit zwei Kettlebells,QUADS,Quadrizeps,primary,5,1,5,Unterkörper
EX001304,1½-Wiederholungs-Frontkniebeuge mit zwei Kettlebells,GLUTES,Gesässmuskulatur,secondary,3,1,5,Unterkörper
EX001304,1½-Wiederholungs-Frontkniebeuge mit zwei Kettlebells,ADDUCTORS,Adduktoren,secondary,3,2,4,Unterkörper
EX001304,1½-Wiederholungs-Frontkniebeuge mit zwei Kettlebells,ERECTORS,Rückenstrecker,secondary,3,3,4,Rumpf
EX001304,1½-Wiederholungs-Frontkniebeuge mit zwei Kettlebells,ABS,Gerade Bauchmuskulatur,secondary,2,4,3,Rumpf
EX001305,1½-Wiederholungs-Frontkniebeuge mit zwei Kurzhanteln,QUADS,Quadrizeps,primary,5,1,5,Unterkörper
EX001305,1½-Wiederholungs-Frontkniebeuge mit zwei Kurzhanteln,GLUTES,Gesässmuskulatur,secondary,3,1,5,Unterkörper
EX001305,1½-Wiederholungs-Frontkniebeuge mit zwei Kurzhanteln,ADDUCTORS,Adduktoren,secondary,3,2,4,Unterkörper
EX001305,1½-Wiederholungs-Frontkniebeuge mit zwei Kurzhanteln,ERECTORS,Rückenstrecker,secondary,3,3,4,Rumpf
EX001305,1½-Wiederholungs-Frontkniebeuge mit zwei Kurzhanteln,ABS,Gerade Bauchmuskulatur,secondary,2,4,3,Rumpf
EX001306,1½-Wiederholungs-Goblet Squat mit Kettlebell,QUADS,Quadrizeps,primary,5,1,5,Unterkörper
EX001306,1½-Wiederholungs-Goblet Squat mit Kettlebell,GLUTES,Gesässmuskulatur,secondary,3,1,5,Unterkörper
EX001306,1½-Wiederholungs-Goblet Squat mit Kettlebell,ADDUCTORS,Adduktoren,secondary,3,2,4,Unterkörper
EX001306,1½-Wiederholungs-Goblet Squat mit Kettlebell,ERECTORS,Rückenstrecker,secondary,3,3,4,Rumpf
EX001306,1½-Wiederholungs-Goblet Squat mit Kettlebell,ABS,Gerade Bauchmuskulatur,secondary,2,4,3,Rumpf
EX001307,1½-Wiederholungs-Goblet Squat mit Kurzhantel,QUADS,Quadrizeps,primary,5,1,5,Unterkörper
EX001307,1½-Wiederholungs-Goblet Squat mit Kurzhantel,GLUTES,Gesässmuskulatur,secondary,3,1,5,Unterkörper
EX001307,1½-Wiederholungs-Goblet Squat mit Kurzhantel,ADDUCTORS,Adduktoren,secondary,3,2,4,Unterkörper
EX001307,1½-Wiederholungs-Goblet Squat mit Kurzhantel,ERECTORS,Rückenstrecker,secondary,3,3,4,Rumpf
EX001307,1½-Wiederholungs-Goblet Squat mit Kurzhantel,ABS,Gerade Bauchmuskulatur,secondary,2,4,3,Rumpf
EX001308,1½-Wiederholungs-Kniebeuge mit Körpergewicht,QUADS,Quadrizeps,primary,5,1,5,Unterkörper
EX001308,1½-Wiederholungs-Kniebeuge mit Körpergewicht,GLUTES,Gesässmuskulatur,secondary,3,1,5,Unterkörper
EX001308,1½-Wiederholungs-Kniebeuge mit Körpergewicht,ADDUCTORS,Adduktoren,secondary,3,2,4,Unterkörper
EX001308,1½-Wiederholungs-Kniebeuge mit Körpergewicht,ERECTORS,Rückenstrecker,secondary,3,3,4,Rumpf
EX001308,1½-Wiederholungs-Kniebeuge mit Körpergewicht,ABS,Gerade Bauchmuskulatur,secondary,2,4,3,Rumpf
EX001309,1½-Wiederholungs-Landmine-Kniebeuge,QUADS,Quadrizeps,primary,5,1,5,Unterkörper
EX001309,1½-Wiederholungs-Landmine-Kniebeuge,GLUTES,Gesässmuskulatur,secondary,3,1,5,Unterkörper
EX001309,1½-Wiederholungs-Landmine-Kniebeuge,ADDUCTORS,Adduktoren,secondary,3,2,4,Unterkörper
EX001309,1½-Wiederholungs-Landmine-Kniebeuge,ERECTORS,Rückenstrecker,secondary,3,3,4,Rumpf
EX001309,1½-Wiederholungs-Landmine-Kniebeuge,ABS,Gerade Bauchmuskulatur,secondary,2,4,3,Rumpf
EX001310,"1½-Wiederholungs-Langhantel-Kniebeuge, High-Bar",QUADS,Quadrizeps,primary,5,1,5,Unterkörper
EX001310,"1½-Wiederholungs-Langhantel-Kniebeuge, High-Bar",GLUTES,Gesässmuskulatur,secondary,3,1,5,Unterkörper
EX001310,"1½-Wiederholungs-Langhantel-Kniebeuge, High-Bar",ADDUCTORS,Adduktoren,secondary,3,2,4,Unterkörper
EX001310,"1½-Wiederholungs-Langhantel-Kniebeuge, High-Bar",ERECTORS,Rückenstrecker,secondary,3,3,4,Rumpf
EX001310,"1½-Wiederholungs-Langhantel-Kniebeuge, High-Bar",ABS,Gerade Bauchmuskulatur,secondary,2,4,3,Rumpf
EX001311,"1½-Wiederholungs-Langhantel-Kniebeuge, Low-Bar",QUADS,Quadrizeps,primary,5,1,5,Unterkörper
EX001311,"1½-Wiederholungs-Langhantel-Kniebeuge, Low-Bar",GLUTES,Gesässmuskulatur,secondary,3,1,5,Unterkörper
EX001311,"1½-Wiederholungs-Langhantel-Kniebeuge, Low-Bar",ADDUCTORS,Adduktoren,secondary,3,2,4,Unterkörper
EX001311,"1½-Wiederholungs-Langhantel-Kniebeuge, Low-Bar",ERECTORS,Rückenstrecker,secondary,3,3,4,Rumpf
EX001311,"1½-Wiederholungs-Langhantel-Kniebeuge, Low-Bar",ABS,Gerade Bauchmuskulatur,secondary,2,4,3,Rumpf
EX001312,1½-Wiederholungs-Safety-Bar-Kniebeuge,QUADS,Quadrizeps,primary,5,1,5,Unterkörper
EX001312,1½-Wiederholungs-Safety-Bar-Kniebeuge,GLUTES,Gesässmuskulatur,secondary,3,1,5,Unterkörper
EX001312,1½-Wiederholungs-Safety-Bar-Kniebeuge,ADDUCTORS,Adduktoren,secondary,3,2,4,Unterkörper
EX001312,1½-Wiederholungs-Safety-Bar-Kniebeuge,ERECTORS,Rückenstrecker,secondary,3,3,4,Rumpf
EX001312,1½-Wiederholungs-Safety-Bar-Kniebeuge,ABS,Gerade Bauchmuskulatur,secondary,2,4,3,Rumpf
EX001313,Anderson-Kniebeuge,QUADS,Quadrizeps,primary,5,1,5,Unterkörper
EX001313,Anderson-Kniebeuge,GLUTES,Gesässmuskulatur,secondary,3,1,5,Unterkörper
EX001313,Anderson-Kniebeuge,ADDUCTORS,Adduktoren,secondary,3,2,4,Unterkörper
EX001313,Anderson-Kniebeuge,ERECTORS,Rückenstrecker,secondary,3,3,4,Rumpf
EX001313,Anderson-Kniebeuge,ABS,Gerade Bauchmuskulatur,secondary,2,4,3,Rumpf
EX001314,Belt Squat,QUADS,Quadrizeps,primary,5,1,5,Unterkörper
EX001314,Belt Squat,GLUTES,Gesässmuskulatur,secondary,3,1,5,Unterkörper
EX001314,Belt Squat,ADDUCTORS,Adduktoren,secondary,3,2,4,Unterkörper
EX001314,Belt Squat,ERECTORS,Rückenstrecker,secondary,3,3,4,Rumpf
EX001314,Belt Squat,ABS,Gerade Bauchmuskulatur,secondary,2,4,3,Rumpf
EX001315,Box-Kniebeuge mit Langhantel,QUADS,Quadrizeps,primary,5,1,5,Unterkörper
EX001315,Box-Kniebeuge mit Langhantel,GLUTES,Gesässmuskulatur,secondary,3,1,5,Unterkörper
EX001315,Box-Kniebeuge mit Langhantel,ADDUCTORS,Adduktoren,secondary,3,2,4,Unterkörper
EX001315,Box-Kniebeuge mit Langhantel,ERECTORS,Rückenstrecker,secondary,3,3,4,Rumpf
EX001315,Box-Kniebeuge mit Langhantel,ABS,Gerade Bauchmuskulatur,secondary,2,4,3,Rumpf
EX001316,Fersenerhöhte High-Bar-Kniebeuge,QUADS,Quadrizeps,primary,5,1,5,Unterkörper
EX001316,Fersenerhöhte High-Bar-Kniebeuge,GLUTES,Gesässmuskulatur,secondary,3,1,5,Unterkörper
EX001316,Fersenerhöhte High-Bar-Kniebeuge,ADDUCTORS,Adduktoren,secondary,3,2,4,Unterkörper
EX001316,Fersenerhöhte High-Bar-Kniebeuge,ERECTORS,Rückenstrecker,secondary,3,3,4,Rumpf
EX001316,Fersenerhöhte High-Bar-Kniebeuge,ABS,Gerade Bauchmuskulatur,secondary,2,4,3,Rumpf
EX001317,Fersenerhöhte Kniebeuge mit Körpergewicht,QUADS,Quadrizeps,primary,5,1,5,Unterkörper
EX001317,Fersenerhöhte Kniebeuge mit Körpergewicht,GLUTES,Gesässmuskulatur,secondary,3,1,5,Unterkörper
EX001317,Fersenerhöhte Kniebeuge mit Körpergewicht,ADDUCTORS,Adduktoren,secondary,3,2,4,Unterkörper
EX001317,Fersenerhöhte Kniebeuge mit Körpergewicht,ERECTORS,Rückenstrecker,secondary,3,3,4,Rumpf
EX001317,Fersenerhöhte Kniebeuge mit Körpergewicht,ABS,Gerade Bauchmuskulatur,secondary,2,4,3,Rumpf
EX001318,Frontkniebeuge an der Multipresse,QUADS,Quadrizeps,primary,5,1,5,Unterkörper
EX001318,Frontkniebeuge an der Multipresse,GLUTES,Gesässmuskulatur,secondary,3,1,5,Unterkörper
EX001318,Frontkniebeuge an der Multipresse,ADDUCTORS,Adduktoren,secondary,3,2,4,Unterkörper
EX001318,Frontkniebeuge an der Multipresse,ERECTORS,Rückenstrecker,secondary,3,3,4,Rumpf
EX001318,Frontkniebeuge an der Multipresse,ABS,Gerade Bauchmuskulatur,secondary,2,4,3,Rumpf
EX001319,Frontkniebeuge mit Langhantel,QUADS,Quadrizeps,primary,5,1,5,Unterkörper
EX001319,Frontkniebeuge mit Langhantel,GLUTES,Gesässmuskulatur,secondary,3,1,5,Unterkörper
EX001319,Frontkniebeuge mit Langhantel,ADDUCTORS,Adduktoren,secondary,3,2,4,Unterkörper
EX001319,Frontkniebeuge mit Langhantel,ERECTORS,Rückenstrecker,secondary,3,3,4,Rumpf
EX001319,Frontkniebeuge mit Langhantel,ABS,Gerade Bauchmuskulatur,secondary,2,4,3,Rumpf
EX001320,Frontkniebeuge mit zwei Kettlebells,QUADS,Quadrizeps,primary,5,1,5,Unterkörper
EX001320,Frontkniebeuge mit zwei Kettlebells,GLUTES,Gesässmuskulatur,secondary,3,1,5,Unterkörper
EX001320,Frontkniebeuge mit zwei Kettlebells,ADDUCTORS,Adduktoren,secondary,3,2,4,Unterkörper
EX001320,Frontkniebeuge mit zwei Kettlebells,ERECTORS,Rückenstrecker,secondary,3,3,4,Rumpf
EX001320,Frontkniebeuge mit zwei Kettlebells,ABS,Gerade Bauchmuskulatur,secondary,2,4,3,Rumpf
EX001321,Frontkniebeuge mit zwei Kurzhanteln,QUADS,Quadrizeps,primary,5,1,5,Unterkörper
EX001321,Frontkniebeuge mit zwei Kurzhanteln,GLUTES,Gesässmuskulatur,secondary,3,1,5,Unterkörper
EX001321,Frontkniebeuge mit zwei Kurzhanteln,ADDUCTORS,Adduktoren,secondary,3,2,4,Unterkörper
EX001321,Frontkniebeuge mit zwei Kurzhanteln,ERECTORS,Rückenstrecker,secondary,3,3,4,Rumpf
EX001321,Frontkniebeuge mit zwei Kurzhanteln,ABS,Gerade Bauchmuskulatur,secondary,2,4,3,Rumpf
EX001322,Gefangenen-Kniebeuge,QUADS,Quadrizeps,primary,5,1,5,Unterkörper
EX001322,Gefangenen-Kniebeuge,GLUTES,Gesässmuskulatur,secondary,3,1,5,Unterkörper
EX001322,Gefangenen-Kniebeuge,ADDUCTORS,Adduktoren,secondary,3,2,4,Unterkörper
EX001322,Gefangenen-Kniebeuge,ERECTORS,Rückenstrecker,secondary,3,3,4,Rumpf
EX001322,Gefangenen-Kniebeuge,ABS,Gerade Bauchmuskulatur,secondary,2,4,3,Rumpf
EX001323,Goblet Squat mit Kettlebell,QUADS,Quadrizeps,primary,5,1,5,Unterkörper
EX001323,Goblet Squat mit Kettlebell,GLUTES,Gesässmuskulatur,secondary,3,1,5,Unterkörper
EX001323,Goblet Squat mit Kettlebell,ADDUCTORS,Adduktoren,secondary,3,2,4,Unterkörper
EX001323,Goblet Squat mit Kettlebell,ERECTORS,Rückenstrecker,secondary,3,3,4,Rumpf
EX001323,Goblet Squat mit Kettlebell,ABS,Gerade Bauchmuskulatur,secondary,2,4,3,Rumpf
EX001324,Goblet Squat mit Kurzhantel,QUADS,Quadrizeps,primary,5,1,5,Unterkörper
EX001324,Goblet Squat mit Kurzhantel,GLUTES,Gesässmuskulatur,secondary,3,1,5,Unterkörper
EX001324,Goblet Squat mit Kurzhantel,ADDUCTORS,Adduktoren,secondary,3,2,4,Unterkörper
EX001324,Goblet Squat mit Kurzhantel,ERECTORS,Rückenstrecker,secondary,3,3,4,Rumpf
EX001324,Goblet Squat mit Kurzhantel,ABS,Gerade Bauchmuskulatur,secondary,2,4,3,Rumpf
EX001325,Hackenschmidt-Kniebeuge,QUADS,Quadrizeps,primary,5,1,5,Unterkörper
EX001325,Hackenschmidt-Kniebeuge,GLUTES,Gesässmuskulatur,secondary,3,1,5,Unterkörper
EX001325,Hackenschmidt-Kniebeuge,ADDUCTORS,Adduktoren,secondary,3,2,4,Unterkörper
EX001325,Hackenschmidt-Kniebeuge,ERECTORS,Rückenstrecker,secondary,3,3,4,Rumpf
EX001325,Hackenschmidt-Kniebeuge,ABS,Gerade Bauchmuskulatur,secondary,2,4,3,Rumpf
EX001326,"Kettlebell-Overhead-Squat, einarmig",QUADS,Quadrizeps,primary,5,1,5,Unterkörper
EX001326,"Kettlebell-Overhead-Squat, einarmig",GLUTES,Gesässmuskulatur,secondary,3,1,5,Unterkörper
EX001326,"Kettlebell-Overhead-Squat, einarmig",ADDUCTORS,Adduktoren,secondary,3,2,4,Unterkörper
EX001326,"Kettlebell-Overhead-Squat, einarmig",ERECTORS,Rückenstrecker,secondary,3,3,4,Rumpf
EX001326,"Kettlebell-Overhead-Squat, einarmig",ABS,Gerade Bauchmuskulatur,secondary,2,4,3,Rumpf
EX001327,Kniebeuge an der Multipresse,QUADS,Quadrizeps,primary,5,1,5,Unterkörper
EX001327,Kniebeuge an der Multipresse,GLUTES,Gesässmuskulatur,secondary,3,1,5,Unterkörper
EX001327,Kniebeuge an der Multipresse,ADDUCTORS,Adduktoren,secondary,3,2,4,Unterkörper
EX001327,Kniebeuge an der Multipresse,ERECTORS,Rückenstrecker,secondary,3,3,4,Rumpf
EX001327,Kniebeuge an der Multipresse,ABS,Gerade Bauchmuskulatur,secondary,2,4,3,Rumpf
EX001328,"Kniebeuge mit breitem Stand, Langhantel",QUADS,Quadrizeps,primary,5,1,5,Unterkörper
EX001328,"Kniebeuge mit breitem Stand, Langhantel",GLUTES,Gesässmuskulatur,secondary,3,1,5,Unterkörper
EX001328,"Kniebeuge mit breitem Stand, Langhantel",ADDUCTORS,Adduktoren,secondary,3,2,4,Unterkörper
EX001328,"Kniebeuge mit breitem Stand, Langhantel",ERECTORS,Rückenstrecker,secondary,3,3,4,Rumpf
EX001328,"Kniebeuge mit breitem Stand, Langhantel",ABS,Gerade Bauchmuskulatur,secondary,2,4,3,Rumpf
EX001329,"Kniebeuge mit engem Stand, Langhantel",QUADS,Quadrizeps,primary,5,1,5,Unterkörper
EX001329,"Kniebeuge mit engem Stand, Langhantel",GLUTES,Gesässmuskulatur,secondary,3,1,5,Unterkörper
EX001329,"Kniebeuge mit engem Stand, Langhantel",ADDUCTORS,Adduktoren,secondary,3,2,4,Unterkörper
EX001329,"Kniebeuge mit engem Stand, Langhantel",ERECTORS,Rückenstrecker,secondary,3,3,4,Rumpf
EX001329,"Kniebeuge mit engem Stand, Langhantel",ABS,Gerade Bauchmuskulatur,secondary,2,4,3,Rumpf
EX001330,Kniebeuge mit Körpergewicht,QUADS,Quadrizeps,primary,5,1,5,Unterkörper
EX001330,Kniebeuge mit Körpergewicht,GLUTES,Gesässmuskulatur,secondary,3,1,5,Unterkörper
EX001330,Kniebeuge mit Körpergewicht,ADDUCTORS,Adduktoren,secondary,3,2,4,Unterkörper
EX001330,Kniebeuge mit Körpergewicht,ERECTORS,Rückenstrecker,secondary,3,3,4,Rumpf
EX001330,Kniebeuge mit Körpergewicht,ABS,Gerade Bauchmuskulatur,secondary,2,4,3,Rumpf
EX001331,Kniebeuge zur Box mit Körpergewicht,QUADS,Quadrizeps,primary,5,1,5,Unterkörper
EX001331,Kniebeuge zur Box mit Körpergewicht,GLUTES,Gesässmuskulatur,secondary,3,1,5,Unterkörper
EX001331,Kniebeuge zur Box mit Körpergewicht,ADDUCTORS,Adduktoren,secondary,3,2,4,Unterkörper
EX001331,Kniebeuge zur Box mit Körpergewicht,ERECTORS,Rückenstrecker,secondary,3,3,4,Rumpf
EX001331,Kniebeuge zur Box mit Körpergewicht,ABS,Gerade Bauchmuskulatur,secondary,2,4,3,Rumpf
EX001332,"Kurzhantel-Overhead-Squat, einarmig",QUADS,Quadrizeps,primary,5,1,5,Unterkörper
EX001332,"Kurzhantel-Overhead-Squat, einarmig",GLUTES,Gesässmuskulatur,secondary,3,1,5,Unterkörper
EX001332,"Kurzhantel-Overhead-Squat, einarmig",ADDUCTORS,Adduktoren,secondary,3,2,4,Unterkörper
EX001332,"Kurzhantel-Overhead-Squat, einarmig",ERECTORS,Rückenstrecker,secondary,3,3,4,Rumpf
EX001332,"Kurzhantel-Overhead-Squat, einarmig",ABS,Gerade Bauchmuskulatur,secondary,2,4,3,Rumpf
EX001333,Landmine-Kniebeuge,QUADS,Quadrizeps,primary,5,1,5,Unterkörper
EX001333,Landmine-Kniebeuge,GLUTES,Gesässmuskulatur,secondary,3,1,5,Unterkörper
EX001333,Landmine-Kniebeuge,ADDUCTORS,Adduktoren,secondary,3,2,4,Unterkörper
EX001333,Landmine-Kniebeuge,ERECTORS,Rückenstrecker,secondary,3,3,4,Rumpf
EX001333,Landmine-Kniebeuge,ABS,Gerade Bauchmuskulatur,secondary,2,4,3,Rumpf
EX001334,"Langhantel-Kniebeuge, High-Bar",QUADS,Quadrizeps,primary,5,1,5,Unterkörper
EX001334,"Langhantel-Kniebeuge, High-Bar",GLUTES,Gesässmuskulatur,secondary,3,1,5,Unterkörper
EX001334,"Langhantel-Kniebeuge, High-Bar",ADDUCTORS,Adduktoren,secondary,3,2,4,Unterkörper
EX001334,"Langhantel-Kniebeuge, High-Bar",ERECTORS,Rückenstrecker,secondary,3,3,4,Rumpf
EX001334,"Langhantel-Kniebeuge, High-Bar",ABS,Gerade Bauchmuskulatur,secondary,2,4,3,Rumpf
EX001335,"Langhantel-Kniebeuge, Low-Bar",QUADS,Quadrizeps,primary,5,1,5,Unterkörper
EX001335,"Langhantel-Kniebeuge, Low-Bar",GLUTES,Gesässmuskulatur,secondary,3,1,5,Unterkörper
EX001335,"Langhantel-Kniebeuge, Low-Bar",ADDUCTORS,Adduktoren,secondary,3,2,4,Unterkörper
EX001335,"Langhantel-Kniebeuge, Low-Bar",ERECTORS,Rückenstrecker,secondary,3,3,4,Rumpf
EX001335,"Langhantel-Kniebeuge, Low-Bar",ABS,Gerade Bauchmuskulatur,secondary,2,4,3,Rumpf
EX001336,Pausen-Belt Squat,QUADS,Quadrizeps,primary,5,1,5,Unterkörper
EX001336,Pausen-Belt Squat,GLUTES,Gesässmuskulatur,secondary,3,1,5,Unterkörper
EX001336,Pausen-Belt Squat,ADDUCTORS,Adduktoren,secondary,3,2,4,Unterkörper
EX001336,Pausen-Belt Squat,ERECTORS,Rückenstrecker,secondary,3,3,4,Rumpf
EX001336,Pausen-Belt Squat,ABS,Gerade Bauchmuskulatur,secondary,2,4,3,Rumpf
EX001337,Pausen-Frontkniebeuge mit Langhantel,QUADS,Quadrizeps,primary,5,1,5,Unterkörper
EX001337,Pausen-Frontkniebeuge mit Langhantel,GLUTES,Gesässmuskulatur,secondary,3,1,5,Unterkörper
EX001337,Pausen-Frontkniebeuge mit Langhantel,ADDUCTORS,Adduktoren,secondary,3,2,4,Unterkörper
EX001337,Pausen-Frontkniebeuge mit Langhantel,ERECTORS,Rückenstrecker,secondary,3,3,4,Rumpf
EX001337,Pausen-Frontkniebeuge mit Langhantel,ABS,Gerade Bauchmuskulatur,secondary,2,4,3,Rumpf
EX001338,Pausen-Frontkniebeuge mit zwei Kettlebells,QUADS,Quadrizeps,primary,5,1,5,Unterkörper
EX001338,Pausen-Frontkniebeuge mit zwei Kettlebells,GLUTES,Gesässmuskulatur,secondary,3,1,5,Unterkörper
EX001338,Pausen-Frontkniebeuge mit zwei Kettlebells,ADDUCTORS,Adduktoren,secondary,3,2,4,Unterkörper
EX001338,Pausen-Frontkniebeuge mit zwei Kettlebells,ERECTORS,Rückenstrecker,secondary,3,3,4,Rumpf
EX001338,Pausen-Frontkniebeuge mit zwei Kettlebells,ABS,Gerade Bauchmuskulatur,secondary,2,4,3,Rumpf
EX001339,Pausen-Frontkniebeuge mit zwei Kurzhanteln,QUADS,Quadrizeps,primary,5,1,5,Unterkörper
EX001339,Pausen-Frontkniebeuge mit zwei Kurzhanteln,GLUTES,Gesässmuskulatur,secondary,3,1,5,Unterkörper
EX001339,Pausen-Frontkniebeuge mit zwei Kurzhanteln,ADDUCTORS,Adduktoren,secondary,3,2,4,Unterkörper
EX001339,Pausen-Frontkniebeuge mit zwei Kurzhanteln,ERECTORS,Rückenstrecker,secondary,3,3,4,Rumpf
EX001339,Pausen-Frontkniebeuge mit zwei Kurzhanteln,ABS,Gerade Bauchmuskulatur,secondary,2,4,3,Rumpf
EX001340,Pausen-Goblet Squat mit Kettlebell,QUADS,Quadrizeps,primary,5,1,5,Unterkörper
EX001340,Pausen-Goblet Squat mit Kettlebell,GLUTES,Gesässmuskulatur,secondary,3,1,5,Unterkörper
EX001340,Pausen-Goblet Squat mit Kettlebell,ADDUCTORS,Adduktoren,secondary,3,2,4,Unterkörper
EX001340,Pausen-Goblet Squat mit Kettlebell,ERECTORS,Rückenstrecker,secondary,3,3,4,Rumpf
EX001340,Pausen-Goblet Squat mit Kettlebell,ABS,Gerade Bauchmuskulatur,secondary,2,4,3,Rumpf
EX001341,Pausen-Goblet Squat mit Kurzhantel,QUADS,Quadrizeps,primary,5,1,5,Unterkörper
EX001341,Pausen-Goblet Squat mit Kurzhantel,GLUTES,Gesässmuskulatur,secondary,3,1,5,Unterkörper
EX001341,Pausen-Goblet Squat mit Kurzhantel,ADDUCTORS,Adduktoren,secondary,3,2,4,Unterkörper
EX001341,Pausen-Goblet Squat mit Kurzhantel,ERECTORS,Rückenstrecker,secondary,3,3,4,Rumpf
EX001341,Pausen-Goblet Squat mit Kurzhantel,ABS,Gerade Bauchmuskulatur,secondary,2,4,3,Rumpf
EX001342,Pausen-Hackenschmidt-Kniebeuge,QUADS,Quadrizeps,primary,5,1,5,Unterkörper
EX001342,Pausen-Hackenschmidt-Kniebeuge,GLUTES,Gesässmuskulatur,secondary,3,1,5,Unterkörper
EX001342,Pausen-Hackenschmidt-Kniebeuge,ADDUCTORS,Adduktoren,secondary,3,2,4,Unterkörper
EX001342,Pausen-Hackenschmidt-Kniebeuge,ERECTORS,Rückenstrecker,secondary,3,3,4,Rumpf
EX001342,Pausen-Hackenschmidt-Kniebeuge,ABS,Gerade Bauchmuskulatur,secondary,2,4,3,Rumpf
EX001343,Pausen-Kniebeuge an der Multipresse,QUADS,Quadrizeps,primary,5,1,5,Unterkörper
EX001343,Pausen-Kniebeuge an der Multipresse,GLUTES,Gesässmuskulatur,secondary,3,1,5,Unterkörper
EX001343,Pausen-Kniebeuge an der Multipresse,ADDUCTORS,Adduktoren,secondary,3,2,4,Unterkörper
EX001343,Pausen-Kniebeuge an der Multipresse,ERECTORS,Rückenstrecker,secondary,3,3,4,Rumpf
EX001343,Pausen-Kniebeuge an der Multipresse,ABS,Gerade Bauchmuskulatur,secondary,2,4,3,Rumpf
EX001344,Pausen-Kniebeuge mit Körpergewicht,QUADS,Quadrizeps,primary,5,1,5,Unterkörper
EX001344,Pausen-Kniebeuge mit Körpergewicht,GLUTES,Gesässmuskulatur,secondary,3,1,5,Unterkörper
EX001344,Pausen-Kniebeuge mit Körpergewicht,ADDUCTORS,Adduktoren,secondary,3,2,4,Unterkörper
EX001344,Pausen-Kniebeuge mit Körpergewicht,ERECTORS,Rückenstrecker,secondary,3,3,4,Rumpf
EX001344,Pausen-Kniebeuge mit Körpergewicht,ABS,Gerade Bauchmuskulatur,secondary,2,4,3,Rumpf
EX001345,Pausen-Landmine-Kniebeuge,QUADS,Quadrizeps,primary,5,1,5,Unterkörper
EX001345,Pausen-Landmine-Kniebeuge,GLUTES,Gesässmuskulatur,secondary,3,1,5,Unterkörper
EX001345,Pausen-Landmine-Kniebeuge,ADDUCTORS,Adduktoren,secondary,3,2,4,Unterkörper
EX001345,Pausen-Landmine-Kniebeuge,ERECTORS,Rückenstrecker,secondary,3,3,4,Rumpf
EX001345,Pausen-Landmine-Kniebeuge,ABS,Gerade Bauchmuskulatur,secondary,2,4,3,Rumpf
EX001346,"Pausen-Langhantel-Kniebeuge, High-Bar",QUADS,Quadrizeps,primary,5,1,5,Unterkörper
EX001346,"Pausen-Langhantel-Kniebeuge, High-Bar",GLUTES,Gesässmuskulatur,secondary,3,1,5,Unterkörper
EX001346,"Pausen-Langhantel-Kniebeuge, High-Bar",ADDUCTORS,Adduktoren,secondary,3,2,4,Unterkörper
EX001346,"Pausen-Langhantel-Kniebeuge, High-Bar",ERECTORS,Rückenstrecker,secondary,3,3,4,Rumpf
EX001346,"Pausen-Langhantel-Kniebeuge, High-Bar",ABS,Gerade Bauchmuskulatur,secondary,2,4,3,Rumpf
EX001347,"Pausen-Langhantel-Kniebeuge, Low-Bar",QUADS,Quadrizeps,primary,5,1,5,Unterkörper
EX001347,"Pausen-Langhantel-Kniebeuge, Low-Bar",GLUTES,Gesässmuskulatur,secondary,3,1,5,Unterkörper
EX001347,"Pausen-Langhantel-Kniebeuge, Low-Bar",ADDUCTORS,Adduktoren,secondary,3,2,4,Unterkörper
EX001347,"Pausen-Langhantel-Kniebeuge, Low-Bar",ERECTORS,Rückenstrecker,secondary,3,3,4,Rumpf
EX001347,"Pausen-Langhantel-Kniebeuge, Low-Bar",ABS,Gerade Bauchmuskulatur,secondary,2,4,3,Rumpf
EX001348,Pausen-Safety-Bar-Kniebeuge,QUADS,Quadrizeps,primary,5,1,5,Unterkörper
EX001348,Pausen-Safety-Bar-Kniebeuge,GLUTES,Gesässmuskulatur,secondary,3,1,5,Unterkörper
EX001348,Pausen-Safety-Bar-Kniebeuge,ADDUCTORS,Adduktoren,secondary,3,2,4,Unterkörper
EX001348,Pausen-Safety-Bar-Kniebeuge,ERECTORS,Rückenstrecker,secondary,3,3,4,Rumpf
EX001348,Pausen-Safety-Bar-Kniebeuge,ABS,Gerade Bauchmuskulatur,secondary,2,4,3,Rumpf
EX001349,Pin-Kniebeuge mit Langhantel,QUADS,Quadrizeps,primary,5,1,5,Unterkörper
EX001349,Pin-Kniebeuge mit Langhantel,GLUTES,Gesässmuskulatur,secondary,3,1,5,Unterkörper
EX001349,Pin-Kniebeuge mit Langhantel,ADDUCTORS,Adduktoren,secondary,3,2,4,Unterkörper
EX001349,Pin-Kniebeuge mit Langhantel,ERECTORS,Rückenstrecker,secondary,3,3,4,Rumpf
EX001349,Pin-Kniebeuge mit Langhantel,ABS,Gerade Bauchmuskulatur,secondary,2,4,3,Rumpf
EX001350,Safety-Bar-Kniebeuge,QUADS,Quadrizeps,primary,5,1,5,Unterkörper
EX001350,Safety-Bar-Kniebeuge,GLUTES,Gesässmuskulatur,secondary,3,1,5,Unterkörper
EX001350,Safety-Bar-Kniebeuge,ADDUCTORS,Adduktoren,secondary,3,2,4,Unterkörper
EX001350,Safety-Bar-Kniebeuge,ERECTORS,Rückenstrecker,secondary,3,3,4,Rumpf
EX001350,Safety-Bar-Kniebeuge,ABS,Gerade Bauchmuskulatur,secondary,2,4,3,Rumpf
EX001351,Sandsack-Frontkniebeuge,QUADS,Quadrizeps,primary,5,1,5,Unterkörper
EX001351,Sandsack-Frontkniebeuge,GLUTES,Gesässmuskulatur,secondary,3,1,5,Unterkörper
EX001351,Sandsack-Frontkniebeuge,ADDUCTORS,Adduktoren,secondary,3,2,4,Unterkörper
EX001351,Sandsack-Frontkniebeuge,ERECTORS,Rückenstrecker,secondary,3,3,4,Rumpf
EX001351,Sandsack-Frontkniebeuge,ABS,Gerade Bauchmuskulatur,secondary,2,4,3,Rumpf
EX001352,Sandsack-Kniebeuge im Bear-Hug,QUADS,Quadrizeps,primary,5,1,5,Unterkörper
EX001352,Sandsack-Kniebeuge im Bear-Hug,GLUTES,Gesässmuskulatur,secondary,3,1,5,Unterkörper
EX001352,Sandsack-Kniebeuge im Bear-Hug,ADDUCTORS,Adduktoren,secondary,3,2,4,Unterkörper
EX001352,Sandsack-Kniebeuge im Bear-Hug,ERECTORS,Rückenstrecker,secondary,3,3,4,Rumpf
EX001352,Sandsack-Kniebeuge im Bear-Hug,ABS,Gerade Bauchmuskulatur,secondary,2,4,3,Rumpf
EX001353,Tempo-Belt Squat (3-1-1),QUADS,Quadrizeps,primary,5,1,5,Unterkörper
EX001353,Tempo-Belt Squat (3-1-1),GLUTES,Gesässmuskulatur,secondary,3,1,5,Unterkörper
EX001353,Tempo-Belt Squat (3-1-1),ADDUCTORS,Adduktoren,secondary,3,2,4,Unterkörper
EX001353,Tempo-Belt Squat (3-1-1),ERECTORS,Rückenstrecker,secondary,3,3,4,Rumpf
EX001353,Tempo-Belt Squat (3-1-1),ABS,Gerade Bauchmuskulatur,secondary,2,4,3,Rumpf
EX001354,Tempo-Frontkniebeuge mit Langhantel (3-1-1),QUADS,Quadrizeps,primary,5,1,5,Unterkörper
EX001354,Tempo-Frontkniebeuge mit Langhantel (3-1-1),GLUTES,Gesässmuskulatur,secondary,3,1,5,Unterkörper
EX001354,Tempo-Frontkniebeuge mit Langhantel (3-1-1),ADDUCTORS,Adduktoren,secondary,3,2,4,Unterkörper
EX001354,Tempo-Frontkniebeuge mit Langhantel (3-1-1),ERECTORS,Rückenstrecker,secondary,3,3,4,Rumpf
EX001354,Tempo-Frontkniebeuge mit Langhantel (3-1-1),ABS,Gerade Bauchmuskulatur,secondary,2,4,3,Rumpf
EX001355,Tempo-Frontkniebeuge mit zwei Kettlebells (3-1-1),QUADS,Quadrizeps,primary,5,1,5,Unterkörper
EX001355,Tempo-Frontkniebeuge mit zwei Kettlebells (3-1-1),GLUTES,Gesässmuskulatur,secondary,3,1,5,Unterkörper
EX001355,Tempo-Frontkniebeuge mit zwei Kettlebells (3-1-1),ADDUCTORS,Adduktoren,secondary,3,2,4,Unterkörper
EX001355,Tempo-Frontkniebeuge mit zwei Kettlebells (3-1-1),ERECTORS,Rückenstrecker,secondary,3,3,4,Rumpf
EX001355,Tempo-Frontkniebeuge mit zwei Kettlebells (3-1-1),ABS,Gerade Bauchmuskulatur,secondary,2,4,3,Rumpf
EX001356,Tempo-Frontkniebeuge mit zwei Kurzhanteln (3-1-1),QUADS,Quadrizeps,primary,5,1,5,Unterkörper
EX001356,Tempo-Frontkniebeuge mit zwei Kurzhanteln (3-1-1),GLUTES,Gesässmuskulatur,secondary,3,1,5,Unterkörper
EX001356,Tempo-Frontkniebeuge mit zwei Kurzhanteln (3-1-1),ADDUCTORS,Adduktoren,secondary,3,2,4,Unterkörper
EX001356,Tempo-Frontkniebeuge mit zwei Kurzhanteln (3-1-1),ERECTORS,Rückenstrecker,secondary,3,3,4,Rumpf
EX001356,Tempo-Frontkniebeuge mit zwei Kurzhanteln (3-1-1),ABS,Gerade Bauchmuskulatur,secondary,2,4,3,Rumpf
EX001357,Tempo-Goblet Squat mit Kettlebell (3-1-1),QUADS,Quadrizeps,primary,5,1,5,Unterkörper
EX001357,Tempo-Goblet Squat mit Kettlebell (3-1-1),GLUTES,Gesässmuskulatur,secondary,3,1,5,Unterkörper
EX001357,Tempo-Goblet Squat mit Kettlebell (3-1-1),ADDUCTORS,Adduktoren,secondary,3,2,4,Unterkörper
EX001357,Tempo-Goblet Squat mit Kettlebell (3-1-1),ERECTORS,Rückenstrecker,secondary,3,3,4,Rumpf
EX001357,Tempo-Goblet Squat mit Kettlebell (3-1-1),ABS,Gerade Bauchmuskulatur,secondary,2,4,3,Rumpf
EX001358,Tempo-Goblet Squat mit Kurzhantel (3-1-1),QUADS,Quadrizeps,primary,5,1,5,Unterkörper
EX001358,Tempo-Goblet Squat mit Kurzhantel (3-1-1),GLUTES,Gesässmuskulatur,secondary,3,1,5,Unterkörper
EX001358,Tempo-Goblet Squat mit Kurzhantel (3-1-1),ADDUCTORS,Adduktoren,secondary,3,2,4,Unterkörper
EX001358,Tempo-Goblet Squat mit Kurzhantel (3-1-1),ERECTORS,Rückenstrecker,secondary,3,3,4,Rumpf
EX001358,Tempo-Goblet Squat mit Kurzhantel (3-1-1),ABS,Gerade Bauchmuskulatur,secondary,2,4,3,Rumpf
EX001359,Tempo-Hackenschmidt-Kniebeuge (3-1-1),QUADS,Quadrizeps,primary,5,1,5,Unterkörper
EX001359,Tempo-Hackenschmidt-Kniebeuge (3-1-1),GLUTES,Gesässmuskulatur,secondary,3,1,5,Unterkörper
EX001359,Tempo-Hackenschmidt-Kniebeuge (3-1-1),ADDUCTORS,Adduktoren,secondary,3,2,4,Unterkörper
EX001359,Tempo-Hackenschmidt-Kniebeuge (3-1-1),ERECTORS,Rückenstrecker,secondary,3,3,4,Rumpf
EX001359,Tempo-Hackenschmidt-Kniebeuge (3-1-1),ABS,Gerade Bauchmuskulatur,secondary,2,4,3,Rumpf
EX001360,Tempo-Kniebeuge an der Multipresse (3-1-1),QUADS,Quadrizeps,primary,5,1,5,Unterkörper
EX001360,Tempo-Kniebeuge an der Multipresse (3-1-1),GLUTES,Gesässmuskulatur,secondary,3,1,5,Unterkörper
EX001360,Tempo-Kniebeuge an der Multipresse (3-1-1),ADDUCTORS,Adduktoren,secondary,3,2,4,Unterkörper
EX001360,Tempo-Kniebeuge an der Multipresse (3-1-1),ERECTORS,Rückenstrecker,secondary,3,3,4,Rumpf
EX001360,Tempo-Kniebeuge an der Multipresse (3-1-1),ABS,Gerade Bauchmuskulatur,secondary,2,4,3,Rumpf
EX001361,Tempo-Kniebeuge mit Körpergewicht (3-1-1),QUADS,Quadrizeps,primary,5,1,5,Unterkörper
EX001361,Tempo-Kniebeuge mit Körpergewicht (3-1-1),GLUTES,Gesässmuskulatur,secondary,3,1,5,Unterkörper
EX001361,Tempo-Kniebeuge mit Körpergewicht (3-1-1),ADDUCTORS,Adduktoren,secondary,3,2,4,Unterkörper
EX001361,Tempo-Kniebeuge mit Körpergewicht (3-1-1),ERECTORS,Rückenstrecker,secondary,3,3,4,Rumpf
EX001361,Tempo-Kniebeuge mit Körpergewicht (3-1-1),ABS,Gerade Bauchmuskulatur,secondary,2,4,3,Rumpf
EX001362,Tempo-Landmine-Kniebeuge (3-1-1),QUADS,Quadrizeps,primary,5,1,5,Unterkörper
EX001362,Tempo-Landmine-Kniebeuge (3-1-1),GLUTES,Gesässmuskulatur,secondary,3,1,5,Unterkörper
EX001362,Tempo-Landmine-Kniebeuge (3-1-1),ADDUCTORS,Adduktoren,secondary,3,2,4,Unterkörper
EX001362,Tempo-Landmine-Kniebeuge (3-1-1),ERECTORS,Rückenstrecker,secondary,3,3,4,Rumpf
EX001362,Tempo-Landmine-Kniebeuge (3-1-1),ABS,Gerade Bauchmuskulatur,secondary,2,4,3,Rumpf
EX001363,"Tempo-Langhantel-Kniebeuge, High-Bar (3-1-1)",QUADS,Quadrizeps,primary,5,1,5,Unterkörper
EX001363,"Tempo-Langhantel-Kniebeuge, High-Bar (3-1-1)",GLUTES,Gesässmuskulatur,secondary,3,1,5,Unterkörper
EX001363,"Tempo-Langhantel-Kniebeuge, High-Bar (3-1-1)",ADDUCTORS,Adduktoren,secondary,3,2,4,Unterkörper
EX001363,"Tempo-Langhantel-Kniebeuge, High-Bar (3-1-1)",ERECTORS,Rückenstrecker,secondary,3,3,4,Rumpf
EX001363,"Tempo-Langhantel-Kniebeuge, High-Bar (3-1-1)",ABS,Gerade Bauchmuskulatur,secondary,2,4,3,Rumpf
EX001364,"Tempo-Langhantel-Kniebeuge, Low-Bar (3-1-1)",QUADS,Quadrizeps,primary,5,1,5,Unterkörper
EX001364,"Tempo-Langhantel-Kniebeuge, Low-Bar (3-1-1)",GLUTES,Gesässmuskulatur,secondary,3,1,5,Unterkörper
EX001364,"Tempo-Langhantel-Kniebeuge, Low-Bar (3-1-1)",ADDUCTORS,Adduktoren,secondary,3,2,4,Unterkörper
EX001364,"Tempo-Langhantel-Kniebeuge, Low-Bar (3-1-1)",ERECTORS,Rückenstrecker,secondary,3,3,4,Rumpf
EX001364,"Tempo-Langhantel-Kniebeuge, Low-Bar (3-1-1)",ABS,Gerade Bauchmuskulatur,secondary,2,4,3,Rumpf
EX001365,Tempo-Safety-Bar-Kniebeuge (3-1-1),QUADS,Quadrizeps,primary,5,1,5,Unterkörper
EX001365,Tempo-Safety-Bar-Kniebeuge (3-1-1),GLUTES,Gesässmuskulatur,secondary,3,1,5,Unterkörper
EX001365,Tempo-Safety-Bar-Kniebeuge (3-1-1),ADDUCTORS,Adduktoren,secondary,3,2,4,Unterkörper
EX001365,Tempo-Safety-Bar-Kniebeuge (3-1-1),ERECTORS,Rückenstrecker,secondary,3,3,4,Rumpf
EX001365,Tempo-Safety-Bar-Kniebeuge (3-1-1),ABS,Gerade Bauchmuskulatur,secondary,2,4,3,Rumpf
EX001366,Zercher-Kniebeuge,QUADS,Quadrizeps,primary,5,1,5,Unterkörper
EX001366,Zercher-Kniebeuge,GLUTES,Gesässmuskulatur,secondary,3,1,5,Unterkörper
EX001366,Zercher-Kniebeuge,ADDUCTORS,Adduktoren,secondary,3,2,4,Unterkörper
EX001366,Zercher-Kniebeuge,ERECTORS,Rückenstrecker,secondary,3,3,4,Rumpf
EX001366,Zercher-Kniebeuge,ABS,Gerade Bauchmuskulatur,secondary,2,4,3,Rumpf
EX001367,Überkopfkniebeuge mit Langhantel,QUADS,Quadrizeps,primary,5,1,5,Unterkörper
EX001367,Überkopfkniebeuge mit Langhantel,GLUTES,Gesässmuskulatur,secondary,3,1,5,Unterkörper
EX001367,Überkopfkniebeuge mit Langhantel,ADDUCTORS,Adduktoren,secondary,3,2,4,Unterkörper
EX001367,Überkopfkniebeuge mit Langhantel,ERECTORS,Rückenstrecker,secondary,3,3,4,Rumpf
EX001367,Überkopfkniebeuge mit Langhantel,ABS,Gerade Bauchmuskulatur,secondary,2,4,3,Rumpf
EX001368,Crossover-Step-up mit Kurzhanteln,QUADS,Quadrizeps,primary,5,1,5,Unterkörper
EX001368,Crossover-Step-up mit Kurzhanteln,GLUTES,Gesässmuskulatur,secondary,3,1,5,Unterkörper
EX001368,Crossover-Step-up mit Kurzhanteln,ADDUCTORS,Adduktoren,secondary,3,2,4,Unterkörper
EX001368,Crossover-Step-up mit Kurzhanteln,HAMSTRINGS,Hintere Oberschenkelmuskulatur,secondary,3,3,4,Unterkörper
EX001368,Crossover-Step-up mit Kurzhanteln,CALVES,Wadenmuskulatur,secondary,2,4,3,Unterkörper
EX001368,Crossover-Step-up mit Kurzhanteln,ABS,Gerade Bauchmuskulatur,secondary,2,5,3,Rumpf
EX001369,Crossover-Step-up mit Körpergewicht,QUADS,Quadrizeps,primary,5,1,5,Unterkörper
EX001369,Crossover-Step-up mit Körpergewicht,GLUTES,Gesässmuskulatur,secondary,3,1,5,Unterkörper
EX001369,Crossover-Step-up mit Körpergewicht,ADDUCTORS,Adduktoren,secondary,3,2,4,Unterkörper
EX001369,Crossover-Step-up mit Körpergewicht,HAMSTRINGS,Hintere Oberschenkelmuskulatur,secondary,3,3,4,Unterkörper
EX001369,Crossover-Step-up mit Körpergewicht,CALVES,Wadenmuskulatur,secondary,2,4,3,Unterkörper
EX001369,Crossover-Step-up mit Körpergewicht,ABS,Gerade Bauchmuskulatur,secondary,2,5,3,Rumpf
EX001370,Fersen-Tap vom Step,QUADS,Quadrizeps,primary,5,1,5,Unterkörper
EX001370,Fersen-Tap vom Step,GLUTES,Gesässmuskulatur,secondary,3,1,5,Unterkörper
EX001370,Fersen-Tap vom Step,ADDUCTORS,Adduktoren,secondary,3,2,4,Unterkörper
EX001370,Fersen-Tap vom Step,HAMSTRINGS,Hintere Oberschenkelmuskulatur,secondary,3,3,4,Unterkörper
EX001370,Fersen-Tap vom Step,CALVES,Wadenmuskulatur,secondary,2,4,3,Unterkörper
EX001370,Fersen-Tap vom Step,ABS,Gerade Bauchmuskulatur,secondary,2,5,3,Rumpf
EX001371,Hoher Step-up mit Kurzhanteln,QUADS,Quadrizeps,primary,5,1,5,Unterkörper
EX001371,Hoher Step-up mit Kurzhanteln,GLUTES,Gesässmuskulatur,secondary,3,1,5,Unterkörper
EX001371,Hoher Step-up mit Kurzhanteln,ADDUCTORS,Adduktoren,secondary,3,2,4,Unterkörper
EX001371,Hoher Step-up mit Kurzhanteln,HAMSTRINGS,Hintere Oberschenkelmuskulatur,secondary,3,3,4,Unterkörper
EX001371,Hoher Step-up mit Kurzhanteln,CALVES,Wadenmuskulatur,secondary,2,4,3,Unterkörper
EX001371,Hoher Step-up mit Kurzhanteln,ABS,Gerade Bauchmuskulatur,secondary,2,5,3,Rumpf
EX001372,Kontrollierter Step-down seitlich,QUADS,Quadrizeps,primary,5,1,5,Unterkörper
EX001372,Kontrollierter Step-down seitlich,GLUTES,Gesässmuskulatur,secondary,3,1,5,Unterkörper
EX001372,Kontrollierter Step-down seitlich,ADDUCTORS,Adduktoren,secondary,3,2,4,Unterkörper
EX001372,Kontrollierter Step-down seitlich,HAMSTRINGS,Hintere Oberschenkelmuskulatur,secondary,3,3,4,Unterkörper
EX001372,Kontrollierter Step-down seitlich,CALVES,Wadenmuskulatur,secondary,2,4,3,Unterkörper
EX001372,Kontrollierter Step-down seitlich,ABS,Gerade Bauchmuskulatur,secondary,2,5,3,Rumpf
EX001373,Kontrollierter Step-down vorwärts,QUADS,Quadrizeps,primary,5,1,5,Unterkörper
EX001373,Kontrollierter Step-down vorwärts,GLUTES,Gesässmuskulatur,secondary,3,1,5,Unterkörper
EX001373,Kontrollierter Step-down vorwärts,ADDUCTORS,Adduktoren,secondary,3,2,4,Unterkörper
EX001373,Kontrollierter Step-down vorwärts,HAMSTRINGS,Hintere Oberschenkelmuskulatur,secondary,3,3,4,Unterkörper
EX001373,Kontrollierter Step-down vorwärts,CALVES,Wadenmuskulatur,secondary,2,4,3,Unterkörper
EX001373,Kontrollierter Step-down vorwärts,ABS,Gerade Bauchmuskulatur,secondary,2,5,3,Rumpf
EX001374,Landmine Step-up,QUADS,Quadrizeps,primary,5,1,5,Unterkörper
EX001374,Landmine Step-up,GLUTES,Gesässmuskulatur,secondary,3,1,5,Unterkörper
EX001374,Landmine Step-up,ADDUCTORS,Adduktoren,secondary,3,2,4,Unterkörper
EX001374,Landmine Step-up,HAMSTRINGS,Hintere Oberschenkelmuskulatur,secondary,3,3,4,Unterkörper
EX001374,Landmine Step-up,CALVES,Wadenmuskulatur,secondary,2,4,3,Unterkörper
EX001374,Landmine Step-up,ABS,Gerade Bauchmuskulatur,secondary,2,5,3,Rumpf
EX001375,Pausen-Kontrollierter Step-down seitlich,QUADS,Quadrizeps,primary,5,1,5,Unterkörper
EX001375,Pausen-Kontrollierter Step-down seitlich,GLUTES,Gesässmuskulatur,secondary,3,1,5,Unterkörper
EX001375,Pausen-Kontrollierter Step-down seitlich,ADDUCTORS,Adduktoren,secondary,3,2,4,Unterkörper
EX001375,Pausen-Kontrollierter Step-down seitlich,HAMSTRINGS,Hintere Oberschenkelmuskulatur,secondary,3,3,4,Unterkörper
EX001375,Pausen-Kontrollierter Step-down seitlich,CALVES,Wadenmuskulatur,secondary,2,4,3,Unterkörper
EX001375,Pausen-Kontrollierter Step-down seitlich,ABS,Gerade Bauchmuskulatur,secondary,2,5,3,Rumpf
EX001376,Pausen-Kontrollierter Step-down vorwärts,QUADS,Quadrizeps,primary,5,1,5,Unterkörper
EX001376,Pausen-Kontrollierter Step-down vorwärts,GLUTES,Gesässmuskulatur,secondary,3,1,5,Unterkörper
EX001376,Pausen-Kontrollierter Step-down vorwärts,ADDUCTORS,Adduktoren,secondary,3,2,4,Unterkörper
EX001376,Pausen-Kontrollierter Step-down vorwärts,HAMSTRINGS,Hintere Oberschenkelmuskulatur,secondary,3,3,4,Unterkörper
EX001376,Pausen-Kontrollierter Step-down vorwärts,CALVES,Wadenmuskulatur,secondary,2,4,3,Unterkörper
EX001376,Pausen-Kontrollierter Step-down vorwärts,ABS,Gerade Bauchmuskulatur,secondary,2,5,3,Rumpf
EX001377,Pausen-Seitlicher Step-up mit Kurzhanteln,QUADS,Quadrizeps,primary,5,1,5,Unterkörper
EX001377,Pausen-Seitlicher Step-up mit Kurzhanteln,GLUTES,Gesässmuskulatur,secondary,3,1,5,Unterkörper
EX001377,Pausen-Seitlicher Step-up mit Kurzhanteln,ADDUCTORS,Adduktoren,secondary,3,2,4,Unterkörper
EX001377,Pausen-Seitlicher Step-up mit Kurzhanteln,HAMSTRINGS,Hintere Oberschenkelmuskulatur,secondary,3,3,4,Unterkörper
EX001377,Pausen-Seitlicher Step-up mit Kurzhanteln,CALVES,Wadenmuskulatur,secondary,2,4,3,Unterkörper
EX001377,Pausen-Seitlicher Step-up mit Kurzhanteln,ABS,Gerade Bauchmuskulatur,secondary,2,5,3,Rumpf
EX001378,"Pausen-Step-up mit Kniehub, Körpergewicht",QUADS,Quadrizeps,primary,5,1,5,Unterkörper
EX001378,"Pausen-Step-up mit Kniehub, Körpergewicht",GLUTES,Gesässmuskulatur,secondary,3,1,5,Unterkörper
EX001378,"Pausen-Step-up mit Kniehub, Körpergewicht",ADDUCTORS,Adduktoren,secondary,3,2,4,Unterkörper
EX001378,"Pausen-Step-up mit Kniehub, Körpergewicht",HAMSTRINGS,Hintere Oberschenkelmuskulatur,secondary,3,3,4,Unterkörper
EX001378,"Pausen-Step-up mit Kniehub, Körpergewicht",CALVES,Wadenmuskulatur,secondary,2,4,3,Unterkörper
EX001378,"Pausen-Step-up mit Kniehub, Körpergewicht",ABS,Gerade Bauchmuskulatur,secondary,2,5,3,Rumpf
EX001379,Pausen-Step-up mit Kurzhanteln,QUADS,Quadrizeps,primary,5,1,5,Unterkörper
EX001379,Pausen-Step-up mit Kurzhanteln,GLUTES,Gesässmuskulatur,secondary,3,1,5,Unterkörper
EX001379,Pausen-Step-up mit Kurzhanteln,ADDUCTORS,Adduktoren,secondary,3,2,4,Unterkörper
EX001379,Pausen-Step-up mit Kurzhanteln,HAMSTRINGS,Hintere Oberschenkelmuskulatur,secondary,3,3,4,Unterkörper
EX001379,Pausen-Step-up mit Kurzhanteln,CALVES,Wadenmuskulatur,secondary,2,4,3,Unterkörper
EX001379,Pausen-Step-up mit Kurzhanteln,ABS,Gerade Bauchmuskulatur,secondary,2,5,3,Rumpf
EX001380,Peterson Step-up,QUADS,Quadrizeps,primary,5,1,5,Unterkörper
EX001380,Peterson Step-up,GLUTES,Gesässmuskulatur,secondary,3,1,5,Unterkörper
EX001380,Peterson Step-up,ADDUCTORS,Adduktoren,secondary,3,2,4,Unterkörper
EX001380,Peterson Step-up,HAMSTRINGS,Hintere Oberschenkelmuskulatur,secondary,3,3,4,Unterkörper
EX001380,Peterson Step-up,CALVES,Wadenmuskulatur,secondary,2,4,3,Unterkörper
EX001380,Peterson Step-up,ABS,Gerade Bauchmuskulatur,secondary,2,5,3,Rumpf
EX001381,Poliquin Step-up,QUADS,Quadrizeps,primary,5,1,5,Unterkörper
EX001381,Poliquin Step-up,GLUTES,Gesässmuskulatur,secondary,3,1,5,Unterkörper
EX001381,Poliquin Step-up,ADDUCTORS,Adduktoren,secondary,3,2,4,Unterkörper
EX001381,Poliquin Step-up,HAMSTRINGS,Hintere Oberschenkelmuskulatur,secondary,3,3,4,Unterkörper
EX001381,Poliquin Step-up,CALVES,Wadenmuskulatur,secondary,2,4,3,Unterkörper
EX001381,Poliquin Step-up,ABS,Gerade Bauchmuskulatur,secondary,2,5,3,Rumpf
EX001382,Seitlicher Step-up mit Kurzhanteln,QUADS,Quadrizeps,primary,5,1,5,Unterkörper
EX001382,Seitlicher Step-up mit Kurzhanteln,GLUTES,Gesässmuskulatur,secondary,3,1,5,Unterkörper
EX001382,Seitlicher Step-up mit Kurzhanteln,ADDUCTORS,Adduktoren,secondary,3,2,4,Unterkörper
EX001382,Seitlicher Step-up mit Kurzhanteln,HAMSTRINGS,Hintere Oberschenkelmuskulatur,secondary,3,3,4,Unterkörper
EX001382,Seitlicher Step-up mit Kurzhanteln,CALVES,Wadenmuskulatur,secondary,2,4,3,Unterkörper
EX001382,Seitlicher Step-up mit Kurzhanteln,ABS,Gerade Bauchmuskulatur,secondary,2,5,3,Rumpf
EX001383,Seitlicher Step-up mit Körpergewicht,QUADS,Quadrizeps,primary,5,1,5,Unterkörper
EX001383,Seitlicher Step-up mit Körpergewicht,GLUTES,Gesässmuskulatur,secondary,3,1,5,Unterkörper
EX001383,Seitlicher Step-up mit Körpergewicht,ADDUCTORS,Adduktoren,secondary,3,2,4,Unterkörper
EX001383,Seitlicher Step-up mit Körpergewicht,HAMSTRINGS,Hintere Oberschenkelmuskulatur,secondary,3,3,4,Unterkörper
EX001383,Seitlicher Step-up mit Körpergewicht,CALVES,Wadenmuskulatur,secondary,2,4,3,Unterkörper
EX001383,Seitlicher Step-up mit Körpergewicht,ABS,Gerade Bauchmuskulatur,secondary,2,5,3,Rumpf
EX001384,Step-up an der Multipresse,QUADS,Quadrizeps,primary,5,1,5,Unterkörper
EX001384,Step-up an der Multipresse,GLUTES,Gesässmuskulatur,secondary,3,1,5,Unterkörper
EX001384,Step-up an der Multipresse,ADDUCTORS,Adduktoren,secondary,3,2,4,Unterkörper
EX001384,Step-up an der Multipresse,HAMSTRINGS,Hintere Oberschenkelmuskulatur,secondary,3,3,4,Unterkörper
EX001384,Step-up an der Multipresse,CALVES,Wadenmuskulatur,secondary,2,4,3,Unterkörper
EX001384,Step-up an der Multipresse,ABS,Gerade Bauchmuskulatur,secondary,2,5,3,Rumpf
EX001385,Step-up mit Kettlebells,QUADS,Quadrizeps,primary,5,1,5,Unterkörper
EX001385,Step-up mit Kettlebells,GLUTES,Gesässmuskulatur,secondary,3,1,5,Unterkörper
EX001385,Step-up mit Kettlebells,ADDUCTORS,Adduktoren,secondary,3,2,4,Unterkörper
EX001385,Step-up mit Kettlebells,HAMSTRINGS,Hintere Oberschenkelmuskulatur,secondary,3,3,4,Unterkörper
EX001385,Step-up mit Kettlebells,CALVES,Wadenmuskulatur,secondary,2,4,3,Unterkörper
EX001385,Step-up mit Kettlebells,ABS,Gerade Bauchmuskulatur,secondary,2,5,3,Rumpf
EX001386,Step-up mit Kniehub und Kurzhanteln,QUADS,Quadrizeps,primary,5,1,5,Unterkörper
EX001386,Step-up mit Kniehub und Kurzhanteln,GLUTES,Gesässmuskulatur,secondary,3,1,5,Unterkörper
EX001386,Step-up mit Kniehub und Kurzhanteln,ADDUCTORS,Adduktoren,secondary,3,2,4,Unterkörper
EX001386,Step-up mit Kniehub und Kurzhanteln,HAMSTRINGS,Hintere Oberschenkelmuskulatur,secondary,3,3,4,Unterkörper
EX001386,Step-up mit Kniehub und Kurzhanteln,CALVES,Wadenmuskulatur,secondary,2,4,3,Unterkörper
EX001386,Step-up mit Kniehub und Kurzhanteln,ABS,Gerade Bauchmuskulatur,secondary,2,5,3,Rumpf
EX001387,"Step-up mit Kniehub, Körpergewicht",QUADS,Quadrizeps,primary,5,1,5,Unterkörper
EX001387,"Step-up mit Kniehub, Körpergewicht",GLUTES,Gesässmuskulatur,secondary,3,1,5,Unterkörper
EX001387,"Step-up mit Kniehub, Körpergewicht",ADDUCTORS,Adduktoren,secondary,3,2,4,Unterkörper
EX001387,"Step-up mit Kniehub, Körpergewicht",HAMSTRINGS,Hintere Oberschenkelmuskulatur,secondary,3,3,4,Unterkörper
EX001387,"Step-up mit Kniehub, Körpergewicht",CALVES,Wadenmuskulatur,secondary,2,4,3,Unterkörper
EX001387,"Step-up mit Kniehub, Körpergewicht",ABS,Gerade Bauchmuskulatur,secondary,2,5,3,Rumpf
EX001388,Step-up mit Kurzhanteln,QUADS,Quadrizeps,primary,5,1,5,Unterkörper
EX001388,Step-up mit Kurzhanteln,GLUTES,Gesässmuskulatur,secondary,3,1,5,Unterkörper
EX001388,Step-up mit Kurzhanteln,ADDUCTORS,Adduktoren,secondary,3,2,4,Unterkörper
EX001388,Step-up mit Kurzhanteln,HAMSTRINGS,Hintere Oberschenkelmuskulatur,secondary,3,3,4,Unterkörper
EX001388,Step-up mit Kurzhanteln,CALVES,Wadenmuskulatur,secondary,2,4,3,Unterkörper
EX001388,Step-up mit Kurzhanteln,ABS,Gerade Bauchmuskulatur,secondary,2,5,3,Rumpf
EX001389,Step-up mit Langhantel,QUADS,Quadrizeps,primary,5,1,5,Unterkörper
EX001389,Step-up mit Langhantel,GLUTES,Gesässmuskulatur,secondary,3,1,5,Unterkörper
EX001389,Step-up mit Langhantel,ADDUCTORS,Adduktoren,secondary,3,2,4,Unterkörper
EX001389,Step-up mit Langhantel,HAMSTRINGS,Hintere Oberschenkelmuskulatur,secondary,3,3,4,Unterkörper
EX001389,Step-up mit Langhantel,CALVES,Wadenmuskulatur,secondary,2,4,3,Unterkörper
EX001389,Step-up mit Langhantel,ABS,Gerade Bauchmuskulatur,secondary,2,5,3,Rumpf
EX001390,"Step-up, hoch, mit Körpergewicht",QUADS,Quadrizeps,primary,5,1,5,Unterkörper
EX001390,"Step-up, hoch, mit Körpergewicht",GLUTES,Gesässmuskulatur,secondary,3,1,5,Unterkörper
EX001390,"Step-up, hoch, mit Körpergewicht",ADDUCTORS,Adduktoren,secondary,3,2,4,Unterkörper
EX001390,"Step-up, hoch, mit Körpergewicht",HAMSTRINGS,Hintere Oberschenkelmuskulatur,secondary,3,3,4,Unterkörper
EX001390,"Step-up, hoch, mit Körpergewicht",CALVES,Wadenmuskulatur,secondary,2,4,3,Unterkörper
EX001390,"Step-up, hoch, mit Körpergewicht",ABS,Gerade Bauchmuskulatur,secondary,2,5,3,Rumpf
EX001391,"Step-up, niedrig, mit Körpergewicht",QUADS,Quadrizeps,primary,5,1,5,Unterkörper
EX001391,"Step-up, niedrig, mit Körpergewicht",GLUTES,Gesässmuskulatur,secondary,3,1,5,Unterkörper
EX001391,"Step-up, niedrig, mit Körpergewicht",ADDUCTORS,Adduktoren,secondary,3,2,4,Unterkörper
EX001391,"Step-up, niedrig, mit Körpergewicht",HAMSTRINGS,Hintere Oberschenkelmuskulatur,secondary,3,3,4,Unterkörper
EX001391,"Step-up, niedrig, mit Körpergewicht",CALVES,Wadenmuskulatur,secondary,2,4,3,Unterkörper
EX001391,"Step-up, niedrig, mit Körpergewicht",ABS,Gerade Bauchmuskulatur,secondary,2,5,3,Rumpf
EX001392,Tempo-Kontrollierter Step-down seitlich,QUADS,Quadrizeps,primary,5,1,5,Unterkörper
EX001392,Tempo-Kontrollierter Step-down seitlich,GLUTES,Gesässmuskulatur,secondary,3,1,5,Unterkörper
EX001392,Tempo-Kontrollierter Step-down seitlich,ADDUCTORS,Adduktoren,secondary,3,2,4,Unterkörper
EX001392,Tempo-Kontrollierter Step-down seitlich,HAMSTRINGS,Hintere Oberschenkelmuskulatur,secondary,3,3,4,Unterkörper
EX001392,Tempo-Kontrollierter Step-down seitlich,CALVES,Wadenmuskulatur,secondary,2,4,3,Unterkörper
EX001392,Tempo-Kontrollierter Step-down seitlich,ABS,Gerade Bauchmuskulatur,secondary,2,5,3,Rumpf
EX001393,Tempo-Kontrollierter Step-down vorwärts,QUADS,Quadrizeps,primary,5,1,5,Unterkörper
EX001393,Tempo-Kontrollierter Step-down vorwärts,GLUTES,Gesässmuskulatur,secondary,3,1,5,Unterkörper
EX001393,Tempo-Kontrollierter Step-down vorwärts,ADDUCTORS,Adduktoren,secondary,3,2,4,Unterkörper
EX001393,Tempo-Kontrollierter Step-down vorwärts,HAMSTRINGS,Hintere Oberschenkelmuskulatur,secondary,3,3,4,Unterkörper
EX001393,Tempo-Kontrollierter Step-down vorwärts,CALVES,Wadenmuskulatur,secondary,2,4,3,Unterkörper
EX001393,Tempo-Kontrollierter Step-down vorwärts,ABS,Gerade Bauchmuskulatur,secondary,2,5,3,Rumpf
EX001394,Tempo-Seitlicher Step-up mit Kurzhanteln,QUADS,Quadrizeps,primary,5,1,5,Unterkörper
EX001394,Tempo-Seitlicher Step-up mit Kurzhanteln,GLUTES,Gesässmuskulatur,secondary,3,1,5,Unterkörper
EX001394,Tempo-Seitlicher Step-up mit Kurzhanteln,ADDUCTORS,Adduktoren,secondary,3,2,4,Unterkörper
EX001394,Tempo-Seitlicher Step-up mit Kurzhanteln,HAMSTRINGS,Hintere Oberschenkelmuskulatur,secondary,3,3,4,Unterkörper
EX001394,Tempo-Seitlicher Step-up mit Kurzhanteln,CALVES,Wadenmuskulatur,secondary,2,4,3,Unterkörper
EX001394,Tempo-Seitlicher Step-up mit Kurzhanteln,ABS,Gerade Bauchmuskulatur,secondary,2,5,3,Rumpf
EX001395,"Tempo-Step-up mit Kniehub, Körpergewicht",QUADS,Quadrizeps,primary,5,1,5,Unterkörper
EX001395,"Tempo-Step-up mit Kniehub, Körpergewicht",GLUTES,Gesässmuskulatur,secondary,3,1,5,Unterkörper
EX001395,"Tempo-Step-up mit Kniehub, Körpergewicht",ADDUCTORS,Adduktoren,secondary,3,2,4,Unterkörper
EX001395,"Tempo-Step-up mit Kniehub, Körpergewicht",HAMSTRINGS,Hintere Oberschenkelmuskulatur,secondary,3,3,4,Unterkörper
EX001395,"Tempo-Step-up mit Kniehub, Körpergewicht",CALVES,Wadenmuskulatur,secondary,2,4,3,Unterkörper
EX001395,"Tempo-Step-up mit Kniehub, Körpergewicht",ABS,Gerade Bauchmuskulatur,secondary,2,5,3,Rumpf
EX001396,Tempo-Step-up mit Kurzhanteln,QUADS,Quadrizeps,primary,5,1,5,Unterkörper
EX001396,Tempo-Step-up mit Kurzhanteln,GLUTES,Gesässmuskulatur,secondary,3,1,5,Unterkörper
EX001396,Tempo-Step-up mit Kurzhanteln,ADDUCTORS,Adduktoren,secondary,3,2,4,Unterkörper
EX001396,Tempo-Step-up mit Kurzhanteln,HAMSTRINGS,Hintere Oberschenkelmuskulatur,secondary,3,3,4,Unterkörper
EX001396,Tempo-Step-up mit Kurzhanteln,CALVES,Wadenmuskulatur,secondary,2,4,3,Unterkörper
EX001396,Tempo-Step-up mit Kurzhanteln,ABS,Gerade Bauchmuskulatur,secondary,2,5,3,Rumpf
