exercise_id,exercise_name_de,equipment_id,equipment_name_de,is_primary_equipment,requirement_order,default_available,selection_group
EX000001,Air Bike moderat,AIR_BIKE,Air Bike,True,1,False,Cardiogeräte
EX000002,Air Bike Sprint,AIR_BIKE,Air Bike,True,1,False,Cardiogeräte
EX000003,Aquajogging,POOL,Schwimmbecken,True,1,False,Schwimmen
EX000004,Bergauflauf im Freien,OUTDOOR,Outdoor-Strecke,True,1,False,Outdoor
EX000005,Crosstrainer rückwärts,ELLIPTICAL,Crosstrainer,True,1,False,Cardiogeräte
EX000006,Crosstrainer vorwärts,ELLIPTICAL,Crosstrainer,True,1,False,Cardiogeräte
EX000007,Ergometer im Stehen,BIKE,Fahrradergometer/Spinning-Bike,True,1,False,Cardiogeräte
EX000008,Ergometer locker,BIKE,Fahrradergometer/Spinning-Bike,True,1,False,Cardiogeräte
EX000009,Ergometer moderat,BIKE,Fahrradergometer/Spinning-Bike,True,1,False,Cardiogeräte
EX000010,Ergometer-Sprint,BIKE,Fahrradergometer/Spinning-Bike,True,1,False,Cardiogeräte
EX000011,Gehen im Freien,OUTDOOR,Outdoor-Strecke,True,1,False,Outdoor
EX000012,Joggen im Freien,OUTDOOR,Outdoor-Strecke,True,1,False,Outdoor
EX000013,Laufband-Gehen,TREADMILL,Laufband,True,1,False,Cardiogeräte
EX000014,Laufband-Gehen mit Steigung,TREADMILL,Laufband,True,1,False,Cardiogeräte
EX000015,Laufband-Joggen,TREADMILL,Laufband,True,1,False,Cardiogeräte
EX000016,Laufband-Laufen,TREADMILL,Laufband,True,1,False,Cardiogeräte
EX000017,Laufband-Schlittenmodus,TREADMILL,Laufband,True,1,False,Cardiogeräte
EX000018,Laufband-Sprint,TREADMILL,Laufband,True,1,False,Cardiogeräte
EX000019,Laufen im Freien,OUTDOOR,Outdoor-Strecke,True,1,False,Outdoor
EX000020,Nordic-Walking ohne spezifische Stöcke,OUTDOOR,Outdoor-Strecke,True,1,False,Outdoor
EX000021,Ruderergometer locker,ROWER,Ruderergometer,True,1,False,Cardiogeräte
EX000022,Ruderergometer moderat,ROWER,Ruderergometer,True,1,False,Cardiogeräte
EX000023,Ruderergometer Sprint,ROWER,Ruderergometer,True,1,False,Cardiogeräte
EX000024,Schwimmen Brust,POOL,Schwimmbecken,True,1,False,Schwimmen
EX000025,Schwimmen Freistil,POOL,Schwimmbecken,True,1,False,Schwimmen
EX000026,Schwimmen Rücken,POOL,Schwimmbecken,True,1,False,Schwimmen
EX000027,Schwimmen Schmetterling,POOL,Schwimmbecken,True,1,False,Schwimmen
EX000028,SkiErg alternierend,SKI_ERG,SkiErg,True,1,False,Cardiogeräte
EX000029,SkiErg beidarmig,SKI_ERG,SkiErg,True,1,False,Cardiogeräte
EX000030,SkiErg im Kniestand,SKI_ERG,SkiErg,True,1,False,Cardiogeräte
EX000030,SkiErg im Kniestand,MAT,Trainingsmatte,False,2,False,Kleinzubehör
EX000031,Sprint im Freien,OUTDOOR,Outdoor-Strecke,True,1,False,Outdoor
EX000032,Treppensteiger moderat,STAIR_CLIMBER,Stair Climber/Stepper,True,1,False,Cardiogeräte
EX000033,Treppensteiger schnell,STAIR_CLIMBER,Stair Climber/Stepper,True,1,False,Cardiogeräte
EX000034,Wandern,OUTDOOR,Outdoor-Strecke,True,1,False,Outdoor
EX000035,Zügiges Gehen im Freien,OUTDOOR,Outdoor-Strecke,True,1,False,Outdoor
EX000036,Bear-Hug Carry mit Sandsack,SANDBAG,Sandsack (Training),True,1,False,Functional Training
EX000037,Bottom-up Kettlebell Carry,KETTLEBELL,Kettlebell(s),True,1,False,Kettlebell
EX000038,Einarmiger Overhead Carry mit Kettlebell,KETTLEBELL,Kettlebell(s),True,1,False,Kettlebell
EX000039,Einarmiger Overhead Carry mit Kurzhantel,DUMBBELL,Kurzhantel(n),True,1,False,Kurzhanteln
EX000040,Farmer's March auf der Stelle,DUMBBELL,Kurzhantel(n),True,1,False,Kurzhanteln
EX000041,Farmer's Walk auf Zehenspitzen,DUMBBELL,Kurzhantel(n),True,1,False,Kurzhanteln
EX000042,Farmer's Walk mit Farmer Handles,FARMER_HANDLES,Farmer-Walk-Griffe,True,1,False,Strongman/Functional
EX000042,Farmer's Walk mit Farmer Handles,PLATES,Hantelscheiben,False,2,False,Langhantel
EX000043,Farmer's Walk mit Griffverdickung,DUMBBELL,Kurzhantel(n),True,1,False,Kurzhanteln
EX000043,Farmer's Walk mit Griffverdickung,FAT_GRIP,Griffverdickung,False,2,False,Kleingeräte
EX000044,Farmer's Walk mit Kettlebells,KETTLEBELL,Kettlebell(s),True,1,False,Kettlebell
EX000045,Farmer's Walk mit Kurzhanteln,DUMBBELL,Kurzhantel(n),True,1,False,Kurzhanteln
EX000046,Farmer's Walk mit Trap Bar,TRAP_BAR,Trap-/Hex-Bar,True,1,False,Spezialhanteln
EX000046,Farmer's Walk mit Trap Bar,PLATES,Hantelscheiben,False,2,False,Langhantel
EX000047,Front-Rack Carry mit einer Kettlebell,KETTLEBELL,Kettlebell(s),True,1,False,Kettlebell
EX000048,Front-Rack Carry mit Langhantel,BARBELL,Langhantel,True,1,False,Langhantel
EX000048,Front-Rack Carry mit Langhantel,PLATES,Hantelscheiben,False,2,False,Langhantel
EX000048,Front-Rack Carry mit Langhantel,RACK,Kniebeugenständer/Power Rack,False,3,False,Langhantel mit Rack
EX000049,Front-Rack Carry mit zwei Kettlebells,KETTLEBELL,Kettlebell(s),True,1,False,Kettlebell
EX000050,Front-Rack March auf der Stelle,KETTLEBELL,Kettlebell(s),True,1,False,Kettlebell
EX000051,Goblet Carry mit Kettlebell,KETTLEBELL,Kettlebell(s),True,1,False,Kettlebell
EX000052,Goblet Carry mit Kurzhantel,DUMBBELL,Kurzhantel(n),True,1,False,Kurzhanteln
EX000053,Hantelscheiben Carry vor der Brust,PLATES,Hantelscheiben,True,1,False,Langhantel
EX000054,Koffer-und-Overhead-Carry,KETTLEBELL,Kettlebell(s),True,1,False,Kettlebell
EX000055,Kreuzgriff-Carry mit zwei unterschiedlichen Lasten,DUMBBELL,Kurzhantel(n),True,1,False,Kurzhanteln
EX000056,Langhantel-Overhead-Carry,BARBELL,Langhantel,True,1,False,Langhantel
EX000056,Langhantel-Overhead-Carry,PLATES,Hantelscheiben,False,2,False,Langhantel
EX000056,Langhantel-Overhead-Carry,RACK,Kniebeugenständer/Power Rack,False,3,False,Langhantel mit Rack
EX000057,Medizinball Bear-Hug Carry,MED_BALL,Medizinball,True,1,False,Functional Training
EX000058,Overhead Carry mit Kettlebells,KETTLEBELL,Kettlebell(s),True,1,False,Kettlebell
EX000059,Overhead Carry mit Kurzhanteln,DUMBBELL,Kurzhantel(n),True,1,False,Kurzhanteln
EX000060,Pinch-Block Carry,PINCH_BLOCK,Pinch-Block,True,1,False,Kleingeräte
EX000060,Pinch-Block Carry,PLATES,Hantelscheiben,False,2,False,Langhantel
EX000061,Pinch-Plate Carry,PLATES,Hantelscheiben,True,1,False,Langhantel
EX000062,Rack Carry mit zwei Kurzhanteln,DUMBBELL,Kurzhantel(n),True,1,False,Kurzhanteln
EX000063,Rückwärts Farmer's Walk,DUMBBELL,Kurzhantel(n),True,1,False,Kurzhanteln
EX000064,Sandsack Carry auf einer Schulter,SANDBAG,Sandsack (Training),True,1,False,Functional Training
EX000065,Sandsack Carry im Front Rack,SANDBAG,Sandsack (Training),True,1,False,Functional Training
EX000066,Sandsack Zercher Carry,SANDBAG,Sandsack (Training),True,1,False,Functional Training
EX000067,Suitcase Carry mit Kettlebell,KETTLEBELL,Kettlebell(s),True,1,False,Kettlebell
EX000068,Suitcase Carry mit Kurzhantel,DUMBBELL,Kurzhantel(n),True,1,False,Kurzhanteln
EX000069,Suitcase March auf der Stelle,DUMBBELL,Kurzhantel(n),True,1,False,Kurzhanteln
EX000070,Trap-Bar Suitcase Carry,TRAP_BAR,Trap-/Hex-Bar,True,1,False,Spezialhanteln
EX000070,Trap-Bar Suitcase Carry,PLATES,Hantelscheiben,False,2,False,Langhantel
EX000071,Treppen-Carry mit Kurzhanteln,DUMBBELL,Kurzhantel(n),True,1,False,Kurzhanteln
EX000071,Treppen-Carry mit Kurzhanteln,STAIR_CLIMBER,Stair Climber/Stepper,False,2,False,Cardiogeräte
EX000072,Waiter's Walk mit Kurzhantel,DUMBBELL,Kurzhantel(n),True,1,False,Kurzhanteln
EX000073,Yoke Walk,YOKE,Yoke/Joch,True,1,False,Strongman/Functional
EX000073,Yoke Walk,PLATES,Hantelscheiben,False,2,False,Langhantel
EX000074,Zercher Carry,BARBELL,Langhantel,True,1,False,Langhantel
EX000074,Zercher Carry,PLATES,Hantelscheiben,False,2,False,Langhantel
EX000074,Zercher Carry,RACK,Kniebeugenständer/Power Rack,False,3,False,Langhantel mit Rack
EX000075,Battle Rope Alternating Waves,BATTLE_ROPE,Battle Ropes,True,1,False,Strongman/Functional
EX000076,Battle Rope Circles,BATTLE_ROPE,Battle Ropes,True,1,False,Strongman/Functional
EX000077,Battle Rope Double Waves,BATTLE_ROPE,Battle Ropes,True,1,False,Strongman/Functional
EX000078,Battle Rope Side-to-Side Slams,BATTLE_ROPE,Battle Ropes,True,1,False,Strongman/Functional
EX000079,Battle Rope Slams,BATTLE_ROPE,Battle Ropes,True,1,False,Strongman/Functional
EX000080,Battle Rope Waves im Ausfallschritt,BATTLE_ROPE,Battle Ropes,True,1,False,Strongman/Functional
EX000081,Battle Rope Waves in der Kniebeuge,BATTLE_ROPE,Battle Ropes,True,1,False,Strongman/Functional
EX000082,Bear Crawl rückwärts,BODY,Körpergewicht,True,1,True,Kein Equipment
EX000082,Bear Crawl rückwärts,FLOOR,Freie Bodenfläche,False,2,True,Kein Equipment
EX000083,Bear Crawl seitwärts,BODY,Körpergewicht,True,1,True,Kein Equipment
EX000083,Bear Crawl seitwärts,FLOOR,Freie Bodenfläche,False,2,True,Kein Equipment
EX000084,Bear Crawl vorwärts,BODY,Körpergewicht,True,1,True,Kein Equipment
EX000084,Bear Crawl vorwärts,FLOOR,Freie Bodenfläche,False,2,True,Kein Equipment
EX000085,Crab Walk rückwärts,BODY,Körpergewicht,True,1,True,Kein Equipment
EX000085,Crab Walk rückwärts,FLOOR,Freie Bodenfläche,False,2,True,Kein Equipment
EX000086,Crab Walk vorwärts,BODY,Körpergewicht,True,1,True,Kein Equipment
EX000086,Crab Walk vorwärts,FLOOR,Freie Bodenfläche,False,2,True,Kein Equipment
EX000087,Crossovers mit Springseil,JUMP_ROPE,Springseil,True,1,False,Cardiogeräte
EX000088,Double Unders,JUMP_ROPE,Springseil,True,1,False,Cardiogeräte
EX000089,Duck Walk,BODY,Körpergewicht,True,1,True,Kein Equipment
EX000089,Duck Walk,FLOOR,Freie Bodenfläche,False,2,True,Kein Equipment
EX000090,Inchworm Walkout,BODY,Körpergewicht,True,1,True,Kein Equipment
EX000090,Inchworm Walkout,FLOOR,Freie Bodenfläche,False,2,True,Kein Equipment
EX000091,Reifen kippen,TIRE,Trainingsreifen,True,1,False,Strongman/Functional
EX000092,Reifen mit Vorschlaghammer schlagen,TIRE,Trainingsreifen,True,1,False,Strongman/Functional
EX000092,Reifen mit Vorschlaghammer schlagen,SLEDGEHAMMER,Vorschlaghammer,False,2,False,Strongman/Functional
EX000093,Reifen seitlich mit Vorschlaghammer schlagen,TIRE,Trainingsreifen,True,1,False,Strongman/Functional
EX000093,Reifen seitlich mit Vorschlaghammer schlagen,SLEDGEHAMMER,Vorschlaghammer,False,2,False,Strongman/Functional
EX000094,Robbenkriechen,BODY,Körpergewicht,True,1,True,Kein Equipment
EX000094,Robbenkriechen,FLOOR,Freie Bodenfläche,False,2,True,Kein Equipment
EX000095,Sandsack-Drag rückwärts,SANDBAG,Sandsack (Training),True,1,False,Functional Training
EX000096,Sandsack-Drag vorwärts,SANDBAG,Sandsack (Training),True,1,False,Functional Training
EX000097,Schlitten drücken und rückwärts ziehen,SLED,Gewichtsschlitten,True,1,False,Strongman/Functional
EX000097,Schlitten drücken und rückwärts ziehen,PLATES,Hantelscheiben,False,2,False,Langhantel
EX000098,Schlitten mit Seil zu sich ziehen,SLED,Gewichtsschlitten,True,1,False,Strongman/Functional
EX000098,Schlitten mit Seil zu sich ziehen,PLATES,Hantelscheiben,False,2,False,Langhantel
EX000098,Schlitten mit Seil zu sich ziehen,ROPE,Kletterseil,False,3,False,Strongman/Functional
EX000099,Schlitten rückwärts ziehen,SLED,Gewichtsschlitten,True,1,False,Strongman/Functional
EX000099,Schlitten rückwärts ziehen,PLATES,Hantelscheiben,False,2,False,Langhantel
EX000100,"Schlitten schieben, hohe Griffe",SLED,Gewichtsschlitten,True,1,False,Strongman/Functional
EX000100,"Schlitten schieben, hohe Griffe",PLATES,Hantelscheiben,False,2,False,Langhantel
EX000101,"Schlitten schieben, tiefe Griffe",SLED,Gewichtsschlitten,True,1,False,Strongman/Functional
EX000101,"Schlitten schieben, tiefe Griffe",PLATES,Hantelscheiben,False,2,False,Langhantel
EX000102,Schlitten seitwärts ziehen,SLED,Gewichtsschlitten,True,1,False,Strongman/Functional
EX000102,Schlitten seitwärts ziehen,PLATES,Hantelscheiben,False,2,False,Langhantel
EX000103,Schlitten vorwärts ziehen,SLED,Gewichtsschlitten,True,1,False,Strongman/Functional
EX000103,Schlitten vorwärts ziehen,PLATES,Hantelscheiben,False,2,False,Langhantel
EX000104,Schlitten-Sprint,SLED,Gewichtsschlitten,True,1,False,Strongman/Functional
EX000104,Schlitten-Sprint,PLATES,Hantelscheiben,False,2,False,Langhantel
EX000105,Seilklettern mit Beineinsatz,BODY,Körpergewicht,False,1,True,Kein Equipment
EX000105,Seilklettern mit Beineinsatz,ROPE,Kletterseil,True,2,False,Strongman/Functional
EX000106,Seilklettern ohne Beineinsatz,BODY,Körpergewicht,False,1,True,Kein Equipment
EX000106,Seilklettern ohne Beineinsatz,ROPE,Kletterseil,True,2,False,Strongman/Functional
EX000107,Seilspringen alternierend,JUMP_ROPE,Springseil,True,1,False,Cardiogeräte
EX000108,Seilspringen mit hohen Knien,JUMP_ROPE,Springseil,True,1,False,Cardiogeräte
EX000109,"Seilspringen, Grundsprung",JUMP_ROPE,Springseil,True,1,False,Cardiogeräte
EX000110,Renegade Row mit Liegestütz,DUMBBELL,Kurzhantel(n),True,1,False,Kurzhanteln
EX000110,Renegade Row mit Liegestütz,FLOOR,Freie Bodenfläche,False,2,True,Kein Equipment
EX000111,Butterfly Pull-Up,BODY,Körpergewicht,False,1,True,Kein Equipment
EX000111,Butterfly Pull-Up,PULLUP_BAR,Klimmzugstange,True,2,False,Klimmzugstange
EX000112,Kipping Pull-Up,BODY,Körpergewicht,False,1,True,Kein Equipment
EX000112,Kipping Pull-Up,PULLUP_BAR,Klimmzugstange,True,2,False,Klimmzugstange
EX000113,Handstandhalten an der Wand,BODY,Körpergewicht,False,1,True,Kein Equipment
EX000113,Handstandhalten an der Wand,WALL,Wand,True,2,True,Kein Equipment
EX000113,Handstandhalten an der Wand,FLOOR,Freie Bodenfläche,False,3,True,Kein Equipment
EX000114,90-90-Beinabsenken,BODY,Körpergewicht,True,1,True,Kein Equipment
EX000114,90-90-Beinabsenken,MAT,Trainingsmatte,False,2,False,Kleinzubehör
EX000115,Alternierendes Beinabsenken in Rückenlage,BODY,Körpergewicht,True,1,True,Kein Equipment
EX000115,Alternierendes Beinabsenken in Rückenlage,MAT,Trainingsmatte,False,2,False,Kleinzubehör
EX000116,Beidbeiniges Beinabsenken in Rückenlage,BODY,Körpergewicht,True,1,True,Kein Equipment
EX000116,Beidbeiniges Beinabsenken in Rückenlage,MAT,Trainingsmatte,False,2,False,Kleinzubehör
EX000117,Bird Dog mit Knie-Ellenbogen-Kontakt,BODY,Körpergewicht,True,1,True,Kein Equipment
EX000117,Bird Dog mit Knie-Ellenbogen-Kontakt,MAT,Trainingsmatte,False,2,False,Kleinzubehör
EX000118,Bird Dog mit Widerstandsband,BODY,Körpergewicht,False,1,True,Kein Equipment
EX000118,Bird Dog mit Widerstandsband,MAT,Trainingsmatte,False,2,False,Kleinzubehör
EX000118,Bird Dog mit Widerstandsband,BAND,Langes Widerstandsband,True,3,False,Widerstandsbänder
EX000119,Bird Dog nur Armheben,BODY,Körpergewicht,True,1,True,Kein Equipment
EX000119,Bird Dog nur Armheben,MAT,Trainingsmatte,False,2,False,Kleinzubehör
EX000120,Bird Dog nur Beinheben,BODY,Körpergewicht,True,1,True,Kein Equipment
EX000120,Bird Dog nur Beinheben,MAT,Trainingsmatte,False,2,False,Kleinzubehör
EX000121,Bird Dog Plank auf der Bank,BODY,Körpergewicht,False,1,True,Kein Equipment
EX000121,Bird Dog Plank auf der Bank,BENCH,Flachbank,True,2,False,Trainingsbank
EX000122,Bird Dog Row am Kabelzug,BODY,Körpergewicht,False,1,True,Kein Equipment
EX000122,Bird Dog Row am Kabelzug,BENCH,Flachbank,True,2,False,Trainingsbank
EX000122,Bird Dog Row am Kabelzug,CABLE,Einfacher Kabelzug,False,3,False,Kabelzug
EX000123,Bird Dog Row mit Kurzhantel,BODY,Körpergewicht,False,1,True,Kein Equipment
EX000123,Bird Dog Row mit Kurzhantel,BENCH,Flachbank,True,2,False,Trainingsbank
EX000123,Bird Dog Row mit Kurzhantel,DUMBBELL,Kurzhantel(n),False,3,False,Kurzhanteln
EX000124,"Bird Dog, Grundform",BODY,Körpergewicht,True,1,True,Kein Equipment
EX000124,"Bird Dog, Grundform",MAT,Trainingsmatte,False,2,False,Kleinzubehör
EX000125,Dead Bug mit Armen über Kopf,BODY,Körpergewicht,True,1,True,Kein Equipment
EX000125,Dead Bug mit Armen über Kopf,MAT,Trainingsmatte,False,2,False,Kleinzubehör
EX000126,Dead Bug mit Fersentippen,BODY,Körpergewicht,True,1,True,Kein Equipment
EX000126,Dead Bug mit Fersentippen,MAT,Trainingsmatte,False,2,False,Kleinzubehör
EX000127,Dead Bug mit gestreckten Beinen,BODY,Körpergewicht,True,1,True,Kein Equipment
EX000127,Dead Bug mit gestreckten Beinen,MAT,Trainingsmatte,False,2,False,Kleinzubehör
EX000128,Dead Bug mit Gymnastikball,BODY,Körpergewicht,False,1,True,Kein Equipment
EX000128,Dead Bug mit Gymnastikball,MAT,Trainingsmatte,False,2,False,Kleinzubehör
EX000128,Dead Bug mit Gymnastikball,SWISS_BALL,Gymnastikball/Swiss Ball,True,3,False,Kleinzubehör
EX000129,Dead Bug mit isometrischem Oberschenkeldruck,BODY,Körpergewicht,True,1,True,Kein Equipment
EX000129,Dead Bug mit isometrischem Oberschenkeldruck,MAT,Trainingsmatte,False,2,False,Kleinzubehör
EX000130,Dead Bug mit Kabel-Pulldown,BODY,Körpergewicht,False,1,True,Kein Equipment
EX000130,Dead Bug mit Kabel-Pulldown,MAT,Trainingsmatte,False,2,False,Kleinzubehör
EX000130,Dead Bug mit Kabel-Pulldown,CABLE,Einfacher Kabelzug,True,3,False,Kabelzug
EX000131,Dead Bug mit Kurzhantel,BODY,Körpergewicht,False,1,True,Kein Equipment
EX000131,Dead Bug mit Kurzhantel,MAT,Trainingsmatte,False,2,False,Kleinzubehör
EX000131,Dead Bug mit Kurzhantel,DUMBBELL,Kurzhantel(n),True,3,False,Kurzhanteln
EX000132,Dead Bug mit Miniband um die Füsse,BODY,Körpergewicht,False,1,True,Kein Equipment
EX000132,Dead Bug mit Miniband um die Füsse,MAT,Trainingsmatte,False,2,False,Kleinzubehör
EX000132,Dead Bug mit Miniband um die Füsse,MINIBAND,Miniband/Loop-Band,True,3,False,Widerstandsbänder
EX000133,Dead Bug mit Widerstandsband-Pulldown,BODY,Körpergewicht,False,1,True,Kein Equipment
EX000133,Dead Bug mit Widerstandsband-Pulldown,MAT,Trainingsmatte,False,2,False,Kleinzubehör
EX000133,Dead Bug mit Widerstandsband-Pulldown,BAND,Langes Widerstandsband,True,3,False,Widerstandsbänder
EX000134,"Dead Bug, Grundform",BODY,Körpergewicht,True,1,True,Kein Equipment
EX000134,"Dead Bug, Grundform",MAT,Trainingsmatte,False,2,False,Kleinzubehör
EX000135,Käfer-Crunch diagonal,BODY,Körpergewicht,True,1,True,Kein Equipment
EX000135,Käfer-Crunch diagonal,MAT,Trainingsmatte,False,2,False,Kleinzubehör
EX000136,Quadruped Hover,BODY,Körpergewicht,True,1,True,Kein Equipment
EX000136,Quadruped Hover,MAT,Trainingsmatte,False,2,False,Kleinzubehör
EX000137,Quadruped Hover mit Schultertippen,BODY,Körpergewicht,True,1,True,Kein Equipment
EX000137,Quadruped Hover mit Schultertippen,MAT,Trainingsmatte,False,2,False,Kleinzubehör
EX000138,Quadruped Hover mit Vorwärts-Rückwärtsbewegung,BODY,Körpergewicht,True,1,True,Kein Equipment
EX000138,Quadruped Hover mit Vorwärts-Rückwärtsbewegung,MAT,Trainingsmatte,False,2,False,Kleinzubehör
EX000139,Dynamischer Copenhagen Plank,BODY,Körpergewicht,False,1,True,Kein Equipment
EX000139,Dynamischer Copenhagen Plank,BENCH,Flachbank,True,2,False,Trainingsbank
EX000139,Dynamischer Copenhagen Plank,FLOOR,Freie Bodenfläche,False,3,True,Kein Equipment
EX000140,Bear Plank,BODY,Körpergewicht,True,1,True,Kein Equipment
EX000140,Bear Plank,FLOOR,Freie Bodenfläche,False,2,True,Kein Equipment
EX000141,Bear Plank mit Knieheben,BODY,Körpergewicht,True,1,True,Kein Equipment
EX000141,Bear Plank mit Knieheben,FLOOR,Freie Bodenfläche,False,2,True,Kein Equipment
EX000142,Bear Plank mit Schultertippen,BODY,Körpergewicht,True,1,True,Kein Equipment
EX000142,Bear Plank mit Schultertippen,FLOOR,Freie Bodenfläche,False,2,True,Kein Equipment
EX000143,Body Saw auf Handtüchern,BODY,Körpergewicht,False,1,True,Kein Equipment
EX000143,Body Saw auf Handtüchern,FLOOR,Freie Bodenfläche,False,2,True,Kein Equipment
EX000143,Body Saw auf Handtüchern,TOWEL,Handtuch,True,3,False,Kleingeräte
EX000144,Body Saw im Schlingentrainer,BODY,Körpergewicht,False,1,True,Kein Equipment
EX000144,Body Saw im Schlingentrainer,TRX,Schlingentrainer/TRX,True,2,False,TRX/Schlingentrainer
EX000145,Body Saw mit Slidern,BODY,Körpergewicht,False,1,True,Kein Equipment
EX000145,Body Saw mit Slidern,FLOOR,Freie Bodenfläche,False,2,True,Kein Equipment
EX000145,Body Saw mit Slidern,SLIDERS,Gleitpads/Slider,True,3,False,Kleinzubehör
EX000146,Cross-Body Mountain Climber,BODY,Körpergewicht,True,1,True,Kein Equipment
EX000146,Cross-Body Mountain Climber,FLOOR,Freie Bodenfläche,False,2,True,Kein Equipment
EX000147,Hoher Plank,BODY,Körpergewicht,True,1,True,Kein Equipment
EX000147,Hoher Plank,FLOOR,Freie Bodenfläche,False,2,True,Kein Equipment
EX000148,Hoher Plank im Schlingentrainer,BODY,Körpergewicht,False,1,True,Kein Equipment
EX000148,Hoher Plank im Schlingentrainer,TRX,Schlingentrainer/TRX,True,2,False,TRX/Schlingentrainer
EX000149,Kettlebell Renegade Row,KETTLEBELL,Kettlebell(s),True,1,False,Kettlebell
EX000149,Kettlebell Renegade Row,FLOOR,Freie Bodenfläche,False,2,True,Kein Equipment
EX000150,Langer Hebel-Unterarmstütz,BODY,Körpergewicht,True,1,True,Kein Equipment
EX000150,Langer Hebel-Unterarmstütz,FLOOR,Freie Bodenfläche,False,2,True,Kein Equipment
EX000151,Mountain Climber im Schlingentrainer,BODY,Körpergewicht,False,1,True,Kein Equipment
EX000151,Mountain Climber im Schlingentrainer,TRX,Schlingentrainer/TRX,True,2,False,TRX/Schlingentrainer
EX000152,Mountain Climber langsam,BODY,Körpergewicht,True,1,True,Kein Equipment
EX000152,Mountain Climber langsam,FLOOR,Freie Bodenfläche,False,2,True,Kein Equipment
EX000153,Mountain Climber mit Slidern,BODY,Körpergewicht,False,1,True,Kein Equipment
EX000153,Mountain Climber mit Slidern,FLOOR,Freie Bodenfläche,False,2,True,Kein Equipment
EX000153,Mountain Climber mit Slidern,SLIDERS,Gleitpads/Slider,True,3,False,Kleinzubehör
EX000154,Mountain Climber schnell,BODY,Körpergewicht,True,1,True,Kein Equipment
EX000154,Mountain Climber schnell,FLOOR,Freie Bodenfläche,False,2,True,Kein Equipment
EX000155,Plank auf einem Arm,BODY,Körpergewicht,True,1,True,Kein Equipment
EX000155,Plank auf einem Arm,FLOOR,Freie Bodenfläche,False,2,True,Kein Equipment
EX000156,Plank auf einem Bein,BODY,Körpergewicht,True,1,True,Kein Equipment
EX000156,Plank auf einem Bein,FLOOR,Freie Bodenfläche,False,2,True,Kein Equipment
EX000157,Plank Jack,BODY,Körpergewicht,True,1,True,Kein Equipment
EX000157,Plank Jack,FLOOR,Freie Bodenfläche,False,2,True,Kein Equipment
EX000158,Plank Kreisbewegung auf dem Gymnastikball,BODY,Körpergewicht,False,1,True,Kein Equipment
EX000158,Plank Kreisbewegung auf dem Gymnastikball,SWISS_BALL,Gymnastikball/Swiss Ball,True,2,False,Kleinzubehör
EX000159,Plank mit Beinheben,BODY,Körpergewicht,True,1,True,Kein Equipment
EX000159,Plank mit Beinheben,FLOOR,Freie Bodenfläche,False,2,True,Kein Equipment
EX000160,Plank mit gegenüberliegendem Arm- und Beinheben,BODY,Körpergewicht,True,1,True,Kein Equipment
EX000160,Plank mit gegenüberliegendem Arm- und Beinheben,FLOOR,Freie Bodenfläche,False,2,True,Kein Equipment
EX000161,Plank mit Hantelscheiben-Zug,BODY,Körpergewicht,False,1,True,Kein Equipment
EX000161,Plank mit Hantelscheiben-Zug,FLOOR,Freie Bodenfläche,False,2,True,Kein Equipment
EX000161,Plank mit Hantelscheiben-Zug,PLATES,Hantelscheiben,True,3,False,Langhantel
EX000162,Plank mit Knieheben,BODY,Körpergewicht,True,1,True,Kein Equipment
EX000162,Plank mit Knieheben,FLOOR,Freie Bodenfläche,False,2,True,Kein Equipment
EX000163,Plank mit Kurzhantel-Zug,BODY,Körpergewicht,False,1,True,Kein Equipment
EX000163,Plank mit Kurzhantel-Zug,FLOOR,Freie Bodenfläche,False,2,True,Kein Equipment
EX000163,Plank mit Kurzhantel-Zug,DUMBBELL,Kurzhantel(n),True,3,False,Kurzhanteln
EX000164,Plank mit langsamem Schultertippen,BODY,Körpergewicht,True,1,True,Kein Equipment
EX000164,Plank mit langsamem Schultertippen,FLOOR,Freie Bodenfläche,False,2,True,Kein Equipment
EX000165,Plank mit Schultertippen,BODY,Körpergewicht,True,1,True,Kein Equipment
EX000165,Plank mit Schultertippen,FLOOR,Freie Bodenfläche,False,2,True,Kein Equipment
EX000166,Plank mit seitlichem Schritt,BODY,Körpergewicht,True,1,True,Kein Equipment
EX000166,Plank mit seitlichem Schritt,FLOOR,Freie Bodenfläche,False,2,True,Kein Equipment
EX000167,Plank Walk-up,BODY,Körpergewicht,True,1,True,Kein Equipment
EX000167,Plank Walk-up,FLOOR,Freie Bodenfläche,False,2,True,Kein Equipment
EX000168,Renegade Row,DUMBBELL,Kurzhantel(n),True,1,False,Kurzhanteln
EX000168,Renegade Row,FLOOR,Freie Bodenfläche,False,2,True,Kein Equipment
EX000169,Ring-Plank,BODY,Körpergewicht,False,1,True,Kein Equipment
EX000169,Ring-Plank,RINGS,Turnringe,True,2,False,Turnringe
EX000170,Stir the Pot auf dem Gymnastikball,BODY,Körpergewicht,False,1,True,Kein Equipment
EX000170,Stir the Pot auf dem Gymnastikball,SWISS_BALL,Gymnastikball/Swiss Ball,True,2,False,Kleinzubehör
EX000171,Unterarmstütz,BODY,Körpergewicht,True,1,True,Kein Equipment
EX000171,Unterarmstütz,FLOOR,Freie Bodenfläche,False,2,True,Kein Equipment
EX000172,Unterarmstütz auf dem BOSU,BODY,Körpergewicht,False,1,True,Kein Equipment
EX000172,Unterarmstütz auf dem BOSU,BOSU,BOSU-Ball,True,2,False,Kleinzubehör
EX000173,Unterarmstütz auf dem Gymnastikball,BODY,Körpergewicht,False,1,True,Kein Equipment
EX000173,Unterarmstütz auf dem Gymnastikball,SWISS_BALL,Gymnastikball/Swiss Ball,True,2,False,Kleinzubehör
EX000174,Unterarmstütz auf den Knien,BODY,Körpergewicht,True,1,True,Kein Equipment
EX000174,Unterarmstütz auf den Knien,FLOOR,Freie Bodenfläche,False,2,True,Kein Equipment
EX000175,Unterarmstütz im Schlingentrainer,BODY,Körpergewicht,False,1,True,Kein Equipment
EX000175,Unterarmstütz im Schlingentrainer,TRX,Schlingentrainer/TRX,True,2,False,TRX/Schlingentrainer
EX000176,Unterarmstütz mit erhöhten Armen,BODY,Körpergewicht,False,1,True,Kein Equipment
EX000176,Unterarmstütz mit erhöhten Armen,BENCH,Flachbank,True,2,False,Trainingsbank
EX000177,Unterarmstütz mit erhöhten Füssen,BODY,Körpergewicht,False,1,True,Kein Equipment
EX000177,Unterarmstütz mit erhöhten Füssen,FLOOR,Freie Bodenfläche,False,2,True,Kein Equipment
EX000177,Unterarmstütz mit erhöhten Füssen,BENCH,Flachbank,True,3,False,Trainingsbank
EX000178,Unterarmstütz mit Zusatzgewicht,BODY,Körpergewicht,False,1,True,Kein Equipment
EX000178,Unterarmstütz mit Zusatzgewicht,FLOOR,Freie Bodenfläche,False,2,True,Kein Equipment
EX000178,Unterarmstütz mit Zusatzgewicht,PLATES,Hantelscheiben,True,3,False,Langhantel
EX000179,Isometrischer Klimmzug-Halt oben,BODY,Körpergewicht,False,1,True,Kein Equipment
EX000179,Isometrischer Klimmzug-Halt oben,PULLUP_BAR,Klimmzugstange,True,2,False,Klimmzugstange
EX000180,Ab-Wheel Rollout aus dem Kniestand,AB_WHEEL,Bauchroller/Ab-Wheel,True,1,False,Kleinzubehör
EX000180,Ab-Wheel Rollout aus dem Kniestand,MAT,Trainingsmatte,False,2,False,Kleinzubehör
EX000181,Ab-Wheel Rollout im Stehen,AB_WHEEL,Bauchroller/Ab-Wheel,True,1,False,Kleinzubehör
EX000181,Ab-Wheel Rollout im Stehen,FLOOR,Freie Bodenfläche,False,2,True,Kein Equipment
EX000182,Ab-Wheel Rollout mit Pause,AB_WHEEL,Bauchroller/Ab-Wheel,True,1,False,Kleinzubehör
EX000182,Ab-Wheel Rollout mit Pause,MAT,Trainingsmatte,False,2,False,Kleinzubehör
EX000183,Ab-Wheel Rollout schräg,AB_WHEEL,Bauchroller/Ab-Wheel,True,1,False,Kleinzubehör
EX000183,Ab-Wheel Rollout schräg,MAT,Trainingsmatte,False,2,False,Kleinzubehör
EX000184,Fallout am Kabelzug,CABLE,Einfacher Kabelzug,True,1,False,Kabelzug
EX000185,Gymnastikball-Rollout,SWISS_BALL,Gymnastikball/Swiss Ball,True,1,False,Kleinzubehör
EX000185,Gymnastikball-Rollout,MAT,Trainingsmatte,False,2,False,Kleinzubehör
EX000186,Gymnastikball-Rollout mit weitem Radius,SWISS_BALL,Gymnastikball/Swiss Ball,True,1,False,Kleinzubehör
EX000186,Gymnastikball-Rollout mit weitem Radius,MAT,Trainingsmatte,False,2,False,Kleinzubehör
EX000187,Handtuch-Rollout auf glattem Boden,TOWEL,Handtuch,True,1,False,Kleingeräte
EX000187,Handtuch-Rollout auf glattem Boden,FLOOR,Freie Bodenfläche,False,2,True,Kein Equipment
EX000188,Kabel-Rollout aus dem Kniestand,CABLE,Einfacher Kabelzug,True,1,False,Kabelzug
EX000188,Kabel-Rollout aus dem Kniestand,MAT,Trainingsmatte,False,2,False,Kleinzubehör
EX000189,Langhantel-Rollout aus dem Kniestand,BARBELL,Langhantel,True,1,False,Langhantel
EX000189,Langhantel-Rollout aus dem Kniestand,PLATES,Hantelscheiben,False,2,False,Langhantel
EX000189,Langhantel-Rollout aus dem Kniestand,MAT,Trainingsmatte,False,3,False,Kleinzubehör
EX000190,Langhantel-Rollout im Stehen,BARBELL,Langhantel,True,1,False,Langhantel
EX000190,Langhantel-Rollout im Stehen,PLATES,Hantelscheiben,False,2,False,Langhantel
EX000190,Langhantel-Rollout im Stehen,FLOOR,Freie Bodenfläche,False,3,True,Kein Equipment
EX000191,Ring-Rollout aus dem Kniestand,BODY,Körpergewicht,False,1,True,Kein Equipment
EX000191,Ring-Rollout aus dem Kniestand,RINGS,Turnringe,True,2,False,Turnringe
EX000191,Ring-Rollout aus dem Kniestand,MAT,Trainingsmatte,False,3,False,Kleinzubehör
EX000192,Rollout am Schlingentrainer,BODY,Körpergewicht,False,1,True,Kein Equipment
EX000192,Rollout am Schlingentrainer,TRX,Schlingentrainer/TRX,True,2,False,TRX/Schlingentrainer
EX000193,Rollout am Schlingentrainer einarmig,BODY,Körpergewicht,False,1,True,Kein Equipment
EX000193,Rollout am Schlingentrainer einarmig,TRX,Schlingentrainer/TRX,True,2,False,TRX/Schlingentrainer
EX000194,Slider-Rollout aus dem Kniestand,SLIDERS,Gleitpads/Slider,True,1,False,Kleinzubehör
EX000194,Slider-Rollout aus dem Kniestand,MAT,Trainingsmatte,False,2,False,Kleinzubehör
EX000195,Front-Rack Hold einarmig,KETTLEBELL,Kettlebell(s),True,1,False,Kettlebell
EX000196,Halbkniende Landmine-Rotation,LANDMINE,Landmine-Aufnahme,True,1,False,Landmine
EX000196,Halbkniende Landmine-Rotation,BARBELL,Langhantel,False,2,False,Langhantel
EX000196,Halbkniende Landmine-Rotation,PLATES,Hantelscheiben,False,3,False,Langhantel
EX000196,Halbkniende Landmine-Rotation,MAT,Trainingsmatte,False,4,False,Kleinzubehör
EX000197,Halbkniender Kabel-Holzhacker,CABLE,Einfacher Kabelzug,True,1,False,Kabelzug
EX000197,Halbkniender Kabel-Holzhacker,MAT,Trainingsmatte,False,2,False,Kleinzubehör
EX000198,Holzhacker mit Widerstandsband,BAND,Langes Widerstandsband,True,1,False,Widerstandsbänder
EX000199,Horizontaler Kabel-Holzhacker,CABLE,Einfacher Kabelzug,True,1,False,Kabelzug
EX000200,Kabel-Holzhacker von oben nach unten,CABLE,Einfacher Kabelzug,True,1,False,Kabelzug
EX000201,Kabel-Holzhacker von unten nach oben,CABLE,Einfacher Kabelzug,True,1,False,Kabelzug
EX000202,Kettlebell Suitcase Hold,KETTLEBELL,Kettlebell(s),True,1,False,Kettlebell
EX000203,Kniende Landmine-Rotation,LANDMINE,Landmine-Aufnahme,True,1,False,Landmine
EX000203,Kniende Landmine-Rotation,BARBELL,Langhantel,False,2,False,Langhantel
EX000203,Kniende Landmine-Rotation,PLATES,Hantelscheiben,False,3,False,Langhantel
EX000203,Kniende Landmine-Rotation,MAT,Trainingsmatte,False,4,False,Kleinzubehör
EX000204,Kniender Kabel-Holzhacker,CABLE,Einfacher Kabelzug,True,1,False,Kabelzug
EX000204,Kniender Kabel-Holzhacker,MAT,Trainingsmatte,False,2,False,Kleinzubehör
EX000205,Landmine-Rotation,LANDMINE,Landmine-Aufnahme,True,1,False,Landmine
EX000205,Landmine-Rotation,BARBELL,Langhantel,False,2,False,Langhantel
EX000205,Landmine-Rotation,PLATES,Hantelscheiben,False,3,False,Langhantel
EX000206,Overhead Hold einarmig,DUMBBELL,Kurzhantel(n),True,1,False,Kurzhanteln
EX000207,Overhead Hold mit Kettlebell,KETTLEBELL,Kettlebell(s),True,1,False,Kettlebell
EX000208,Pallof Hold im Stehen,CABLE,Einfacher Kabelzug,True,1,False,Kabelzug
EX000209,Pallof Hold mit Widerstandsband,BAND,Langes Widerstandsband,True,1,False,Widerstandsbänder
EX000210,Pallof Press halb kniend,CABLE,Einfacher Kabelzug,True,1,False,Kabelzug
EX000210,Pallof Press halb kniend,MAT,Trainingsmatte,False,2,False,Kleinzubehör
EX000211,Pallof Press im Kniestand,CABLE,Einfacher Kabelzug,True,1,False,Kabelzug
EX000211,Pallof Press im Kniestand,MAT,Trainingsmatte,False,2,False,Kleinzubehör
EX000212,Pallof Press im Split Stance,CABLE,Einfacher Kabelzug,True,1,False,Kabelzug
EX000213,Pallof Press im Stehen,CABLE,Einfacher Kabelzug,True,1,False,Kabelzug
EX000214,Pallof Press mit Kniebeuge,CABLE,Einfacher Kabelzug,True,1,False,Kabelzug
EX000215,Pallof Press mit Schritt seitwärts,CABLE,Einfacher Kabelzug,True,1,False,Kabelzug
EX000216,Pallof Press mit Widerstandsband,BAND,Langes Widerstandsband,True,1,False,Widerstandsbänder
EX000217,Pallof Press über Kopf,CABLE,Einfacher Kabelzug,True,1,False,Kabelzug
EX000218,Russischer Twist mit Kettlebell,KETTLEBELL,Kettlebell(s),True,1,False,Kettlebell
EX000218,Russischer Twist mit Kettlebell,MAT,Trainingsmatte,False,2,False,Kleinzubehör
EX000219,Russischer Twist mit Kurzhantel,DUMBBELL,Kurzhantel(n),True,1,False,Kurzhanteln
EX000219,Russischer Twist mit Kurzhantel,MAT,Trainingsmatte,False,2,False,Kleinzubehör
EX000220,Russischer Twist mit Medizinball,MED_BALL,Medizinball,True,1,False,Functional Training
EX000220,Russischer Twist mit Medizinball,MAT,Trainingsmatte,False,2,False,Kleinzubehör
EX000221,Russischer Twist ohne Gewicht,BODY,Körpergewicht,True,1,True,Kein Equipment
EX000221,Russischer Twist ohne Gewicht,MAT,Trainingsmatte,False,2,False,Kleinzubehör
EX000222,Saxon Side Bend mit Kurzhanteln,DUMBBELL,Kurzhantel(n),True,1,False,Kurzhanteln
EX000223,Scheibenwischer am Boden,BODY,Körpergewicht,True,1,True,Kein Equipment
EX000223,Scheibenwischer am Boden,MAT,Trainingsmatte,False,2,False,Kleinzubehör
EX000224,Scheibenwischer am Boden mit gebeugten Knien,BODY,Körpergewicht,True,1,True,Kein Equipment
EX000224,Scheibenwischer am Boden mit gebeugten Knien,MAT,Trainingsmatte,False,2,False,Kleinzubehör
EX000225,Seitbeuge am Kabelzug,CABLE,Einfacher Kabelzug,True,1,False,Kabelzug
EX000226,Seitbeuge mit Kettlebell,KETTLEBELL,Kettlebell(s),True,1,False,Kettlebell
EX000227,Seitbeuge mit Kurzhantel,DUMBBELL,Kurzhantel(n),True,1,False,Kurzhanteln
EX000228,Suitcase Hold,DUMBBELL,Kurzhantel(n),True,1,False,Kurzhanteln
EX000229,Tall-Kneeling Anti-Rotation Press,BAND,Langes Widerstandsband,True,1,False,Widerstandsbänder
EX000229,Tall-Kneeling Anti-Rotation Press,MAT,Trainingsmatte,False,2,False,Kleinzubehör
EX000230,Copenhagen Plank mit Hüftheben,BODY,Körpergewicht,False,1,True,Kein Equipment
EX000230,Copenhagen Plank mit Hüftheben,BENCH,Flachbank,True,2,False,Trainingsbank
EX000231,Copenhagen Plank mit Kniebewegung,BODY,Körpergewicht,False,1,True,Kein Equipment
EX000231,Copenhagen Plank mit Kniebewegung,BENCH,Flachbank,True,2,False,Trainingsbank
EX000232,"Copenhagen Plank, kurzer Hebel",BODY,Körpergewicht,False,1,True,Kein Equipment
EX000232,"Copenhagen Plank, kurzer Hebel",BENCH,Flachbank,True,2,False,Trainingsbank
EX000233,"Copenhagen Plank, langer Hebel",BODY,Körpergewicht,False,1,True,Kein Equipment
EX000233,"Copenhagen Plank, langer Hebel",BENCH,Flachbank,True,2,False,Trainingsbank
EX000234,Hoher Seitstütz,BODY,Körpergewicht,True,1,True,Kein Equipment
EX000234,Hoher Seitstütz,FLOOR,Freie Bodenfläche,False,2,True,Kein Equipment
EX000235,Seitstütz an der Wand,BODY,Körpergewicht,True,1,True,Kein Equipment
EX000235,Seitstütz an der Wand,WALL,Wand,False,2,True,Kein Equipment
EX000236,Seitstütz auf dem Gymnastikball,BODY,Körpergewicht,False,1,True,Kein Equipment
EX000236,Seitstütz auf dem Gymnastikball,SWISS_BALL,Gymnastikball/Swiss Ball,True,2,False,Kleinzubehör
EX000237,Seitstütz auf dem Unterarm,BODY,Körpergewicht,True,1,True,Kein Equipment
EX000237,Seitstütz auf dem Unterarm,FLOOR,Freie Bodenfläche,False,2,True,Kein Equipment
EX000238,Seitstütz auf den Knien,BODY,Körpergewicht,True,1,True,Kein Equipment
EX000238,Seitstütz auf den Knien,FLOOR,Freie Bodenfläche,False,2,True,Kein Equipment
EX000239,Seitstütz im Schlingentrainer,BODY,Körpergewicht,False,1,True,Kein Equipment
EX000239,Seitstütz im Schlingentrainer,TRX,Schlingentrainer/TRX,True,2,False,TRX/Schlingentrainer
EX000240,Seitstütz March,BODY,Körpergewicht,True,1,True,Kein Equipment
EX000240,Seitstütz March,FLOOR,Freie Bodenfläche,False,2,True,Kein Equipment
EX000241,Seitstütz mit Armzug am Kabel,BODY,Körpergewicht,False,1,True,Kein Equipment
EX000241,Seitstütz mit Armzug am Kabel,FLOOR,Freie Bodenfläche,False,2,True,Kein Equipment
EX000241,Seitstütz mit Armzug am Kabel,CABLE,Einfacher Kabelzug,True,3,False,Kabelzug
EX000242,Seitstütz mit erhöhtem Oberkörper,BODY,Körpergewicht,False,1,True,Kein Equipment
EX000242,Seitstütz mit erhöhtem Oberkörper,BENCH,Flachbank,True,2,False,Trainingsbank
EX000243,Seitstütz mit erhöhten Füssen,BODY,Körpergewicht,False,1,True,Kein Equipment
EX000243,Seitstütz mit erhöhten Füssen,BENCH,Flachbank,True,2,False,Trainingsbank
EX000244,Seitstütz mit Hüftheben,BODY,Körpergewicht,True,1,True,Kein Equipment
EX000244,Seitstütz mit Hüftheben,FLOOR,Freie Bodenfläche,False,2,True,Kein Equipment
EX000245,Seitstütz mit Knie zur Brust,BODY,Körpergewicht,True,1,True,Kein Equipment
EX000245,Seitstütz mit Knie zur Brust,FLOOR,Freie Bodenfläche,False,2,True,Kein Equipment
EX000246,Seitstütz mit Kurzhantel über Kopf,BODY,Körpergewicht,False,1,True,Kein Equipment
EX000246,Seitstütz mit Kurzhantel über Kopf,FLOOR,Freie Bodenfläche,False,2,True,Kein Equipment
EX000246,Seitstütz mit Kurzhantel über Kopf,DUMBBELL,Kurzhantel(n),True,3,False,Kurzhanteln
EX000247,Seitstütz mit Kurzhantel-Rudern,BODY,Körpergewicht,False,1,True,Kein Equipment
EX000247,Seitstütz mit Kurzhantel-Rudern,FLOOR,Freie Bodenfläche,False,2,True,Kein Equipment
EX000247,Seitstütz mit Kurzhantel-Rudern,DUMBBELL,Kurzhantel(n),True,3,False,Kurzhanteln
EX000248,Seitstütz mit Miniband-Abduktion,BODY,Körpergewicht,False,1,True,Kein Equipment
EX000248,Seitstütz mit Miniband-Abduktion,FLOOR,Freie Bodenfläche,False,2,True,Kein Equipment
EX000248,Seitstütz mit Miniband-Abduktion,MINIBAND,Miniband/Loop-Band,True,3,False,Widerstandsbänder
EX000249,Seitstütz mit oberem Beinheben,BODY,Körpergewicht,True,1,True,Kein Equipment
EX000249,Seitstütz mit oberem Beinheben,FLOOR,Freie Bodenfläche,False,2,True,Kein Equipment
EX000250,Seitstütz mit Pulldown am Kabel,BODY,Körpergewicht,False,1,True,Kein Equipment
EX000250,Seitstütz mit Pulldown am Kabel,FLOOR,Freie Bodenfläche,False,2,True,Kein Equipment
EX000250,Seitstütz mit Pulldown am Kabel,CABLE,Einfacher Kabelzug,True,3,False,Kabelzug
EX000251,Seitstütz mit Reach-through,BODY,Körpergewicht,True,1,True,Kein Equipment
EX000251,Seitstütz mit Reach-through,FLOOR,Freie Bodenfläche,False,2,True,Kein Equipment
EX000252,Seitstütz mit Rotation,BODY,Körpergewicht,True,1,True,Kein Equipment
EX000252,Seitstütz mit Rotation,FLOOR,Freie Bodenfläche,False,2,True,Kein Equipment
EX000253,Seitstütz mit Zusatzgewicht,BODY,Körpergewicht,False,1,True,Kein Equipment
EX000253,Seitstütz mit Zusatzgewicht,FLOOR,Freie Bodenfläche,False,2,True,Kein Equipment
EX000253,Seitstütz mit Zusatzgewicht,PLATES,Hantelscheiben,True,3,False,Langhantel
EX000254,Star Side Plank,BODY,Körpergewicht,True,1,True,Kein Equipment
EX000254,Star Side Plank,FLOOR,Freie Bodenfläche,False,2,True,Kein Equipment
EX000255,Alternierender V-up,BODY,Körpergewicht,True,1,True,Kein Equipment
EX000255,Alternierender V-up,MAT,Trainingsmatte,False,2,False,Kleinzubehör
EX000256,Alternierendes Beinheben in Rückenlage,BODY,Körpergewicht,True,1,True,Kein Equipment
EX000256,Alternierendes Beinheben in Rückenlage,MAT,Trainingsmatte,False,2,False,Kleinzubehör
EX000257,Beinheben an den Dip-Holmen,BODY,Körpergewicht,False,1,True,Kein Equipment
EX000257,Beinheben an den Dip-Holmen,DIP_BARS,Dip-Barren/Parallelbarren,True,2,False,Dip-Barren
EX000258,Beinheben in Rückenlage,BODY,Körpergewicht,True,1,True,Kein Equipment
EX000258,Beinheben in Rückenlage,MAT,Trainingsmatte,False,2,False,Kleinzubehör
EX000259,Beinschere seitlich,BODY,Körpergewicht,True,1,True,Kein Equipment
EX000259,Beinschere seitlich,MAT,Trainingsmatte,False,2,False,Kleinzubehör
EX000260,Crunch am Boden,BODY,Körpergewicht,True,1,True,Kein Equipment
EX000260,Crunch am Boden,MAT,Trainingsmatte,False,2,False,Kleinzubehör
EX000261,Crunch an der Bauchmaschine,AB_MACHINE,Bauchpresse/Crunch-Maschine,True,1,False,Kraftmaschinen
EX000262,Crunch auf dem BOSU,BODY,Körpergewicht,False,1,True,Kein Equipment
EX000262,Crunch auf dem BOSU,BOSU,BOSU-Ball,True,2,False,Kleinzubehör
EX000263,Crunch auf dem Gymnastikball,BODY,Körpergewicht,False,1,True,Kein Equipment
EX000263,Crunch auf dem Gymnastikball,SWISS_BALL,Gymnastikball/Swiss Ball,True,2,False,Kleinzubehör
EX000264,Crunch mit Armen über Kopf,BODY,Körpergewicht,True,1,True,Kein Equipment
EX000264,Crunch mit Armen über Kopf,MAT,Trainingsmatte,False,2,False,Kleinzubehör
EX000265,Crunch mit Füssen auf der Bank,BODY,Körpergewicht,False,1,True,Kein Equipment
EX000265,Crunch mit Füssen auf der Bank,MAT,Trainingsmatte,False,2,False,Kleinzubehör
EX000265,Crunch mit Füssen auf der Bank,BENCH,Flachbank,True,3,False,Trainingsbank
EX000266,Crunch mit Zusatzgewicht,BODY,Körpergewicht,False,1,True,Kein Equipment
EX000266,Crunch mit Zusatzgewicht,MAT,Trainingsmatte,False,2,False,Kleinzubehör
EX000266,Crunch mit Zusatzgewicht,PLATES,Hantelscheiben,True,3,False,Langhantel
EX000267,Dragon Flag,BODY,Körpergewicht,False,1,True,Kein Equipment
EX000267,Dragon Flag,BENCH,Flachbank,True,2,False,Trainingsbank
EX000268,"Dragon Flag, negativ",BODY,Körpergewicht,False,1,True,Kein Equipment
EX000268,"Dragon Flag, negativ",BENCH,Flachbank,True,2,False,Trainingsbank
EX000269,Einarmiger Crunch an der Bauchmaschine,AB_MACHINE,Bauchpresse/Crunch-Maschine,True,1,False,Kraftmaschinen
EX000270,Einarmiger Kabel-Crunch,CABLE,Einfacher Kabelzug,True,1,False,Kabelzug
EX000270,Einarmiger Kabel-Crunch,MAT,Trainingsmatte,False,2,False,Kleinzubehör
EX000271,"Hollow Hold, angewinkelte Beine",BODY,Körpergewicht,True,1,True,Kein Equipment
EX000271,"Hollow Hold, angewinkelte Beine",MAT,Trainingsmatte,False,2,False,Kleinzubehör
EX000272,Hollow-Body Hold,BODY,Körpergewicht,True,1,True,Kein Equipment
EX000272,Hollow-Body Hold,MAT,Trainingsmatte,False,2,False,Kleinzubehör
EX000273,Hollow-Body Rock,BODY,Körpergewicht,True,1,True,Kein Equipment
EX000273,Hollow-Body Rock,MAT,Trainingsmatte,False,2,False,Kleinzubehör
EX000274,Hängender Scheibenwischer,BODY,Körpergewicht,False,1,True,Kein Equipment
EX000274,Hängender Scheibenwischer,PULLUP_BAR,Klimmzugstange,True,2,False,Klimmzugstange
EX000275,Hängendes Beinheben,BODY,Körpergewicht,False,1,True,Kein Equipment
EX000275,Hängendes Beinheben,PULLUP_BAR,Klimmzugstange,True,2,False,Klimmzugstange
EX000276,Hängendes Beinheben zur Stange,BODY,Körpergewicht,False,1,True,Kein Equipment
EX000276,Hängendes Beinheben zur Stange,PULLUP_BAR,Klimmzugstange,True,2,False,Klimmzugstange
EX000277,Hängendes Knieheben,BODY,Körpergewicht,False,1,True,Kein Equipment
EX000277,Hängendes Knieheben,PULLUP_BAR,Klimmzugstange,True,2,False,Klimmzugstange
EX000278,Hängendes Knieheben mit Rotation,BODY,Körpergewicht,False,1,True,Kein Equipment
EX000278,Hängendes Knieheben mit Rotation,PULLUP_BAR,Klimmzugstange,True,2,False,Klimmzugstange
EX000279,Kabel-Crunch im Kniestand,CABLE,Einfacher Kabelzug,True,1,False,Kabelzug
EX000279,Kabel-Crunch im Kniestand,MAT,Trainingsmatte,False,2,False,Kleinzubehör
EX000280,Kabel-Crunch im Stehen,CABLE,Einfacher Kabelzug,True,1,False,Kabelzug
EX000281,Knieheben an den Dip-Holmen,BODY,Körpergewicht,False,1,True,Kein Equipment
EX000281,Knieheben an den Dip-Holmen,DIP_BARS,Dip-Barren/Parallelbarren,True,2,False,Dip-Barren
EX000282,Knieheben an Parallettes,BODY,Körpergewicht,False,1,True,Kein Equipment
EX000282,Knieheben an Parallettes,PARALLETTES,Parallettes/Liegestützgriffe,True,2,False,Kleinzubehör
EX000283,Knieheben an Turnringen,BODY,Körpergewicht,False,1,True,Kein Equipment
EX000283,Knieheben an Turnringen,RINGS,Turnringe,True,2,False,Turnringe
EX000284,Kurzhantel-Crunch,BODY,Körpergewicht,False,1,True,Kein Equipment
EX000284,Kurzhantel-Crunch,MAT,Trainingsmatte,False,2,False,Kleinzubehör
EX000284,Kurzhantel-Crunch,DUMBBELL,Kurzhantel(n),True,3,False,Kurzhanteln
EX000285,Kurzhantel-Sit-up,BODY,Körpergewicht,False,1,True,Kein Equipment
EX000285,Kurzhantel-Sit-up,MAT,Trainingsmatte,False,2,False,Kleinzubehör
EX000285,Kurzhantel-Sit-up,DUMBBELL,Kurzhantel(n),True,3,False,Kurzhanteln
EX000286,L-Sit an Parallettes,BODY,Körpergewicht,False,1,True,Kein Equipment
EX000286,L-Sit an Parallettes,PARALLETTES,Parallettes/Liegestützgriffe,True,2,False,Kleinzubehör
EX000287,L-Sit an Turnringen,BODY,Körpergewicht,False,1,True,Kein Equipment
EX000287,L-Sit an Turnringen,RINGS,Turnringe,True,2,False,Turnringe
EX000288,Medizinball-Sit-up,BODY,Körpergewicht,False,1,True,Kein Equipment
EX000288,Medizinball-Sit-up,MAT,Trainingsmatte,False,2,False,Kleinzubehör
EX000288,Medizinball-Sit-up,MED_BALL,Medizinball,True,3,False,Functional Training
EX000289,Negativbank-Crunch,BODY,Körpergewicht,False,1,True,Kein Equipment
EX000289,Negativbank-Crunch,ADJ_BENCH,Verstellbare Trainingsbank,True,2,False,Trainingsbank
EX000290,Negativbank-Sit-up,BODY,Körpergewicht,False,1,True,Kein Equipment
EX000290,Negativbank-Sit-up,ADJ_BENCH,Verstellbare Trainingsbank,True,2,False,Trainingsbank
EX000291,Reverse Crunch,BODY,Körpergewicht,True,1,True,Kein Equipment
EX000291,Reverse Crunch,MAT,Trainingsmatte,False,2,False,Kleinzubehör
EX000292,Reverse Crunch auf der Bank,BODY,Körpergewicht,False,1,True,Kein Equipment
EX000292,Reverse Crunch auf der Bank,BENCH,Flachbank,True,2,False,Trainingsbank
EX000293,Reverse Crunch auf der Schrägbank,BODY,Körpergewicht,False,1,True,Kein Equipment
EX000293,Reverse Crunch auf der Schrägbank,ADJ_BENCH,Verstellbare Trainingsbank,True,2,False,Trainingsbank
EX000294,Scherenbeinschlag,BODY,Körpergewicht,True,1,True,Kein Equipment
EX000294,Scherenbeinschlag,MAT,Trainingsmatte,False,2,False,Kleinzubehör
EX000295,Sit-up am Boden,BODY,Körpergewicht,True,1,True,Kein Equipment
EX000295,Sit-up am Boden,MAT,Trainingsmatte,False,2,False,Kleinzubehör
EX000296,Sit-up mit fixierten Füssen,BODY,Körpergewicht,False,1,True,Kein Equipment
EX000296,Sit-up mit fixierten Füssen,MAT,Trainingsmatte,False,2,False,Kleinzubehör
EX000296,Sit-up mit fixierten Füssen,BENCH,Flachbank,True,3,False,Trainingsbank
EX000297,Sit-up mit Medizinballwurf,BODY,Körpergewicht,False,1,True,Kein Equipment
EX000297,Sit-up mit Medizinballwurf,MAT,Trainingsmatte,False,2,False,Kleinzubehör
EX000297,Sit-up mit Medizinballwurf,MED_BALL,Medizinball,True,3,False,Functional Training
EX000297,Sit-up mit Medizinballwurf,WALL,Wand,False,4,True,Kein Equipment
EX000298,Sit-up mit Zusatzgewicht,BODY,Körpergewicht,False,1,True,Kein Equipment
EX000298,Sit-up mit Zusatzgewicht,MAT,Trainingsmatte,False,2,False,Kleinzubehör
EX000298,Sit-up mit Zusatzgewicht,PLATES,Hantelscheiben,True,3,False,Langhantel
EX000299,Tuck-up,BODY,Körpergewicht,True,1,True,Kein Equipment
EX000299,Tuck-up,MAT,Trainingsmatte,False,2,False,Kleinzubehör
EX000300,V-up,BODY,Körpergewicht,True,1,True,Kein Equipment
EX000300,V-up,MAT,Trainingsmatte,False,2,False,Kleinzubehör
EX000301,Adduktoren-Rockback,BODY,Körpergewicht,True,1,True,Kein Equipment
EX000301,Adduktoren-Rockback,MAT,Trainingsmatte,False,2,False,Kleinzubehör
EX000302,Cossack Squat als Mobilisation,BODY,Körpergewicht,True,1,True,Kein Equipment
EX000302,Cossack Squat als Mobilisation,FLOOR,Freie Bodenfläche,False,2,True,Kein Equipment
EX000303,Frog Stretch,BODY,Körpergewicht,True,1,True,Kein Equipment
EX000303,Frog Stretch,MAT,Trainingsmatte,False,2,False,Kleinzubehör
EX000304,Schmetterlingsstretch,BODY,Körpergewicht,True,1,True,Kein Equipment
EX000304,Schmetterlingsstretch,MAT,Trainingsmatte,False,2,False,Kleinzubehör
EX000305,Seitlicher Ausfallschritt als Mobilisation,BODY,Körpergewicht,True,1,True,Kein Equipment
EX000305,Seitlicher Ausfallschritt als Mobilisation,FLOOR,Freie Bodenfläche,False,2,True,Kein Equipment
EX000306,Sitzender Grätschstretch,BODY,Körpergewicht,True,1,True,Kein Equipment
EX000306,Sitzender Grätschstretch,MAT,Trainingsmatte,False,2,False,Kleinzubehör
EX000307,Aktive Fusskreise,BODY,Körpergewicht,True,1,True,Kein Equipment
EX000308,Sprunggelenk-Mobilisation im Ausfallschritt,BODY,Körpergewicht,True,1,True,Kein Equipment
EX000308,Sprunggelenk-Mobilisation im Ausfallschritt,FLOOR,Freie Bodenfläche,False,2,True,Kein Equipment
EX000309,Sprunggelenk-Mobilisation Knie zur Wand,BODY,Körpergewicht,True,1,True,Kein Equipment
EX000309,Sprunggelenk-Mobilisation Knie zur Wand,WALL,Wand,False,2,True,Kein Equipment
EX000310,Sprunggelenk-Mobilisation mit Widerstandsband,BAND,Langes Widerstandsband,True,1,False,Widerstandsbänder
EX000310,Sprunggelenk-Mobilisation mit Widerstandsband,FLOOR,Freie Bodenfläche,False,2,True,Kein Equipment
EX000311,Tibialis-Stretch im Kniestand,BODY,Körpergewicht,True,1,True,Kein Equipment
EX000311,Tibialis-Stretch im Kniestand,MAT,Trainingsmatte,False,2,False,Kleinzubehör
EX000312,"Wadenstretch an der Wand, gebeugtes Knie",BODY,Körpergewicht,True,1,True,Kein Equipment
EX000312,"Wadenstretch an der Wand, gebeugtes Knie",WALL,Wand,False,2,True,Kein Equipment
EX000313,"Wadenstretch an der Wand, gestrecktes Knie",BODY,Körpergewicht,True,1,True,Kein Equipment
EX000313,"Wadenstretch an der Wand, gestrecktes Knie",WALL,Wand,False,2,True,Kein Equipment
EX000314,Wadenstretch auf der Schrägplatte,SLANT_BOARD,Keilbrett/Slant Board,True,1,False,Kleinzubehör
EX000315,Bizepsstretch an der Wand,BODY,Körpergewicht,True,1,True,Kein Equipment
EX000315,Bizepsstretch an der Wand,WALL,Wand,False,2,True,Kein Equipment
EX000316,Trizepsstretch über Kopf,BODY,Körpergewicht,True,1,True,Kein Equipment
EX000317,Bruststretch auf der Foam Roll,FOAM_ROLLER,Faszienrolle,True,1,False,Kleinzubehör
EX000317,Bruststretch auf der Foam Roll,MAT,Trainingsmatte,False,2,False,Kleinzubehör
EX000318,Einarmiger Bruststretch an der Wand,BODY,Körpergewicht,True,1,True,Kein Equipment
EX000318,Einarmiger Bruststretch an der Wand,WALL,Wand,False,2,True,Kein Equipment
EX000319,Türrahmen-Bruststretch,BODY,Körpergewicht,True,1,True,Kein Equipment
EX000319,Türrahmen-Bruststretch,WALL,Wand,False,2,True,Kein Equipment
EX000320,Beinschwingen seitlich,BODY,Körpergewicht,True,1,True,Kein Equipment
EX000320,Beinschwingen seitlich,WALL,Wand,False,2,True,Kein Equipment
EX000321,Beinschwingen vor und zurück,BODY,Körpergewicht,True,1,True,Kein Equipment
EX000321,Beinschwingen vor und zurück,WALL,Wand,False,2,True,Kein Equipment
EX000322,Spiderman Lunge mit Rotation,BODY,Körpergewicht,True,1,True,Kein Equipment
EX000322,Spiderman Lunge mit Rotation,MAT,Trainingsmatte,False,2,False,Kleinzubehör
EX000323,World's Greatest Stretch,BODY,Körpergewicht,True,1,True,Kein Equipment
EX000323,World's Greatest Stretch,MAT,Trainingsmatte,False,2,False,Kleinzubehör
EX000324,Dynamischer Hamstring Sweep,BODY,Körpergewicht,True,1,True,Kein Equipment
EX000324,Dynamischer Hamstring Sweep,FLOOR,Freie Bodenfläche,False,2,True,Kein Equipment
EX000325,"Hamstring-Stretch im Sitzen, einbeinig",BODY,Körpergewicht,True,1,True,Kein Equipment
EX000325,"Hamstring-Stretch im Sitzen, einbeinig",MAT,Trainingsmatte,False,2,False,Kleinzubehör
EX000326,Hamstring-Stretch in Rückenlage,BODY,Körpergewicht,True,1,True,Kein Equipment
EX000326,Hamstring-Stretch in Rückenlage,MAT,Trainingsmatte,False,2,False,Kleinzubehör
EX000327,Hamstring-Stretch mit Widerstandsband,BAND,Langes Widerstandsband,True,1,False,Widerstandsbänder
EX000327,Hamstring-Stretch mit Widerstandsband,MAT,Trainingsmatte,False,2,False,Kleinzubehör
EX000328,Couch Stretch,BODY,Körpergewicht,True,1,True,Kein Equipment
EX000328,Couch Stretch,WALL,Wand,False,2,True,Kein Equipment
EX000328,Couch Stretch,MAT,Trainingsmatte,False,3,False,Kleinzubehör
EX000329,Hüftbeuger-Stretch halb kniend,BODY,Körpergewicht,True,1,True,Kein Equipment
EX000329,Hüftbeuger-Stretch halb kniend,MAT,Trainingsmatte,False,2,False,Kleinzubehör
EX000330,Hüftbeuger-Stretch mit Arm über Kopf,BODY,Körpergewicht,True,1,True,Kein Equipment
EX000330,Hüftbeuger-Stretch mit Arm über Kopf,MAT,Trainingsmatte,False,2,False,Kleinzubehör
EX000331,Quadrizeps-Stretch in Seitenlage,BODY,Körpergewicht,True,1,True,Kein Equipment
EX000331,Quadrizeps-Stretch in Seitenlage,MAT,Trainingsmatte,False,2,False,Kleinzubehör
EX000332,Stehender Quadrizeps-Stretch,BODY,Körpergewicht,True,1,True,Kein Equipment
EX000333,90-90-Hüftsitz halten,BODY,Körpergewicht,True,1,True,Kein Equipment
EX000333,90-90-Hüftsitz halten,MAT,Trainingsmatte,False,2,False,Kleinzubehör
EX000334,90-90-Hüftwechsel,BODY,Körpergewicht,True,1,True,Kein Equipment
EX000334,90-90-Hüftwechsel,MAT,Trainingsmatte,False,2,False,Kleinzubehör
EX000335,90-90-Hüftwechsel ohne Hände,BODY,Körpergewicht,True,1,True,Kein Equipment
EX000335,90-90-Hüftwechsel ohne Hände,MAT,Trainingsmatte,False,2,False,Kleinzubehör
EX000336,90-90-Vorbeuge,BODY,Körpergewicht,True,1,True,Kein Equipment
EX000336,90-90-Vorbeuge,MAT,Trainingsmatte,False,2,False,Kleinzubehör
EX000337,Figure-Four-Stretch im Sitzen,BODY,Körpergewicht,False,1,True,Kein Equipment
EX000337,Figure-Four-Stretch im Sitzen,BENCH,Flachbank,True,2,False,Trainingsbank
EX000338,Figure-Four-Stretch in Rückenlage,BODY,Körpergewicht,True,1,True,Kein Equipment
EX000338,Figure-Four-Stretch in Rückenlage,MAT,Trainingsmatte,False,2,False,Kleinzubehör
EX000339,Goblet Squat Pry,KETTLEBELL,Kettlebell(s),True,1,False,Kettlebell
EX000340,Taubenpose,BODY,Körpergewicht,True,1,True,Kein Equipment
EX000340,Taubenpose,MAT,Trainingsmatte,False,2,False,Kleinzubehör
EX000341,Tiefe Kniebeuge halten,BODY,Körpergewicht,True,1,True,Kein Equipment
EX000341,Tiefe Kniebeuge halten,FLOOR,Freie Bodenfläche,False,2,True,Kein Equipment
EX000342,Tiefe Kniebeuge mit Gewichtsverlagerung,BODY,Körpergewicht,True,1,True,Kein Equipment
EX000342,Tiefe Kniebeuge mit Gewichtsverlagerung,FLOOR,Freie Bodenfläche,False,2,True,Kein Equipment
EX000343,Einarmiger Lat-Stretch am Rack,BODY,Körpergewicht,False,1,True,Kein Equipment
EX000343,Einarmiger Lat-Stretch am Rack,RACK,Kniebeugenständer/Power Rack,True,2,False,Langhantel mit Rack
EX000344,Lat-Stretch an der Bank,BODY,Körpergewicht,False,1,True,Kein Equipment
EX000344,Lat-Stretch an der Bank,BENCH,Flachbank,True,2,False,Trainingsbank
EX000345,Lat-Stretch an der Wand,BODY,Körpergewicht,True,1,True,Kein Equipment
EX000345,Lat-Stretch an der Wand,WALL,Wand,False,2,True,Kein Equipment
EX000346,Lat-Stretch im Kniestand mit Gymnastikball,SWISS_BALL,Gymnastikball/Swiss Ball,True,1,False,Kleinzubehör
EX000346,Lat-Stretch im Kniestand mit Gymnastikball,MAT,Trainingsmatte,False,2,False,Kleinzubehör
EX000347,Kinn einziehen an der Wand,BODY,Körpergewicht,True,1,True,Kein Equipment
EX000347,Kinn einziehen an der Wand,WALL,Wand,False,2,True,Kein Equipment
EX000348,Levator-Scapulae-Stretch,BODY,Körpergewicht,True,1,True,Kein Equipment
EX000349,Nackenneigung seitlich,BODY,Körpergewicht,True,1,True,Kein Equipment
EX000350,Nackenrotation aktiv,BODY,Körpergewicht,True,1,True,Kein Equipment
EX000351,Foam Rolling Adduktoren,FOAM_ROLLER,Faszienrolle,True,1,False,Kleinzubehör
EX000351,Foam Rolling Adduktoren,MAT,Trainingsmatte,False,2,False,Kleinzubehör
EX000352,Foam Rolling Brust,FOAM_ROLLER,Faszienrolle,True,1,False,Kleinzubehör
EX000352,Foam Rolling Brust,MAT,Trainingsmatte,False,2,False,Kleinzubehör
EX000353,Foam Rolling Gesäss,FOAM_ROLLER,Faszienrolle,True,1,False,Kleinzubehör
EX000353,Foam Rolling Gesäss,MAT,Trainingsmatte,False,2,False,Kleinzubehör
EX000354,Foam Rolling hintere Oberschenkel,FOAM_ROLLER,Faszienrolle,True,1,False,Kleinzubehör
EX000354,Foam Rolling hintere Oberschenkel,MAT,Trainingsmatte,False,2,False,Kleinzubehör
EX000355,Foam Rolling Latissimus,FOAM_ROLLER,Faszienrolle,True,1,False,Kleinzubehör
EX000355,Foam Rolling Latissimus,MAT,Trainingsmatte,False,2,False,Kleinzubehör
EX000356,Foam Rolling oberer Rücken,FOAM_ROLLER,Faszienrolle,True,1,False,Kleinzubehör
EX000356,Foam Rolling oberer Rücken,MAT,Trainingsmatte,False,2,False,Kleinzubehör
EX000357,Foam Rolling Quadrizeps,FOAM_ROLLER,Faszienrolle,True,1,False,Kleinzubehör
EX000357,Foam Rolling Quadrizeps,MAT,Trainingsmatte,False,2,False,Kleinzubehör
EX000358,Foam Rolling Schienbeinmuskel,FOAM_ROLLER,Faszienrolle,True,1,False,Kleinzubehör
EX000358,Foam Rolling Schienbeinmuskel,MAT,Trainingsmatte,False,2,False,Kleinzubehör
EX000359,Foam Rolling seitlicher Oberschenkel,FOAM_ROLLER,Faszienrolle,True,1,False,Kleinzubehör
EX000359,Foam Rolling seitlicher Oberschenkel,MAT,Trainingsmatte,False,2,False,Kleinzubehör
EX000360,Foam Rolling Trizeps,FOAM_ROLLER,Faszienrolle,True,1,False,Kleinzubehör
EX000360,Foam Rolling Trizeps,MAT,Trainingsmatte,False,2,False,Kleinzubehör
EX000361,Foam Rolling Unterarme,FOAM_ROLLER,Faszienrolle,True,1,False,Kleinzubehör
EX000361,Foam Rolling Unterarme,MAT,Trainingsmatte,False,2,False,Kleinzubehör
EX000362,Foam Rolling Waden,FOAM_ROLLER,Faszienrolle,True,1,False,Kleinzubehör
EX000362,Foam Rolling Waden,MAT,Trainingsmatte,False,2,False,Kleinzubehör
EX000363,Cross-Body-Schulterstretch,BODY,Körpergewicht,True,1,True,Kein Equipment
EX000364,Scapula-CARs,BODY,Körpergewicht,True,1,True,Kein Equipment
EX000365,Schulter-CARs,BODY,Körpergewicht,True,1,True,Kein Equipment
EX000366,Schulter-Pass-through mit Handtuch,TOWEL,Handtuch,True,1,False,Kleingeräte
EX000367,Schulter-Pass-through mit Widerstandsband,BAND,Langes Widerstandsband,True,1,False,Widerstandsbänder
EX000368,Sleeper Stretch,BODY,Körpergewicht,True,1,True,Kein Equipment
EX000368,Sleeper Stretch,MAT,Trainingsmatte,False,2,False,Kleinzubehör
EX000369,Wall Angel,BODY,Körpergewicht,True,1,True,Kein Equipment
EX000369,Wall Angel,WALL,Wand,False,2,True,Kein Equipment
EX000370,Cat-Cow,BODY,Körpergewicht,True,1,True,Kein Equipment
EX000370,Cat-Cow,MAT,Trainingsmatte,False,2,False,Kleinzubehör
EX000371,Child's Pose,BODY,Körpergewicht,True,1,True,Kein Equipment
EX000371,Child's Pose,MAT,Trainingsmatte,False,2,False,Kleinzubehör
EX000372,Child's Pose mit seitlichem Reach,BODY,Körpergewicht,True,1,True,Kein Equipment
EX000372,Child's Pose mit seitlichem Reach,MAT,Trainingsmatte,False,2,False,Kleinzubehör
EX000373,Segmentales Abrollen im Stand ohne Gewicht,BODY,Körpergewicht,True,1,True,Kein Equipment
EX000374,Seitbeuge im Kniestand mit Arm über Kopf,BODY,Körpergewicht,True,1,True,Kein Equipment
EX000374,Seitbeuge im Kniestand mit Arm über Kopf,MAT,Trainingsmatte,False,2,False,Kleinzubehör
EX000375,Windmill ohne Gewicht,BODY,Körpergewicht,True,1,True,Kein Equipment
EX000376,Brustwirbelsäulen-Extension über die Bank,BODY,Körpergewicht,False,1,True,Kein Equipment
EX000376,Brustwirbelsäulen-Extension über die Bank,BENCH,Flachbank,True,2,False,Trainingsbank
EX000377,Brustwirbelsäulen-Extension über die Foam Roll,FOAM_ROLLER,Faszienrolle,True,1,False,Kleinzubehör
EX000377,Brustwirbelsäulen-Extension über die Foam Roll,MAT,Trainingsmatte,False,2,False,Kleinzubehör
EX000378,Brustwirbelsäulen-Rotation im Vierfüsslerstand,BODY,Körpergewicht,True,1,True,Kein Equipment
EX000378,Brustwirbelsäulen-Rotation im Vierfüsslerstand,MAT,Trainingsmatte,False,2,False,Kleinzubehör
EX000379,Open Book Rotation,BODY,Körpergewicht,True,1,True,Kein Equipment
EX000379,Open Book Rotation,MAT,Trainingsmatte,False,2,False,Kleinzubehör
EX000380,Thread the Needle,BODY,Körpergewicht,True,1,True,Kein Equipment
EX000380,Thread the Needle,MAT,Trainingsmatte,False,2,False,Kleinzubehör
EX000381,Handgelenk-Rocks im Vierfüsslerstand,BODY,Körpergewicht,True,1,True,Kein Equipment
EX000381,Handgelenk-Rocks im Vierfüsslerstand,MAT,Trainingsmatte,False,2,False,Kleinzubehör
EX000382,Handgelenk-Rocks mit Fingern zu den Knien,BODY,Körpergewicht,True,1,True,Kein Equipment
EX000382,Handgelenk-Rocks mit Fingern zu den Knien,MAT,Trainingsmatte,False,2,False,Kleinzubehör
EX000383,Unterarmbeuger-Stretch,BODY,Körpergewicht,True,1,True,Kein Equipment
EX000384,Unterarmstrecker-Stretch,BODY,Körpergewicht,True,1,True,Kein Equipment
EX000385,Pogo Jumps,BODY,Körpergewicht,True,1,True,Kein Equipment
EX000385,Pogo Jumps,FLOOR,Freie Bodenfläche,False,2,True,Kein Equipment
EX000386,Ankle Hops vorwärts,BODY,Körpergewicht,True,1,True,Kein Equipment
EX000386,Ankle Hops vorwärts,FLOOR,Freie Bodenfläche,False,2,True,Kein Equipment
EX000387,Box Jump,BODY,Körpergewicht,False,1,True,Kein Equipment
EX000387,Box Jump,BOX,Plyo-Box,True,2,False,Functional Training
EX000388,Box Jump aus dem Sitzen,BODY,Körpergewicht,False,1,True,Kein Equipment
EX000388,Box Jump aus dem Sitzen,BOX,Plyo-Box,True,2,False,Functional Training
EX000388,Box Jump aus dem Sitzen,BENCH,Flachbank,False,3,False,Trainingsbank
EX000389,Box Jump mit Gegenbewegung,BODY,Körpergewicht,False,1,True,Kein Equipment
EX000389,Box Jump mit Gegenbewegung,BOX,Plyo-Box,True,2,False,Functional Training
EX000390,Box Jump Over,BODY,Körpergewicht,False,1,True,Kein Equipment
EX000390,Box Jump Over,BOX,Plyo-Box,True,2,False,Functional Training
EX000391,Box-Jump-Burpee,BODY,Körpergewicht,False,1,True,Kein Equipment
EX000391,Box-Jump-Burpee,FLOOR,Freie Bodenfläche,False,2,True,Kein Equipment
EX000391,Box-Jump-Burpee,BOX,Plyo-Box,True,3,False,Functional Training
EX000392,Bulgarian Split Squat Jump,BODY,Körpergewicht,False,1,True,Kein Equipment
EX000392,Bulgarian Split Squat Jump,BENCH,Flachbank,True,2,False,Trainingsbank
EX000393,Burpee,BODY,Körpergewicht,True,1,True,Kein Equipment
EX000393,Burpee,FLOOR,Freie Bodenfläche,False,2,True,Kein Equipment
EX000394,Burpee mit Liegestütz,BODY,Körpergewicht,True,1,True,Kein Equipment
EX000394,Burpee mit Liegestütz,FLOOR,Freie Bodenfläche,False,2,True,Kein Equipment
EX000395,Burpee über eine Hantel,BODY,Körpergewicht,False,1,True,Kein Equipment
EX000395,Burpee über eine Hantel,FLOOR,Freie Bodenfläche,False,2,True,Kein Equipment
EX000395,Burpee über eine Hantel,DUMBBELL,Kurzhantel(n),True,3,False,Kurzhanteln
EX000396,Burpee über eine Linie,BODY,Körpergewicht,True,1,True,Kein Equipment
EX000396,Burpee über eine Linie,FLOOR,Freie Bodenfläche,False,2,True,Kein Equipment
EX000397,Depth Drop,BODY,Körpergewicht,False,1,True,Kein Equipment
EX000397,Depth Drop,BOX,Plyo-Box,True,2,False,Functional Training
EX000398,Depth Jump,BODY,Körpergewicht,False,1,True,Kein Equipment
EX000398,Depth Jump,BOX,Plyo-Box,True,2,False,Functional Training
EX000399,Depth Jump zum Box Jump,BODY,Körpergewicht,False,1,True,Kein Equipment
EX000399,Depth Jump zum Box Jump,BOX,Plyo-Box,True,2,False,Functional Training
EX000400,Drop Push-up,BODY,Körpergewicht,False,1,True,Kein Equipment
EX000400,Drop Push-up,FLOOR,Freie Bodenfläche,False,2,True,Kein Equipment
EX000400,Drop Push-up,BOX,Plyo-Box,True,3,False,Functional Training
EX000401,Einbeinige Mehrfachsprünge,BODY,Körpergewicht,True,1,True,Kein Equipment
EX000401,Einbeinige Mehrfachsprünge,FLOOR,Freie Bodenfläche,False,2,True,Kein Equipment
EX000402,Einbeiniger Box Jump,BODY,Körpergewicht,False,1,True,Kein Equipment
EX000402,Einbeiniger Box Jump,BOX,Plyo-Box,True,2,False,Functional Training
EX000403,Einbeiniger Sprung seitwärts,BODY,Körpergewicht,True,1,True,Kein Equipment
EX000403,Einbeiniger Sprung seitwärts,FLOOR,Freie Bodenfläche,False,2,True,Kein Equipment
EX000404,Einbeiniger Sprung vorwärts,BODY,Körpergewicht,True,1,True,Kein Equipment
EX000404,Einbeiniger Sprung vorwärts,FLOOR,Freie Bodenfläche,False,2,True,Kein Equipment
EX000405,Explosiver Medizinball-Pass gegen die Wand,MED_BALL,Medizinball,True,1,False,Functional Training
EX000405,Explosiver Medizinball-Pass gegen die Wand,WALL,Wand,False,2,True,Kein Equipment
EX000406,Hocksprung mit Knie zur Brust,BODY,Körpergewicht,True,1,True,Kein Equipment
EX000406,Hocksprung mit Knie zur Brust,FLOOR,Freie Bodenfläche,False,2,True,Kein Equipment
EX000407,Hürdensprung beidbeinig,BODY,Körpergewicht,False,1,True,Kein Equipment
EX000407,Hürdensprung beidbeinig,BOX,Plyo-Box,True,2,False,Functional Training
EX000408,Klatsch-Liegestütz hinter dem Rücken,BODY,Körpergewicht,True,1,True,Kein Equipment
EX000408,Klatsch-Liegestütz hinter dem Rücken,FLOOR,Freie Bodenfläche,False,2,True,Kein Equipment
EX000409,Medizinball-Pass aus Rückenlage,MED_BALL,Medizinball,True,1,False,Functional Training
EX000409,Medizinball-Pass aus Rückenlage,MAT,Trainingsmatte,False,2,False,Kleinzubehör
EX000410,Medizinball-Rückwärtswurf über Kopf,MED_BALL,Medizinball,True,1,False,Functional Training
EX000411,Medizinball-Slam,SLAM_BALL,Slam Ball,True,1,False,Functional Training
EX000412,Medizinball-Überkopfwurf nach vorn,MED_BALL,Medizinball,True,1,False,Functional Training
EX000413,Mehrfach-Hürdensprünge,BODY,Körpergewicht,False,1,True,Kein Equipment
EX000413,Mehrfach-Hürdensprünge,BOX,Plyo-Box,True,2,False,Functional Training
EX000414,Mehrfach-Weitsprünge,BODY,Körpergewicht,True,1,True,Kein Equipment
EX000414,Mehrfach-Weitsprünge,FLOOR,Freie Bodenfläche,False,2,True,Kein Equipment
EX000415,Plyometrischer Liegestütz auf Boxen,BODY,Körpergewicht,False,1,True,Kein Equipment
EX000415,Plyometrischer Liegestütz auf Boxen,FLOOR,Freie Bodenfläche,False,2,True,Kein Equipment
EX000415,Plyometrischer Liegestütz auf Boxen,BOX,Plyo-Box,True,3,False,Functional Training
EX000416,Pogo Jumps einbeinig,BODY,Körpergewicht,True,1,True,Kein Equipment
EX000416,Pogo Jumps einbeinig,FLOOR,Freie Bodenfläche,False,2,True,Kein Equipment
EX000417,Rotations-Slam mit Medizinball,SLAM_BALL,Slam Ball,True,1,False,Functional Training
EX000418,Rotationswurf mit Medizinball gegen die Wand,MED_BALL,Medizinball,True,1,False,Functional Training
EX000418,Rotationswurf mit Medizinball gegen die Wand,WALL,Wand,False,2,True,Kein Equipment
EX000419,Seitliche Bounds,BODY,Körpergewicht,True,1,True,Kein Equipment
EX000419,Seitliche Bounds,FLOOR,Freie Bodenfläche,False,2,True,Kein Equipment
EX000420,Seitliche Pogo Jumps,BODY,Körpergewicht,True,1,True,Kein Equipment
EX000420,Seitliche Pogo Jumps,FLOOR,Freie Bodenfläche,False,2,True,Kein Equipment
EX000421,Seitlicher Box Jump,BODY,Körpergewicht,False,1,True,Kein Equipment
EX000421,Seitlicher Box Jump,BOX,Plyo-Box,True,2,False,Functional Training
EX000422,Shot-Put-Wurf mit Medizinball,MED_BALL,Medizinball,True,1,False,Functional Training
EX000422,Shot-Put-Wurf mit Medizinball,WALL,Wand,False,2,True,Kein Equipment
EX000423,Skater Jump,BODY,Körpergewicht,True,1,True,Kein Equipment
EX000423,Skater Jump,FLOOR,Freie Bodenfläche,False,2,True,Kein Equipment
EX000424,Skater Jump mit Landepause,BODY,Körpergewicht,True,1,True,Kein Equipment
EX000424,Skater Jump mit Landepause,FLOOR,Freie Bodenfläche,False,2,True,Kein Equipment
EX000425,Split Squat Jump,BODY,Körpergewicht,True,1,True,Kein Equipment
EX000425,Split Squat Jump,FLOOR,Freie Bodenfläche,False,2,True,Kein Equipment
EX000426,Sprungausfallschritt,BODY,Körpergewicht,True,1,True,Kein Equipment
EX000426,Sprungausfallschritt,FLOOR,Freie Bodenfläche,False,2,True,Kein Equipment
EX000427,Squat Jump,BODY,Körpergewicht,True,1,True,Kein Equipment
EX000427,Squat Jump,FLOOR,Freie Bodenfläche,False,2,True,Kein Equipment
EX000428,Squat Jump mit Pause unten,BODY,Körpergewicht,True,1,True,Kein Equipment
EX000428,Squat Jump mit Pause unten,FLOOR,Freie Bodenfläche,False,2,True,Kein Equipment
EX000429,Star Jump,BODY,Körpergewicht,True,1,True,Kein Equipment
EX000429,Star Jump,FLOOR,Freie Bodenfläche,False,2,True,Kein Equipment
EX000430,Tuck Jump,BODY,Körpergewicht,True,1,True,Kein Equipment
EX000430,Tuck Jump,FLOOR,Freie Bodenfläche,False,2,True,Kein Equipment
EX000431,Weitsprung aus dem Stand,BODY,Körpergewicht,True,1,True,Kein Equipment
EX000431,Weitsprung aus dem Stand,FLOOR,Freie Bodenfläche,False,2,True,Kein Equipment
EX000432,Explosiver Liegestütz,BODY,Körpergewicht,True,1,True,Kein Equipment
EX000432,Explosiver Liegestütz,FLOOR,Freie Bodenfläche,False,2,True,Kein Equipment
EX000433,Klatsch-Liegestütz,BODY,Körpergewicht,True,1,True,Kein Equipment
EX000433,Klatsch-Liegestütz,FLOOR,Freie Bodenfläche,False,2,True,Kein Equipment
EX000434,Wechselnder Medizinball-Liegestütz,BODY,Körpergewicht,False,1,True,Kein Equipment
EX000434,Wechselnder Medizinball-Liegestütz,FLOOR,Freie Bodenfläche,False,2,True,Kein Equipment
EX000434,Wechselnder Medizinball-Liegestütz,MED_BALL,Medizinball,True,3,False,Functional Training
EX000435,Alternierender Kettlebell Swing,KETTLEBELL,Kettlebell(s),True,1,False,Kettlebell
EX000436,American Kettlebell Swing,KETTLEBELL,Kettlebell(s),True,1,False,Kettlebell
EX000437,Doppel-Kettlebell Clean,KETTLEBELL,Kettlebell(s),True,1,False,Kettlebell
EX000438,Doppel-Kettlebell Clean and Press,KETTLEBELL,Kettlebell(s),True,1,False,Kettlebell
EX000439,Doppel-Kettlebell Jerk,KETTLEBELL,Kettlebell(s),True,1,False,Kettlebell
EX000440,Doppel-Kettlebell Long Cycle,KETTLEBELL,Kettlebell(s),True,1,False,Kettlebell
EX000441,Doppel-Kettlebell Push Press,KETTLEBELL,Kettlebell(s),True,1,False,Kettlebell
EX000442,Doppel-Kettlebell Snatch,KETTLEBELL,Kettlebell(s),True,1,False,Kettlebell
EX000443,Doppel-Kettlebell Swing,KETTLEBELL,Kettlebell(s),True,1,False,Kettlebell
EX000444,Doppel-Kettlebell Thruster,KETTLEBELL,Kettlebell(s),True,1,False,Kettlebell
EX000445,Halber Turkish Get-up bis zum Ellenbogen,KETTLEBELL,Kettlebell(s),True,1,False,Kettlebell
EX000445,Halber Turkish Get-up bis zum Ellenbogen,MAT,Trainingsmatte,False,2,False,Kleinzubehör
EX000446,Halber Turkish Get-up bis zum hohen Sitz,KETTLEBELL,Kettlebell(s),True,1,False,Kettlebell
EX000446,Halber Turkish Get-up bis zum hohen Sitz,MAT,Trainingsmatte,False,2,False,Kleinzubehör
EX000447,Kettlebell Bent Press,KETTLEBELL,Kettlebell(s),True,1,False,Kettlebell
EX000448,Kettlebell Clean and Jerk,KETTLEBELL,Kettlebell(s),True,1,False,Kettlebell
EX000449,Kettlebell Clean and Press,KETTLEBELL,Kettlebell(s),True,1,False,Kettlebell
EX000450,Kettlebell Clean and Push Press,KETTLEBELL,Kettlebell(s),True,1,False,Kettlebell
EX000451,Kettlebell Clean aus dem Hang,KETTLEBELL,Kettlebell(s),True,1,False,Kettlebell
EX000452,"Kettlebell Clean, einarmig",KETTLEBELL,Kettlebell(s),True,1,False,Kettlebell
EX000453,Kettlebell Dead-Stop Swing,KETTLEBELL,Kettlebell(s),True,1,False,Kettlebell
EX000454,Kettlebell Half Snatch,KETTLEBELL,Kettlebell(s),True,1,False,Kettlebell
EX000455,"Kettlebell High Pull, beidhändig",KETTLEBELL,Kettlebell(s),True,1,False,Kettlebell
EX000456,"Kettlebell High Pull, einarmig",KETTLEBELL,Kettlebell(s),True,1,False,Kettlebell
EX000457,"Kettlebell Jerk, einarmig",KETTLEBELL,Kettlebell(s),True,1,False,Kettlebell
EX000458,"Kettlebell Push Press, einarmig",KETTLEBELL,Kettlebell(s),True,1,False,Kettlebell
EX000459,"Kettlebell Snatch, einarmig",KETTLEBELL,Kettlebell(s),True,1,False,Kettlebell
EX000460,"Kettlebell Swing, beidhändig",KETTLEBELL,Kettlebell(s),True,1,False,Kettlebell
EX000461,"Kettlebell Swing, einhändig",KETTLEBELL,Kettlebell(s),True,1,False,Kettlebell
EX000462,"Kettlebell Thruster, einarmig",KETTLEBELL,Kettlebell(s),True,1,False,Kettlebell
EX000463,Kettlebell Windmill,KETTLEBELL,Kettlebell(s),True,1,False,Kettlebell
EX000464,Turkish Get-up,KETTLEBELL,Kettlebell(s),True,1,False,Kettlebell
EX000464,Turkish Get-up,MAT,Trainingsmatte,False,2,False,Kleinzubehör
EX000465,Devil Press mit Kurzhanteln,DUMBBELL,Kurzhantel(n),True,1,False,Kurzhanteln
EX000465,Devil Press mit Kurzhanteln,FLOOR,Freie Bodenfläche,False,2,True,Kein Equipment
EX000466,Doppel-Kurzhantel-Snatch,DUMBBELL,Kurzhantel(n),True,1,False,Kurzhanteln
EX000467,"Kurzhantel-Clean and Press, beidarmig",DUMBBELL,Kurzhantel(n),True,1,False,Kurzhanteln
EX000468,"Kurzhantel-Clean and Press, einarmig",DUMBBELL,Kurzhantel(n),True,1,False,Kurzhanteln
EX000469,Kurzhantel-Hang-Snatch,DUMBBELL,Kurzhantel(n),True,1,False,Kurzhanteln
EX000470,"Kurzhantel-Power-Clean, beidarmig",DUMBBELL,Kurzhantel(n),True,1,False,Kurzhanteln
EX000471,"Kurzhantel-Power-Clean, einarmig",DUMBBELL,Kurzhantel(n),True,1,False,Kurzhanteln
EX000472,"Kurzhantel-Push-Press, beidarmig",DUMBBELL,Kurzhantel(n),True,1,False,Kurzhanteln
EX000473,"Kurzhantel-Push-Press, einarmig",DUMBBELL,Kurzhantel(n),True,1,False,Kurzhanteln
EX000474,Kurzhantel-Snatch vom Boden,DUMBBELL,Kurzhantel(n),True,1,False,Kurzhanteln
EX000475,"Kurzhantel-Thruster, beidarmig",DUMBBELL,Kurzhantel(n),True,1,False,Kurzhanteln
EX000476,"Kurzhantel-Thruster, einarmig",DUMBBELL,Kurzhantel(n),True,1,False,Kurzhanteln
EX000477,Man Maker mit Kurzhanteln,DUMBBELL,Kurzhantel(n),True,1,False,Kurzhanteln
EX000477,Man Maker mit Kurzhanteln,FLOOR,Freie Bodenfläche,False,2,True,Kein Equipment
EX000478,Medizinball-Clean,MED_BALL,Medizinball,True,1,False,Functional Training
EX000479,Sandsack vom Boden in den Bear Hug,SANDBAG,Sandsack (Training),True,1,False,Functional Training
EX000480,Sandsack über die Stange heben,SANDBAG,Sandsack (Training),True,1,False,Functional Training
EX000480,Sandsack über die Stange heben,BARBELL,Langhantel,False,2,False,Langhantel
EX000480,Sandsack über die Stange heben,RACK,Kniebeugenständer/Power Rack,False,3,False,Langhantel mit Rack
EX000481,Sandsack-Clean,SANDBAG,Sandsack (Training),True,1,False,Functional Training
EX000482,Sandsack-Clean and Press,SANDBAG,Sandsack (Training),True,1,False,Functional Training
EX000483,Sandsack-Clean auf die Schulter,SANDBAG,Sandsack (Training),True,1,False,Functional Training
EX000484,Sandsack-Shouldering alternierend,SANDBAG,Sandsack (Training),True,1,False,Functional Training
EX000485,Clean and Jerk,BARBELL,Langhantel,True,1,False,Langhantel
EX000485,Clean and Jerk,PLATES,Hantelscheiben,False,2,False,Langhantel
EX000486,Clean and Push Jerk,BARBELL,Langhantel,True,1,False,Langhantel
EX000486,Clean and Push Jerk,PLATES,Hantelscheiben,False,2,False,Langhantel
EX000487,Clean and Split Jerk,BARBELL,Langhantel,True,1,False,Langhantel
EX000487,Clean and Split Jerk,PLATES,Hantelscheiben,False,2,False,Langhantel
EX000488,Clean aus dem Defizit,BARBELL,Langhantel,True,1,False,Langhantel
EX000488,Clean aus dem Defizit,PLATES,Hantelscheiben,False,2,False,Langhantel
EX000488,Clean aus dem Defizit,BOX,Plyo-Box,False,3,False,Functional Training
EX000489,Clean High Pull,BARBELL,Langhantel,True,1,False,Langhantel
EX000489,Clean High Pull,PLATES,Hantelscheiben,False,2,False,Langhantel
EX000490,Clean Pull,BARBELL,Langhantel,True,1,False,Langhantel
EX000490,Clean Pull,PLATES,Hantelscheiben,False,2,False,Langhantel
EX000491,Clean vom Boden,BARBELL,Langhantel,True,1,False,Langhantel
EX000491,Clean vom Boden,PLATES,Hantelscheiben,False,2,False,Langhantel
EX000492,Clean von Blöcken,BARBELL,Langhantel,True,1,False,Langhantel
EX000492,Clean von Blöcken,PLATES,Hantelscheiben,False,2,False,Langhantel
EX000492,Clean von Blöcken,BOX,Plyo-Box,False,3,False,Functional Training
EX000493,"Clean-Komplex: Pull, Clean, Front Squat",BARBELL,Langhantel,True,1,False,Langhantel
EX000493,"Clean-Komplex: Pull, Clean, Front Squat",PLATES,Hantelscheiben,False,2,False,Langhantel
EX000494,Drop Snatch,BARBELL,Langhantel,True,1,False,Langhantel
EX000494,Drop Snatch,PLATES,Hantelscheiben,False,2,False,Langhantel
EX000494,Drop Snatch,RACK,Kniebeugenständer/Power Rack,False,3,False,Langhantel mit Rack
EX000495,Hang Clean,BARBELL,Langhantel,True,1,False,Langhantel
EX000495,Hang Clean,PLATES,Hantelscheiben,False,2,False,Langhantel
EX000496,Hang Power Clean,BARBELL,Langhantel,True,1,False,Langhantel
EX000496,Hang Power Clean,PLATES,Hantelscheiben,False,2,False,Langhantel
EX000497,Hang Power Snatch,BARBELL,Langhantel,True,1,False,Langhantel
EX000497,Hang Power Snatch,PLATES,Hantelscheiben,False,2,False,Langhantel
EX000498,Hang Snatch,BARBELL,Langhantel,True,1,False,Langhantel
EX000498,Hang Snatch,PLATES,Hantelscheiben,False,2,False,Langhantel
EX000499,Jerk hinter dem Kopf,BARBELL,Langhantel,True,1,False,Langhantel
EX000499,Jerk hinter dem Kopf,PLATES,Hantelscheiben,False,2,False,Langhantel
EX000499,Jerk hinter dem Kopf,RACK,Kniebeugenständer/Power Rack,False,3,False,Langhantel mit Rack
EX000500,Muscle Clean,BARBELL,Langhantel,True,1,False,Langhantel
EX000500,Muscle Clean,PLATES,Hantelscheiben,False,2,False,Langhantel
EX000501,Muscle Snatch,BARBELL,Langhantel,True,1,False,Langhantel
EX000501,Muscle Snatch,PLATES,Hantelscheiben,False,2,False,Langhantel
EX000502,Power Clean aus dem hohen Hang,BARBELL,Langhantel,True,1,False,Langhantel
EX000502,Power Clean aus dem hohen Hang,PLATES,Hantelscheiben,False,2,False,Langhantel
EX000503,Power Clean aus dem tiefen Hang,BARBELL,Langhantel,True,1,False,Langhantel
EX000503,Power Clean aus dem tiefen Hang,PLATES,Hantelscheiben,False,2,False,Langhantel
EX000504,Power Clean vom Boden,BARBELL,Langhantel,True,1,False,Langhantel
EX000504,Power Clean vom Boden,PLATES,Hantelscheiben,False,2,False,Langhantel
EX000505,Power Clean von Blöcken,BARBELL,Langhantel,True,1,False,Langhantel
EX000505,Power Clean von Blöcken,PLATES,Hantelscheiben,False,2,False,Langhantel
EX000505,Power Clean von Blöcken,BOX,Plyo-Box,False,3,False,Functional Training
EX000506,Power Jerk aus dem Rack,BARBELL,Langhantel,True,1,False,Langhantel
EX000506,Power Jerk aus dem Rack,PLATES,Hantelscheiben,False,2,False,Langhantel
EX000506,Power Jerk aus dem Rack,RACK,Kniebeugenständer/Power Rack,False,3,False,Langhantel mit Rack
EX000507,Power Snatch vom Boden,BARBELL,Langhantel,True,1,False,Langhantel
EX000507,Power Snatch vom Boden,PLATES,Hantelscheiben,False,2,False,Langhantel
EX000508,Power Snatch von Blöcken,BARBELL,Langhantel,True,1,False,Langhantel
EX000508,Power Snatch von Blöcken,PLATES,Hantelscheiben,False,2,False,Langhantel
EX000508,Power Snatch von Blöcken,BOX,Plyo-Box,False,3,False,Functional Training
EX000509,Push Jerk aus dem Rack,BARBELL,Langhantel,True,1,False,Langhantel
EX000509,Push Jerk aus dem Rack,PLATES,Hantelscheiben,False,2,False,Langhantel
EX000509,Push Jerk aus dem Rack,RACK,Kniebeugenständer/Power Rack,False,3,False,Langhantel mit Rack
EX000510,Snatch Balance,BARBELL,Langhantel,True,1,False,Langhantel
EX000510,Snatch Balance,PLATES,Hantelscheiben,False,2,False,Langhantel
EX000510,Snatch Balance,RACK,Kniebeugenständer/Power Rack,False,3,False,Langhantel mit Rack
EX000511,Snatch High Pull,BARBELL,Langhantel,True,1,False,Langhantel
EX000511,Snatch High Pull,PLATES,Hantelscheiben,False,2,False,Langhantel
EX000512,Snatch Pull,BARBELL,Langhantel,True,1,False,Langhantel
EX000512,Snatch Pull,PLATES,Hantelscheiben,False,2,False,Langhantel
EX000513,Snatch vom Boden,BARBELL,Langhantel,True,1,False,Langhantel
EX000513,Snatch vom Boden,PLATES,Hantelscheiben,False,2,False,Langhantel
EX000514,Snatch von Blöcken,BARBELL,Langhantel,True,1,False,Langhantel
EX000514,Snatch von Blöcken,PLATES,Hantelscheiben,False,2,False,Langhantel
EX000514,Snatch von Blöcken,BOX,Plyo-Box,False,3,False,Functional Training
EX000515,"Snatch-Komplex: Pull, Snatch, Overhead Squat",BARBELL,Langhantel,True,1,False,Langhantel
EX000515,"Snatch-Komplex: Pull, Snatch, Overhead Squat",PLATES,Hantelscheiben,False,2,False,Langhantel
EX000516,Split Jerk aus dem Rack,BARBELL,Langhantel,True,1,False,Langhantel
EX000516,Split Jerk aus dem Rack,PLATES,Hantelscheiben,False,2,False,Langhantel
EX000516,Split Jerk aus dem Rack,RACK,Kniebeugenständer/Power Rack,False,3,False,Langhantel mit Rack
EX000517,Tall Clean,BARBELL,Langhantel,True,1,False,Langhantel
EX000517,Tall Clean,PLATES,Hantelscheiben,False,2,False,Langhantel
EX000518,Tall Snatch,BARBELL,Langhantel,True,1,False,Langhantel
EX000518,Tall Snatch,PLATES,Hantelscheiben,False,2,False,Langhantel
EX000519,"Kettlebell Push Press, beidarmig",KETTLEBELL,Kettlebell(s),True,1,False,Kettlebell
EX000519,"Kettlebell Push Press, beidarmig",FLOOR,Freie Bodenfläche,False,2,True,Kein Equipment
EX000520,Push Press mit Langhantel,BARBELL,Langhantel,True,1,False,Langhantel
EX000520,Push Press mit Langhantel,PLATES,Hantelscheiben,False,2,False,Langhantel
EX000520,Push Press mit Langhantel,RACK,Kniebeugenständer/Power Rack,False,3,False,Langhantel mit Rack
EX000521,Hip-Hinge-Drill an der Wand,BODY,Körpergewicht,False,1,True,Kein Equipment
EX000521,Hip-Hinge-Drill an der Wand,WALL,Wand,True,2,True,Kein Equipment
EX000521,Hip-Hinge-Drill an der Wand,FLOOR,Freie Bodenfläche,False,3,True,Kein Equipment
EX000522,"Abduktion an der Maschine, nach vorne gelehnt",HIP_ABD_MACHINE,Abduktoren-Maschine,True,1,False,Kraftmaschinen
EX000523,"Abduktion an der Maschine, sitzend",HIP_ABD_MACHINE,Abduktoren-Maschine,True,1,False,Kraftmaschinen
EX000524,"Adduktion an der Maschine, sitzend",HIP_ADD_MACHINE,Adduktoren-Maschine,True,1,False,Kraftmaschinen
EX000525,Clamshell mit Miniband,BODY,Körpergewicht,False,1,True,Kein Equipment
EX000525,Clamshell mit Miniband,FLOOR,Freie Bodenfläche,False,2,True,Kein Equipment
EX000525,Clamshell mit Miniband,MAT,Trainingsmatte,False,3,False,Kleinzubehör
EX000525,Clamshell mit Miniband,MINIBAND,Miniband/Loop-Band,True,4,False,Widerstandsbänder
EX000526,Einbeinige Hüftabduktion am Kabelzug,CABLE,Einfacher Kabelzug,True,1,False,Kabelzug
EX000527,Einbeinige Hüftadduktion am Kabelzug,CABLE,Einfacher Kabelzug,True,1,False,Kabelzug
EX000528,Monster Walk mit Miniband,BODY,Körpergewicht,False,1,True,Kein Equipment
EX000528,Monster Walk mit Miniband,FLOOR,Freie Bodenfläche,False,2,True,Kein Equipment
EX000528,Monster Walk mit Miniband,MINIBAND,Miniband/Loop-Band,True,3,False,Widerstandsbänder
EX000529,Seitlicher Band Walk,BODY,Körpergewicht,False,1,True,Kein Equipment
EX000529,Seitlicher Band Walk,FLOOR,Freie Bodenfläche,False,2,True,Kein Equipment
EX000529,Seitlicher Band Walk,MINIBAND,Miniband/Loop-Band,True,3,False,Widerstandsbänder
EX000530,Seitliches Adduktorenheben im Liegen,BODY,Körpergewicht,True,1,True,Kein Equipment
EX000530,Seitliches Adduktorenheben im Liegen,FLOOR,Freie Bodenfläche,False,2,True,Kein Equipment
EX000530,Seitliches Adduktorenheben im Liegen,MAT,Trainingsmatte,False,3,False,Kleinzubehör
EX000531,Seitliches Beinheben im Liegen,BODY,Körpergewicht,True,1,True,Kein Equipment
EX000531,Seitliches Beinheben im Liegen,FLOOR,Freie Bodenfläche,False,2,True,Kein Equipment
EX000531,Seitliches Beinheben im Liegen,MAT,Trainingsmatte,False,3,False,Kleinzubehör
EX000532,Seitliches Beinheben mit Knöchelgewicht,BODY,Körpergewicht,False,1,True,Kein Equipment
EX000532,Seitliches Beinheben mit Knöchelgewicht,FLOOR,Freie Bodenfläche,False,2,True,Kein Equipment
EX000532,Seitliches Beinheben mit Knöchelgewicht,MAT,Trainingsmatte,False,3,False,Kleinzubehör
EX000532,Seitliches Beinheben mit Knöchelgewicht,ANKLE_WEIGHTS,Fuss-/Knöchelgewichte,True,4,False,Kleinzubehör
EX000533,Isometrische Nackenextension gegen die Hand,BODY,Körpergewicht,True,1,True,Kein Equipment
EX000534,Isometrische Nackenflexion gegen die Hand,BODY,Körpergewicht,True,1,True,Kein Equipment
EX000535,Isometrische Nackenrotation gegen die Hand,BODY,Körpergewicht,True,1,True,Kein Equipment
EX000536,Isometrische seitliche Nackenflexion gegen die Hand,BODY,Körpergewicht,True,1,True,Kein Equipment
EX000537,Nackenextension in Bauchlage,BODY,Körpergewicht,True,1,True,Kein Equipment
EX000537,Nackenextension in Bauchlage,MAT,Trainingsmatte,False,2,False,Kleinzubehör
EX000538,Nackenextension mit Kopfgeschirr,NECK_HARNESS,Nackentrainer/Nacken-Geschirr,True,1,False,Kleinzubehör
EX000538,Nackenextension mit Kopfgeschirr,PLATES,Hantelscheiben,False,2,False,Langhantel
EX000539,Nackenextension mit Widerstandsband,BAND,Langes Widerstandsband,True,1,False,Widerstandsbänder
EX000540,Nackenflexion in Rückenlage,BODY,Körpergewicht,True,1,True,Kein Equipment
EX000540,Nackenflexion in Rückenlage,MAT,Trainingsmatte,False,2,False,Kleinzubehör
EX000541,Nackenflexion mit Kopfgeschirr,NECK_HARNESS,Nackentrainer/Nacken-Geschirr,True,1,False,Kleinzubehör
EX000541,Nackenflexion mit Kopfgeschirr,PLATES,Hantelscheiben,False,2,False,Langhantel
EX000542,Nackenflexion mit Widerstandsband,BAND,Langes Widerstandsband,True,1,False,Widerstandsbänder
EX000543,Nackenrotation mit Widerstandsband,BAND,Langes Widerstandsband,True,1,False,Widerstandsbänder
EX000544,Seitliche Nackenflexion in Seitenlage,BODY,Körpergewicht,True,1,True,Kein Equipment
EX000544,Seitliche Nackenflexion in Seitenlage,MAT,Trainingsmatte,False,2,False,Kleinzubehör
EX000545,Seitliche Nackenflexion mit Kopfgeschirr,NECK_HARNESS,Nackentrainer/Nacken-Geschirr,True,1,False,Kleinzubehör
EX000545,Seitliche Nackenflexion mit Kopfgeschirr,PLATES,Hantelscheiben,False,2,False,Langhantel
EX000546,Seitliche Nackenflexion mit Widerstandsband,BAND,Langes Widerstandsband,True,1,False,Widerstandsbänder
EX000547,"Wrestler Bridge, statisch",BODY,Körpergewicht,True,1,True,Kein Equipment
EX000547,"Wrestler Bridge, statisch",MAT,Trainingsmatte,False,2,False,Kleinzubehör
EX000548,Liegestütz Plus,BODY,Körpergewicht,True,1,True,Kein Equipment
EX000548,Liegestütz Plus,FLOOR,Freie Bodenfläche,False,2,True,Kein Equipment
EX000549,Scapula-Liegestütz,BODY,Körpergewicht,True,1,True,Kein Equipment
EX000549,Scapula-Liegestütz,FLOOR,Freie Bodenfläche,False,2,True,Kein Equipment
EX000550,T-Raise in Bauchlage,BODY,Körpergewicht,True,1,True,Kein Equipment
EX000550,T-Raise in Bauchlage,FLOOR,Freie Bodenfläche,False,2,True,Kein Equipment
EX000550,T-Raise in Bauchlage,MAT,Trainingsmatte,False,3,False,Kleinzubehör
EX000551,W-Raise in Bauchlage,BODY,Körpergewicht,True,1,True,Kein Equipment
EX000551,W-Raise in Bauchlage,FLOOR,Freie Bodenfläche,False,2,True,Kein Equipment
EX000551,W-Raise in Bauchlage,MAT,Trainingsmatte,False,3,False,Kleinzubehör
EX000552,Y-T-W-Kombination in Bauchlage,BODY,Körpergewicht,True,1,True,Kein Equipment
EX000552,Y-T-W-Kombination in Bauchlage,FLOOR,Freie Bodenfläche,False,2,True,Kein Equipment
EX000552,Y-T-W-Kombination in Bauchlage,MAT,Trainingsmatte,False,3,False,Kleinzubehör
EX000553,Aussenrotation am Kabelzug am Körper,CABLE,Einfacher Kabelzug,True,1,False,Kabelzug
EX000554,Aussenrotation am Kabelzug bei 90° Abduktion,CABLE,Einfacher Kabelzug,True,1,False,Kabelzug
EX000555,Aussenrotation mit Widerstandsband am Körper,BAND,Langes Widerstandsband,True,1,False,Widerstandsbänder
EX000556,Aussenrotation mit Widerstandsband bei 90° Abduktion,BAND,Langes Widerstandsband,True,1,False,Widerstandsbänder
EX000557,Band Pull-Apart,BAND,Langes Widerstandsband,True,1,False,Widerstandsbänder
EX000558,Band Pull-Apart über Kopf,BAND,Langes Widerstandsband,True,1,False,Widerstandsbänder
EX000559,Face Pull am Kabelzug,CABLE,Einfacher Kabelzug,True,1,False,Kabelzug
EX000560,Face Pull mit Aussenrotation am Kabelzug,CABLE,Einfacher Kabelzug,True,1,False,Kabelzug
EX000561,Face Pull mit Widerstandsband,BAND,Langes Widerstandsband,True,1,False,Widerstandsbänder
EX000562,Innenrotation am Kabelzug,CABLE,Einfacher Kabelzug,True,1,False,Kabelzug
EX000563,Innenrotation mit Widerstandsband,BAND,Langes Widerstandsband,True,1,False,Widerstandsbänder
EX000564,Scapular Dip,BODY,Körpergewicht,False,1,True,Kein Equipment
EX000564,Scapular Dip,DIP_BARS,Dip-Barren/Parallelbarren,True,2,False,Dip-Barren
EX000565,Scapular Pull-Up,BODY,Körpergewicht,False,1,True,Kein Equipment
EX000565,Scapular Pull-Up,PULLUP_BAR,Klimmzugstange,True,2,False,Klimmzugstange
EX000566,Seitliche Aussenrotation mit Kurzhantel,DUMBBELL,Kurzhantel(n),True,1,False,Kurzhanteln
EX000566,Seitliche Aussenrotation mit Kurzhantel,BENCH,Flachbank,False,2,False,Trainingsbank
EX000567,Serratus Punch am Kabelzug,CABLE,Einfacher Kabelzug,True,1,False,Kabelzug
EX000568,Serratus Punch mit Kurzhantel,DUMBBELL,Kurzhantel(n),True,1,False,Kurzhanteln
EX000568,Serratus Punch mit Kurzhantel,BENCH,Flachbank,False,2,False,Trainingsbank
EX000569,Wall Slide,BODY,Körpergewicht,False,1,True,Kein Equipment
EX000569,Wall Slide,WALL,Wand,True,2,True,Kein Equipment
EX000570,Wall Slide mit Miniband,BODY,Körpergewicht,False,1,True,Kein Equipment
EX000570,Wall Slide mit Miniband,WALL,Wand,False,2,True,Kein Equipment
EX000570,Wall Slide mit Miniband,MINIBAND,Miniband/Loop-Band,True,3,False,Widerstandsbänder
EX000571,45-Grad-Rückenstrecken,BODY,Körpergewicht,False,1,True,Kein Equipment
EX000571,45-Grad-Rückenstrecken,BACK_EXTENSION_BENCH,45°-/90°-Rückenstreckerbank,True,2,False,Kraftmaschinen
EX000572,45-Grad-Rückenstrecken mit Hantelscheibe,BACK_EXTENSION_BENCH,45°-/90°-Rückenstreckerbank,True,1,False,Kraftmaschinen
EX000572,45-Grad-Rückenstrecken mit Hantelscheibe,PLATES,Hantelscheiben,False,2,False,Langhantel
EX000573,45-Grad-Rückenstrecken mit Kurzhantel,BACK_EXTENSION_BENCH,45°-/90°-Rückenstreckerbank,True,1,False,Kraftmaschinen
EX000573,45-Grad-Rückenstrecken mit Kurzhantel,DUMBBELL,Kurzhantel(n),False,2,False,Kurzhanteln
EX000574,45-Grad-Rückenstrecken mit Langhantel,BACK_EXTENSION_BENCH,45°-/90°-Rückenstreckerbank,True,1,False,Kraftmaschinen
EX000574,45-Grad-Rückenstrecken mit Langhantel,BARBELL,Langhantel,False,2,False,Langhantel
EX000574,45-Grad-Rückenstrecken mit Langhantel,PLATES,Hantelscheiben,False,3,False,Langhantel
EX000575,45-Grad-Rückenstrecken mit neutralem Rücken,BODY,Körpergewicht,False,1,True,Kein Equipment
EX000575,45-Grad-Rückenstrecken mit neutralem Rücken,BACK_EXTENSION_BENCH,45°-/90°-Rückenstreckerbank,True,2,False,Kraftmaschinen
EX000576,45-Grad-Rückenstrecken mit rundem Rücken,BODY,Körpergewicht,False,1,True,Kein Equipment
EX000576,45-Grad-Rückenstrecken mit rundem Rücken,BACK_EXTENSION_BENCH,45°-/90°-Rückenstreckerbank,True,2,False,Kraftmaschinen
EX000577,Alternierender Superman,BODY,Körpergewicht,True,1,True,Kein Equipment
EX000577,Alternierender Superman,MAT,Trainingsmatte,False,2,False,Kleinzubehör
EX000578,Einbeinige 45-Grad-Rückenstreckung,BODY,Körpergewicht,False,1,True,Kein Equipment
EX000578,Einbeinige 45-Grad-Rückenstreckung,BACK_EXTENSION_BENCH,45°-/90°-Rückenstreckerbank,True,2,False,Kraftmaschinen
EX000579,Einbeinige Reverse Hyperextension,BODY,Körpergewicht,False,1,True,Kein Equipment
EX000579,Einbeinige Reverse Hyperextension,BENCH,Flachbank,True,2,False,Trainingsbank
EX000580,GHD-Hüftstrecken,BODY,Körpergewicht,False,1,True,Kein Equipment
EX000580,GHD-Hüftstrecken,GHD,Glute-Ham-Developer,True,2,False,Kraftmaschinen
EX000581,GHD-Rückenstrecken,BODY,Körpergewicht,False,1,True,Kein Equipment
EX000581,GHD-Rückenstrecken,GHD,Glute-Ham-Developer,True,2,False,Kraftmaschinen
EX000582,GHD-Sorensen Hold,BODY,Körpergewicht,False,1,True,Kein Equipment
EX000582,GHD-Sorensen Hold,GHD,Glute-Ham-Developer,True,2,False,Kraftmaschinen
EX000583,Jefferson Curl mit Kettlebell,KETTLEBELL,Kettlebell(s),True,1,False,Kettlebell
EX000583,Jefferson Curl mit Kettlebell,BOX,Plyo-Box,False,2,False,Functional Training
EX000584,Jefferson Curl mit Kurzhanteln,DUMBBELL,Kurzhantel(n),True,1,False,Kurzhanteln
EX000584,Jefferson Curl mit Kurzhanteln,BOX,Plyo-Box,False,2,False,Functional Training
EX000585,Jefferson Curl mit Langhantel,BARBELL,Langhantel,True,1,False,Langhantel
EX000585,Jefferson Curl mit Langhantel,PLATES,Hantelscheiben,False,2,False,Langhantel
EX000585,Jefferson Curl mit Langhantel,BOX,Plyo-Box,False,3,False,Functional Training
EX000586,Reverse Hyperextension an der Maschine,REVERSE_HYPER,Reverse-Hyper-Maschine,True,1,False,Kraftmaschinen
EX000587,Reverse Hyperextension auf dem Gymnastikball,BODY,Körpergewicht,False,1,True,Kein Equipment
EX000587,Reverse Hyperextension auf dem Gymnastikball,SWISS_BALL,Gymnastikball/Swiss Ball,True,2,False,Kleinzubehör
EX000588,Reverse Hyperextension auf der Bank,BODY,Körpergewicht,False,1,True,Kein Equipment
EX000588,Reverse Hyperextension auf der Bank,BENCH,Flachbank,True,2,False,Trainingsbank
EX000589,Rückenstrecken am Boden,BODY,Körpergewicht,True,1,True,Kein Equipment
EX000589,Rückenstrecken am Boden,MAT,Trainingsmatte,False,2,False,Kleinzubehör
EX000590,Rückenstrecken an der Horizontalbank,BODY,Körpergewicht,False,1,True,Kein Equipment
EX000590,Rückenstrecken an der Horizontalbank,BACK_EXTENSION_BENCH,45°-/90°-Rückenstreckerbank,True,2,False,Kraftmaschinen
EX000591,Rückenstrecken an der Maschine,BACK_EXTENSION_MACHINE,Rückenstrecker-Maschine,True,1,False,Kraftmaschinen
EX000592,Rückenstrecken auf dem Gymnastikball,BODY,Körpergewicht,False,1,True,Kein Equipment
EX000592,Rückenstrecken auf dem Gymnastikball,SWISS_BALL,Gymnastikball/Swiss Ball,True,2,False,Kleinzubehör
EX000593,Sorensen Hold an der Rückenstreckbank,BODY,Körpergewicht,False,1,True,Kein Equipment
EX000593,Sorensen Hold an der Rückenstreckbank,BACK_EXTENSION_BENCH,45°-/90°-Rückenstreckerbank,True,2,False,Kraftmaschinen
EX000594,Superman Hold,BODY,Körpergewicht,True,1,True,Kein Equipment
EX000594,Superman Hold,MAT,Trainingsmatte,False,2,False,Kleinzubehör
EX000595,Superman mit Armzug,BODY,Körpergewicht,True,1,True,Kein Equipment
EX000595,Superman mit Armzug,MAT,Trainingsmatte,False,2,False,Kleinzubehör
EX000596,Landmine-Rudern beidarmig,BARBELL,Langhantel,False,1,False,Langhantel
EX000596,Landmine-Rudern beidarmig,PLATES,Hantelscheiben,False,2,False,Langhantel
EX000596,Landmine-Rudern beidarmig,LANDMINE,Landmine-Aufnahme,True,3,False,Landmine
EX000597,Landmine-Rudern einarmig,BARBELL,Langhantel,False,1,False,Langhantel
EX000597,Landmine-Rudern einarmig,PLATES,Hantelscheiben,False,2,False,Langhantel
EX000597,Landmine-Rudern einarmig,LANDMINE,Landmine-Aufnahme,True,3,False,Landmine
EX000598,"Langhantelrudern auf der Schrägbank, brustgestützt",BARBELL,Langhantel,True,1,False,Langhantel
EX000598,"Langhantelrudern auf der Schrägbank, brustgestützt",PLATES,Hantelscheiben,False,2,False,Langhantel
EX000598,"Langhantelrudern auf der Schrägbank, brustgestützt",ADJ_BENCH,Verstellbare Trainingsbank,False,3,False,Trainingsbank
EX000599,Langhantelrudern mit engem Griff,BARBELL,Langhantel,True,1,False,Langhantel
EX000599,Langhantelrudern mit engem Griff,PLATES,Hantelscheiben,False,2,False,Langhantel
EX000600,Langhantelrudern mit weitem Griff,BARBELL,Langhantel,True,1,False,Langhantel
EX000600,Langhantelrudern mit weitem Griff,PLATES,Hantelscheiben,False,2,False,Langhantel
EX000601,Meadows Row,BARBELL,Langhantel,False,1,False,Langhantel
EX000601,Meadows Row,PLATES,Hantelscheiben,False,2,False,Langhantel
EX000601,Meadows Row,LANDMINE,Landmine-Aufnahme,True,3,False,Landmine
EX000602,Pausen-Langhantelrudern,BARBELL,Langhantel,True,1,False,Langhantel
EX000602,Pausen-Langhantelrudern,PLATES,Hantelscheiben,False,2,False,Langhantel
EX000603,Pendlay Row,BARBELL,Langhantel,True,1,False,Langhantel
EX000603,Pendlay Row,PLATES,Hantelscheiben,False,2,False,Langhantel
EX000604,Seal Row mit Langhantel,BARBELL,Langhantel,True,1,False,Langhantel
EX000604,Seal Row mit Langhantel,PLATES,Hantelscheiben,False,2,False,Langhantel
EX000604,Seal Row mit Langhantel,BENCH,Flachbank,False,3,False,Trainingsbank
EX000604,Seal Row mit Langhantel,BOX,Plyo-Box,False,4,False,Functional Training
EX000605,Seal Row mit Swiss Bar,SWISS_BAR,Multi-Grip-/Swiss-Bar,True,1,False,Spezialhanteln
EX000605,Seal Row mit Swiss Bar,PLATES,Hantelscheiben,False,2,False,Langhantel
EX000605,Seal Row mit Swiss Bar,BENCH,Flachbank,False,3,False,Trainingsbank
EX000605,Seal Row mit Swiss Bar,BOX,Plyo-Box,False,4,False,Functional Training
EX000606,T-Bar Row frei,BARBELL,Langhantel,False,1,False,Langhantel
EX000606,T-Bar Row frei,PLATES,Hantelscheiben,False,2,False,Langhantel
EX000606,T-Bar Row frei,LANDMINE,Landmine-Aufnahme,True,3,False,Landmine
EX000607,"T-Bar Row, brustgestützt",ROW_MACHINE,Rudermaschine (Kraft),True,1,False,Kraftmaschinen
EX000608,Tempo-Langhantelrudern,BARBELL,Langhantel,True,1,False,Langhantel
EX000608,Tempo-Langhantelrudern,PLATES,Hantelscheiben,False,2,False,Langhantel
EX000609,Vorgebeugtes Rudern mit Langhantel im Obergriff,BARBELL,Langhantel,True,1,False,Langhantel
EX000609,Vorgebeugtes Rudern mit Langhantel im Obergriff,PLATES,Hantelscheiben,False,2,False,Langhantel
EX000610,Vorgebeugtes Rudern mit Langhantel im Untergriff,BARBELL,Langhantel,True,1,False,Langhantel
EX000610,Vorgebeugtes Rudern mit Langhantel im Untergriff,PLATES,Hantelscheiben,False,2,False,Langhantel
EX000611,Yates Row,BARBELL,Langhantel,True,1,False,Langhantel
EX000611,Yates Row,PLATES,Hantelscheiben,False,2,False,Langhantel
EX000612,Bankdrücken mit engem Griff,BARBELL,Langhantel,True,1,False,Langhantel
EX000612,Bankdrücken mit engem Griff,PLATES,Hantelscheiben,False,2,False,Langhantel
EX000612,Bankdrücken mit engem Griff,RACK,Kniebeugenständer/Power Rack,False,3,False,Langhantel mit Rack
EX000612,Bankdrücken mit engem Griff,BENCH,Flachbank,False,4,False,Trainingsbank
EX000613,Bankdrücken mit Füssen auf der Bank,BARBELL,Langhantel,True,1,False,Langhantel
EX000613,Bankdrücken mit Füssen auf der Bank,PLATES,Hantelscheiben,False,2,False,Langhantel
EX000613,Bankdrücken mit Füssen auf der Bank,RACK,Kniebeugenständer/Power Rack,False,3,False,Langhantel mit Rack
EX000613,Bankdrücken mit Füssen auf der Bank,BENCH,Flachbank,False,4,False,Trainingsbank
EX000614,Bankdrücken mit Langhantel,BARBELL,Langhantel,True,1,False,Langhantel
EX000614,Bankdrücken mit Langhantel,PLATES,Hantelscheiben,False,2,False,Langhantel
EX000614,Bankdrücken mit Langhantel,RACK,Kniebeugenständer/Power Rack,False,3,False,Langhantel mit Rack
EX000614,Bankdrücken mit Langhantel,BENCH,Flachbank,False,4,False,Trainingsbank
EX000615,Bankdrücken mit Swiss Bar,SWISS_BAR,Multi-Grip-/Swiss-Bar,True,1,False,Spezialhanteln
EX000615,Bankdrücken mit Swiss Bar,PLATES,Hantelscheiben,False,2,False,Langhantel
EX000615,Bankdrücken mit Swiss Bar,RACK,Kniebeugenständer/Power Rack,False,3,False,Langhantel mit Rack
EX000615,Bankdrücken mit Swiss Bar,BENCH,Flachbank,False,4,False,Trainingsbank
EX000616,Bankdrücken mit weitem Griff,BARBELL,Langhantel,True,1,False,Langhantel
EX000616,Bankdrücken mit weitem Griff,PLATES,Hantelscheiben,False,2,False,Langhantel
EX000616,Bankdrücken mit weitem Griff,RACK,Kniebeugenständer/Power Rack,False,3,False,Langhantel mit Rack
EX000616,Bankdrücken mit weitem Griff,BENCH,Flachbank,False,4,False,Trainingsbank
EX000617,Floor Press mit Langhantel,BARBELL,Langhantel,True,1,False,Langhantel
EX000617,Floor Press mit Langhantel,PLATES,Hantelscheiben,False,2,False,Langhantel
EX000617,Floor Press mit Langhantel,RACK,Kniebeugenständer/Power Rack,False,3,False,Langhantel mit Rack
EX000617,Floor Press mit Langhantel,FLOOR,Freie Bodenfläche,False,4,True,Kein Equipment
EX000618,Guillotine Press mit Langhantel,BARBELL,Langhantel,True,1,False,Langhantel
EX000618,Guillotine Press mit Langhantel,PLATES,Hantelscheiben,False,2,False,Langhantel
EX000618,Guillotine Press mit Langhantel,RACK,Kniebeugenständer/Power Rack,False,3,False,Langhantel mit Rack
EX000618,Guillotine Press mit Langhantel,BENCH,Flachbank,False,4,False,Trainingsbank
EX000619,Larsen Press,BARBELL,Langhantel,True,1,False,Langhantel
EX000619,Larsen Press,PLATES,Hantelscheiben,False,2,False,Langhantel
EX000619,Larsen Press,RACK,Kniebeugenständer/Power Rack,False,3,False,Langhantel mit Rack
EX000619,Larsen Press,BENCH,Flachbank,False,4,False,Trainingsbank
EX000620,Negativbankdrücken mit Langhantel,BARBELL,Langhantel,True,1,False,Langhantel
EX000620,Negativbankdrücken mit Langhantel,PLATES,Hantelscheiben,False,2,False,Langhantel
EX000620,Negativbankdrücken mit Langhantel,RACK,Kniebeugenständer/Power Rack,False,3,False,Langhantel mit Rack
EX000620,Negativbankdrücken mit Langhantel,ADJ_BENCH,Verstellbare Trainingsbank,False,4,False,Trainingsbank
EX000621,Pausen-Bankdrücken mit Langhantel,BARBELL,Langhantel,True,1,False,Langhantel
EX000621,Pausen-Bankdrücken mit Langhantel,PLATES,Hantelscheiben,False,2,False,Langhantel
EX000621,Pausen-Bankdrücken mit Langhantel,RACK,Kniebeugenständer/Power Rack,False,3,False,Langhantel mit Rack
EX000621,Pausen-Bankdrücken mit Langhantel,BENCH,Flachbank,False,4,False,Trainingsbank
EX000622,Pausen-Schrägbankdrücken mit Langhantel,BARBELL,Langhantel,True,1,False,Langhantel
EX000622,Pausen-Schrägbankdrücken mit Langhantel,PLATES,Hantelscheiben,False,2,False,Langhantel
EX000622,Pausen-Schrägbankdrücken mit Langhantel,RACK,Kniebeugenständer/Power Rack,False,3,False,Langhantel mit Rack
EX000622,Pausen-Schrägbankdrücken mit Langhantel,ADJ_BENCH,Verstellbare Trainingsbank,False,4,False,Trainingsbank
EX000623,Pin Press auf Brusthöhe,BARBELL,Langhantel,True,1,False,Langhantel
EX000623,Pin Press auf Brusthöhe,PLATES,Hantelscheiben,False,2,False,Langhantel
EX000623,Pin Press auf Brusthöhe,RACK,Kniebeugenständer/Power Rack,False,3,False,Langhantel mit Rack
EX000623,Pin Press auf Brusthöhe,BENCH,Flachbank,False,4,False,Trainingsbank
EX000624,Schrägbankdrücken mit engem Griff,BARBELL,Langhantel,True,1,False,Langhantel
EX000624,Schrägbankdrücken mit engem Griff,PLATES,Hantelscheiben,False,2,False,Langhantel
EX000624,Schrägbankdrücken mit engem Griff,RACK,Kniebeugenständer/Power Rack,False,3,False,Langhantel mit Rack
EX000624,Schrägbankdrücken mit engem Griff,ADJ_BENCH,Verstellbare Trainingsbank,False,4,False,Trainingsbank
EX000625,"Schrägbankdrücken mit Langhantel, flacher Winkel",BARBELL,Langhantel,True,1,False,Langhantel
EX000625,"Schrägbankdrücken mit Langhantel, flacher Winkel",PLATES,Hantelscheiben,False,2,False,Langhantel
EX000625,"Schrägbankdrücken mit Langhantel, flacher Winkel",RACK,Kniebeugenständer/Power Rack,False,3,False,Langhantel mit Rack
EX000625,"Schrägbankdrücken mit Langhantel, flacher Winkel",ADJ_BENCH,Verstellbare Trainingsbank,False,4,False,Trainingsbank
EX000626,"Schrägbankdrücken mit Langhantel, mittlerer Winkel",BARBELL,Langhantel,True,1,False,Langhantel
EX000626,"Schrägbankdrücken mit Langhantel, mittlerer Winkel",PLATES,Hantelscheiben,False,2,False,Langhantel
EX000626,"Schrägbankdrücken mit Langhantel, mittlerer Winkel",RACK,Kniebeugenständer/Power Rack,False,3,False,Langhantel mit Rack
EX000626,"Schrägbankdrücken mit Langhantel, mittlerer Winkel",ADJ_BENCH,Verstellbare Trainingsbank,False,4,False,Trainingsbank
EX000627,Schrägbankdrücken mit Swiss Bar,SWISS_BAR,Multi-Grip-/Swiss-Bar,True,1,False,Spezialhanteln
EX000627,Schrägbankdrücken mit Swiss Bar,PLATES,Hantelscheiben,False,2,False,Langhantel
EX000627,Schrägbankdrücken mit Swiss Bar,RACK,Kniebeugenständer/Power Rack,False,3,False,Langhantel mit Rack
EX000627,Schrägbankdrücken mit Swiss Bar,ADJ_BENCH,Verstellbare Trainingsbank,False,4,False,Trainingsbank
EX000628,Spoto Press,BARBELL,Langhantel,True,1,False,Langhantel
EX000628,Spoto Press,PLATES,Hantelscheiben,False,2,False,Langhantel
EX000628,Spoto Press,RACK,Kniebeugenständer/Power Rack,False,3,False,Langhantel mit Rack
EX000628,Spoto Press,BENCH,Flachbank,False,4,False,Trainingsbank
EX000629,Tempo-Bankdrücken mit Langhantel,BARBELL,Langhantel,True,1,False,Langhantel
EX000629,Tempo-Bankdrücken mit Langhantel,PLATES,Hantelscheiben,False,2,False,Langhantel
EX000629,Tempo-Bankdrücken mit Langhantel,RACK,Kniebeugenständer/Power Rack,False,3,False,Langhantel mit Rack
EX000629,Tempo-Bankdrücken mit Langhantel,BENCH,Flachbank,False,4,False,Trainingsbank
EX000630,Defizit-Handstand-Liegestütz an der Wand,BODY,Körpergewicht,False,1,True,Kein Equipment
EX000630,Defizit-Handstand-Liegestütz an der Wand,WALL,Wand,False,2,True,Kein Equipment
EX000630,Defizit-Handstand-Liegestütz an der Wand,PARALLETTES,Parallettes/Liegestützgriffe,True,3,False,Kleinzubehör
EX000631,Freier Handstand-Liegestütz,BODY,Körpergewicht,True,1,True,Kein Equipment
EX000631,Freier Handstand-Liegestütz,FLOOR,Freie Bodenfläche,False,2,True,Kein Equipment
EX000632,Handstand-Liegestütz an der Wand,BODY,Körpergewicht,False,1,True,Kein Equipment
EX000632,Handstand-Liegestütz an der Wand,WALL,Wand,True,2,True,Kein Equipment
EX000632,Handstand-Liegestütz an der Wand,FLOOR,Freie Bodenfläche,False,3,True,Kein Equipment
EX000633,Kipping Handstand-Liegestütz an der Wand,BODY,Körpergewicht,False,1,True,Kein Equipment
EX000633,Kipping Handstand-Liegestütz an der Wand,WALL,Wand,True,2,True,Kein Equipment
EX000633,Kipping Handstand-Liegestütz an der Wand,FLOOR,Freie Bodenfläche,False,3,True,Kein Equipment
EX000634,Pike-Liegestütz,BODY,Körpergewicht,True,1,True,Kein Equipment
EX000634,Pike-Liegestütz,FLOOR,Freie Bodenfläche,False,2,True,Kein Equipment
EX000635,Pike-Liegestütz auf Parallettes,BODY,Körpergewicht,False,1,True,Kein Equipment
EX000635,Pike-Liegestütz auf Parallettes,PARALLETTES,Parallettes/Liegestützgriffe,True,2,False,Kleinzubehör
EX000635,Pike-Liegestütz auf Parallettes,FLOOR,Freie Bodenfläche,False,3,True,Kein Equipment
EX000636,Pike-Liegestütz mit erhöhten Füssen,BODY,Körpergewicht,False,1,True,Kein Equipment
EX000636,Pike-Liegestütz mit erhöhten Füssen,BENCH,Flachbank,True,2,False,Trainingsbank
EX000636,Pike-Liegestütz mit erhöhten Füssen,FLOOR,Freie Bodenfläche,False,3,True,Kein Equipment
EX000637,Schultertippen im Handstand an der Wand,BODY,Körpergewicht,False,1,True,Kein Equipment
EX000637,Schultertippen im Handstand an der Wand,WALL,Wand,True,2,True,Kein Equipment
EX000637,Schultertippen im Handstand an der Wand,FLOOR,Freie Bodenfläche,False,3,True,Kein Equipment
EX000638,Wall Walk,BODY,Körpergewicht,False,1,True,Kein Equipment
EX000638,Wall Walk,WALL,Wand,True,2,True,Kein Equipment
EX000638,Wall Walk,FLOOR,Freie Bodenfläche,False,3,True,Kein Equipment
EX000639,Bandrudern im Sitzen,BAND,Langes Widerstandsband,True,1,False,Widerstandsbänder
EX000639,Bandrudern im Sitzen,FLOOR,Freie Bodenfläche,False,2,True,Kein Equipment
EX000640,Bandrudern im Stand,BAND,Langes Widerstandsband,True,1,False,Widerstandsbänder
EX000641,Brustgestütztes Rudern an der Maschine,ROW_MACHINE,Rudermaschine (Kraft),True,1,False,Kraftmaschinen
EX000642,Einarmiges Bandrudern,BAND,Langes Widerstandsband,True,1,False,Widerstandsbänder
EX000643,Einarmiges Kabelrudern im Halbkniestand,CABLE,Einfacher Kabelzug,True,1,False,Kabelzug
EX000643,Einarmiges Kabelrudern im Halbkniestand,MAT,Trainingsmatte,False,2,False,Kleinzubehör
EX000644,Einarmiges Kabelrudern im Stand,CABLE,Einfacher Kabelzug,True,1,False,Kabelzug
EX000645,Einarmiges Rudern an der Maschine,ROW_MACHINE,Rudermaschine (Kraft),True,1,False,Kraftmaschinen
EX000646,Einarmiges sitzendes Kabelrudern,LOW_ROW,Sitzende Ruderzugstation,True,1,False,Kabelzug
EX000647,Hohes Kabelrudern mit Seil,CABLE,Einfacher Kabelzug,True,1,False,Kabelzug
EX000648,Rudern an der Maschine mit engem Griff,ROW_MACHINE,Rudermaschine (Kraft),True,1,False,Kraftmaschinen
EX000649,Rudern an der Maschine mit weitem Griff,ROW_MACHINE,Rudermaschine (Kraft),True,1,False,Kraftmaschinen
EX000650,Sitzendes Kabelrudern mit breitem Obergriff,LOW_ROW,Sitzende Ruderzugstation,True,1,False,Kabelzug
EX000651,Sitzendes Kabelrudern mit engem Neutralgriff,LOW_ROW,Sitzende Ruderzugstation,True,1,False,Kabelzug
EX000652,Sitzendes Kabelrudern mit Seil,LOW_ROW,Sitzende Ruderzugstation,True,1,False,Kabelzug
EX000653,Sitzendes Kabelrudern mit Untergriff,LOW_ROW,Sitzende Ruderzugstation,True,1,False,Kabelzug
EX000654,Donkey Calf Raise an der Maschine,CALF_MACHINE,Wadenheben-Maschine,True,1,False,Kraftmaschinen
EX000655,Donkey Calf Raise mit Körpergewicht,BODY,Körpergewicht,False,1,True,Kein Equipment
EX000655,Donkey Calf Raise mit Körpergewicht,BENCH,Flachbank,True,2,False,Trainingsbank
EX000656,Einbeiniges Wadenheben im Stand,BODY,Körpergewicht,True,1,True,Kein Equipment
EX000656,Einbeiniges Wadenheben im Stand,FLOOR,Freie Bodenfläche,False,2,True,Kein Equipment
EX000657,Einbeiniges Wadenheben mit Kurzhantel,DUMBBELL,Kurzhantel(n),True,1,False,Kurzhanteln
EX000657,Einbeiniges Wadenheben mit Kurzhantel,FLOOR,Freie Bodenfläche,False,2,True,Kein Equipment
EX000658,Sitzendes Wadenheben an der Maschine,CALF_MACHINE,Wadenheben-Maschine,True,1,False,Kraftmaschinen
EX000659,Sitzendes Wadenheben mit Kurzhanteln,DUMBBELL,Kurzhantel(n),True,1,False,Kurzhanteln
EX000659,Sitzendes Wadenheben mit Kurzhanteln,BENCH,Flachbank,False,2,False,Trainingsbank
EX000660,Sitzendes Wadenheben mit Langhantel,BARBELL,Langhantel,True,1,False,Langhantel
EX000660,Sitzendes Wadenheben mit Langhantel,PLATES,Hantelscheiben,False,2,False,Langhantel
EX000660,Sitzendes Wadenheben mit Langhantel,BENCH,Flachbank,False,3,False,Trainingsbank
EX000661,Stehendes Wadenheben an der Maschine,CALF_MACHINE,Wadenheben-Maschine,True,1,False,Kraftmaschinen
EX000662,Tibialis Raise an der Wand,BODY,Körpergewicht,False,1,True,Kein Equipment
EX000662,Tibialis Raise an der Wand,WALL,Wand,True,2,True,Kein Equipment
EX000662,Tibialis Raise an der Wand,FLOOR,Freie Bodenfläche,False,3,True,Kein Equipment
EX000663,Tibialis Raise auf einer Erhöhung,BODY,Körpergewicht,False,1,True,Kein Equipment
EX000663,Tibialis Raise auf einer Erhöhung,STEP,Step/Erhöhung,True,2,False,Kleinzubehör
EX000664,Tibialis Raise mit Widerstandsband,BAND,Langes Widerstandsband,True,1,False,Widerstandsbänder
EX000664,Tibialis Raise mit Widerstandsband,FLOOR,Freie Bodenfläche,False,2,True,Kein Equipment
EX000665,Wadenheben an der Beinpresse,LEG_PRESS,Beinpresse,True,1,False,Kraftmaschinen
EX000666,Wadenheben an der Multipresse,SMITH,Multipresse/Smith Machine,True,1,False,Kraftmaschinen
EX000666,Wadenheben an der Multipresse,PLATES,Hantelscheiben,False,2,False,Langhantel
EX000667,"Wadenheben auf einer Stufe, tiefer Bewegungsumfang",BODY,Körpergewicht,False,1,True,Kein Equipment
EX000667,"Wadenheben auf einer Stufe, tiefer Bewegungsumfang",STEP,Step/Erhöhung,True,2,False,Kleinzubehör
EX000668,Wadenheben im Stand mit Körpergewicht,BODY,Körpergewicht,True,1,True,Kein Equipment
EX000668,Wadenheben im Stand mit Körpergewicht,FLOOR,Freie Bodenfläche,False,2,True,Kein Equipment
EX000669,Wadenheben mit Kurzhanteln,DUMBBELL,Kurzhantel(n),True,1,False,Kurzhanteln
EX000669,Wadenheben mit Kurzhanteln,FLOOR,Freie Bodenfläche,False,2,True,Kein Equipment
EX000670,Wadenheben mit Langhantel,BARBELL,Langhantel,True,1,False,Langhantel
EX000670,Wadenheben mit Langhantel,PLATES,Hantelscheiben,False,2,False,Langhantel
EX000670,Wadenheben mit Langhantel,RACK,Kniebeugenständer/Power Rack,False,3,False,Langhantel mit Rack
EX000671,Yoke Hold,YOKE,Yoke/Joch,True,1,False,Strongman/Functional
EX000671,Yoke Hold,PLATES,Hantelscheiben,False,2,False,Langhantel
EX000672,Butterfly an der Pec-Deck-Maschine,PEC_DECK,Butterfly-/Pec-Deck-Maschine,True,1,False,Kraftmaschinen
EX000673,Cable Crossover auf Brusthöhe,DUAL_CABLE,Doppel-Kabelzug/Crossover,True,1,False,Kabelzug
EX000674,Cable Crossover von oben nach unten,DUAL_CABLE,Doppel-Kabelzug/Crossover,True,1,False,Kabelzug
EX000675,Cable Crossover von unten nach oben,DUAL_CABLE,Doppel-Kabelzug/Crossover,True,1,False,Kabelzug
EX000676,Cable Fly auf der Flachbank,DUAL_CABLE,Doppel-Kabelzug/Crossover,True,1,False,Kabelzug
EX000676,Cable Fly auf der Flachbank,BENCH,Flachbank,False,2,False,Trainingsbank
EX000677,Cable Fly auf der Schrägbank,DUAL_CABLE,Doppel-Kabelzug/Crossover,True,1,False,Kabelzug
EX000677,Cable Fly auf der Schrägbank,ADJ_BENCH,Verstellbare Trainingsbank,False,2,False,Trainingsbank
EX000678,Einarmige Kurzhantel-Flys,DUMBBELL,Kurzhantel(n),True,1,False,Kurzhanteln
EX000678,Einarmige Kurzhantel-Flys,BENCH,Flachbank,False,2,False,Trainingsbank
EX000679,Einarmiger Butterfly an der Maschine,PEC_DECK,Butterfly-/Pec-Deck-Maschine,True,1,False,Kraftmaschinen
EX000680,Einarmiger Cable Fly auf Brusthöhe,CABLE,Einfacher Kabelzug,True,1,False,Kabelzug
EX000681,Einarmiger Cable Fly von oben nach unten,CABLE,Einfacher Kabelzug,True,1,False,Kabelzug
EX000682,Einarmiger Cable Fly von unten nach oben,CABLE,Einfacher Kabelzug,True,1,False,Kabelzug
EX000683,Einarmiger Fly mit Widerstandsband,BAND,Langes Widerstandsband,True,1,False,Widerstandsbänder
EX000684,Flys am Schlingentrainer,BODY,Körpergewicht,False,1,True,Kein Equipment
EX000684,Flys am Schlingentrainer,TRX,Schlingentrainer/TRX,True,2,False,TRX/Schlingentrainer
EX000685,Flys mit Widerstandsband,BAND,Langes Widerstandsband,True,1,False,Widerstandsbänder
EX000686,Kniender Cable Fly,DUAL_CABLE,Doppel-Kabelzug/Crossover,True,1,False,Kabelzug
EX000686,Kniender Cable Fly,MAT,Trainingsmatte,False,2,False,Kleinzubehör
EX000687,Kurzhantel-Floor-Fly,DUMBBELL,Kurzhantel(n),True,1,False,Kurzhanteln
EX000687,Kurzhantel-Floor-Fly,FLOOR,Freie Bodenfläche,False,2,True,Kein Equipment
EX000688,Kurzhantel-Flys auf der Flachbank,DUMBBELL,Kurzhantel(n),True,1,False,Kurzhanteln
EX000688,Kurzhantel-Flys auf der Flachbank,BENCH,Flachbank,False,2,False,Trainingsbank
EX000689,Kurzhantel-Flys auf der Negativbank,DUMBBELL,Kurzhantel(n),True,1,False,Kurzhanteln
EX000689,Kurzhantel-Flys auf der Negativbank,ADJ_BENCH,Verstellbare Trainingsbank,False,2,False,Trainingsbank
EX000690,Kurzhantel-Flys auf der Schrägbank,DUMBBELL,Kurzhantel(n),True,1,False,Kurzhanteln
EX000690,Kurzhantel-Flys auf der Schrägbank,ADJ_BENCH,Verstellbare Trainingsbank,False,2,False,Trainingsbank
EX000691,Ring-Flys,BODY,Körpergewicht,False,1,True,Kein Equipment
EX000691,Ring-Flys,RINGS,Turnringe,True,2,False,Turnringe
EX000692,Alternierender Kettlebell-Floor-Press,KETTLEBELL,Kettlebell(s),True,1,False,Kettlebell
EX000692,Alternierender Kettlebell-Floor-Press,FLOOR,Freie Bodenfläche,False,2,True,Kein Equipment
EX000693,Alternierendes Bankdrücken mit Kurzhanteln,DUMBBELL,Kurzhantel(n),True,1,False,Kurzhanteln
EX000693,Alternierendes Bankdrücken mit Kurzhanteln,BENCH,Flachbank,False,2,False,Trainingsbank
EX000694,Alternierendes Schrägbankdrücken mit Kurzhanteln,DUMBBELL,Kurzhantel(n),True,1,False,Kurzhanteln
EX000694,Alternierendes Schrägbankdrücken mit Kurzhanteln,ADJ_BENCH,Verstellbare Trainingsbank,False,2,False,Trainingsbank
EX000695,Bankdrücken mit Kurzhanteln,DUMBBELL,Kurzhantel(n),True,1,False,Kurzhanteln
EX000695,Bankdrücken mit Kurzhanteln,BENCH,Flachbank,False,2,False,Trainingsbank
EX000696,Bankdrücken mit Kurzhanteln im Neutralgriff,DUMBBELL,Kurzhantel(n),True,1,False,Kurzhanteln
EX000696,Bankdrücken mit Kurzhanteln im Neutralgriff,BENCH,Flachbank,False,2,False,Trainingsbank
EX000697,Bottoms-up Kettlebell Floor Press,KETTLEBELL,Kettlebell(s),True,1,False,Kettlebell
EX000697,Bottoms-up Kettlebell Floor Press,FLOOR,Freie Bodenfläche,False,2,True,Kein Equipment
EX000698,Einarmiger Kettlebell-Floor-Press,KETTLEBELL,Kettlebell(s),True,1,False,Kettlebell
EX000698,Einarmiger Kettlebell-Floor-Press,FLOOR,Freie Bodenfläche,False,2,True,Kein Equipment
EX000699,Einarmiger Kurzhantel-Floor-Press,DUMBBELL,Kurzhantel(n),True,1,False,Kurzhanteln
EX000699,Einarmiger Kurzhantel-Floor-Press,FLOOR,Freie Bodenfläche,False,2,True,Kein Equipment
EX000700,Einarmiges Bankdrücken mit Kurzhantel,DUMBBELL,Kurzhantel(n),True,1,False,Kurzhanteln
EX000700,Einarmiges Bankdrücken mit Kurzhantel,BENCH,Flachbank,False,2,False,Trainingsbank
EX000701,Einarmiges Schrägbankdrücken mit Kurzhantel,DUMBBELL,Kurzhantel(n),True,1,False,Kurzhanteln
EX000701,Einarmiges Schrägbankdrücken mit Kurzhantel,ADJ_BENCH,Verstellbare Trainingsbank,False,2,False,Trainingsbank
EX000702,Kettlebell-Floor-Press,KETTLEBELL,Kettlebell(s),True,1,False,Kettlebell
EX000702,Kettlebell-Floor-Press,FLOOR,Freie Bodenfläche,False,2,True,Kein Equipment
EX000703,Kurzhantel-Floor-Press,DUMBBELL,Kurzhantel(n),True,1,False,Kurzhanteln
EX000703,Kurzhantel-Floor-Press,FLOOR,Freie Bodenfläche,False,2,True,Kein Equipment
EX000704,Kurzhantel-Squeeze-Press,DUMBBELL,Kurzhantel(n),True,1,False,Kurzhanteln
EX000704,Kurzhantel-Squeeze-Press,BENCH,Flachbank,False,2,False,Trainingsbank
EX000705,Negativbankdrücken mit Kurzhanteln,DUMBBELL,Kurzhantel(n),True,1,False,Kurzhanteln
EX000705,Negativbankdrücken mit Kurzhanteln,ADJ_BENCH,Verstellbare Trainingsbank,False,2,False,Trainingsbank
EX000706,Schrägbankdrücken mit Kurzhanteln,DUMBBELL,Kurzhantel(n),True,1,False,Kurzhanteln
EX000706,Schrägbankdrücken mit Kurzhanteln,ADJ_BENCH,Verstellbare Trainingsbank,False,2,False,Trainingsbank
EX000707,Schrägbankdrücken mit Kurzhanteln im Neutralgriff,DUMBBELL,Kurzhantel(n),True,1,False,Kurzhanteln
EX000707,Schrägbankdrücken mit Kurzhanteln im Neutralgriff,ADJ_BENCH,Verstellbare Trainingsbank,False,2,False,Trainingsbank
EX000708,"Schrägbankdrücken mit Kurzhanteln, flacher Winkel",DUMBBELL,Kurzhantel(n),True,1,False,Kurzhanteln
EX000708,"Schrägbankdrücken mit Kurzhanteln, flacher Winkel",ADJ_BENCH,Verstellbare Trainingsbank,False,2,False,Trainingsbank
EX000709,Alternierendes Kettlebellrudern,KETTLEBELL,Kettlebell(s),True,1,False,Kettlebell
EX000709,Alternierendes Kettlebellrudern,FLOOR,Freie Bodenfläche,False,2,True,Kein Equipment
EX000710,Alternierendes Kurzhantelrudern vorgebeugt,DUMBBELL,Kurzhantel(n),True,1,False,Kurzhanteln
EX000710,Alternierendes Kurzhantelrudern vorgebeugt,FLOOR,Freie Bodenfläche,False,2,True,Kein Equipment
EX000711,Batwing Row mit Kurzhanteln,DUMBBELL,Kurzhantel(n),True,1,False,Kurzhanteln
EX000711,Batwing Row mit Kurzhanteln,ADJ_BENCH,Verstellbare Trainingsbank,False,2,False,Trainingsbank
EX000712,Einarmiges Kettlebellrudern,KETTLEBELL,Kettlebell(s),True,1,False,Kettlebell
EX000712,Einarmiges Kettlebellrudern,BENCH,Flachbank,False,2,False,Trainingsbank
EX000713,Einarmiges Kurzhantelrudern auf der Bank,DUMBBELL,Kurzhantel(n),True,1,False,Kurzhanteln
EX000713,Einarmiges Kurzhantelrudern auf der Bank,BENCH,Flachbank,False,2,False,Trainingsbank
EX000714,Einarmiges Kurzhantelrudern im Dreipunktstand,DUMBBELL,Kurzhantel(n),True,1,False,Kurzhanteln
EX000714,Einarmiges Kurzhantelrudern im Dreipunktstand,BENCH,Flachbank,False,2,False,Trainingsbank
EX000715,Einarmiges Kurzhantelrudern ohne Abstützen,DUMBBELL,Kurzhantel(n),True,1,False,Kurzhanteln
EX000715,Einarmiges Kurzhantelrudern ohne Abstützen,FLOOR,Freie Bodenfläche,False,2,True,Kein Equipment
EX000716,Gorilla Row mit Kettlebells,KETTLEBELL,Kettlebell(s),True,1,False,Kettlebell
EX000716,Gorilla Row mit Kettlebells,FLOOR,Freie Bodenfläche,False,2,True,Kein Equipment
EX000717,Kettlebellrudern beidarmig vorgebeugt,KETTLEBELL,Kettlebell(s),True,1,False,Kettlebell
EX000717,Kettlebellrudern beidarmig vorgebeugt,FLOOR,Freie Bodenfläche,False,2,True,Kein Equipment
EX000718,Kurzhantel Seal Row,DUMBBELL,Kurzhantel(n),True,1,False,Kurzhanteln
EX000718,Kurzhantel Seal Row,BENCH,Flachbank,False,2,False,Trainingsbank
EX000718,Kurzhantel Seal Row,BOX,Plyo-Box,False,3,False,Functional Training
EX000719,Kurzhantelrudern auf der Schrägbank im Neutralgriff,DUMBBELL,Kurzhantel(n),True,1,False,Kurzhanteln
EX000719,Kurzhantelrudern auf der Schrägbank im Neutralgriff,ADJ_BENCH,Verstellbare Trainingsbank,False,2,False,Trainingsbank
EX000720,Kurzhantelrudern auf der Schrägbank mit weitem Ellenbogen,DUMBBELL,Kurzhantel(n),True,1,False,Kurzhanteln
EX000720,Kurzhantelrudern auf der Schrägbank mit weitem Ellenbogen,ADJ_BENCH,Verstellbare Trainingsbank,False,2,False,Trainingsbank
EX000721,"Kurzhantelrudern auf der Schrägbank, brustgestützt",DUMBBELL,Kurzhantel(n),True,1,False,Kurzhanteln
EX000721,"Kurzhantelrudern auf der Schrägbank, brustgestützt",ADJ_BENCH,Verstellbare Trainingsbank,False,2,False,Trainingsbank
EX000722,Kurzhantelrudern beidarmig vorgebeugt,DUMBBELL,Kurzhantel(n),True,1,False,Kurzhanteln
EX000722,Kurzhantelrudern beidarmig vorgebeugt,FLOOR,Freie Bodenfläche,False,2,True,Kein Equipment
EX000723,Renegade Row mit Kettlebells,KETTLEBELL,Kettlebell(s),True,1,False,Kettlebell
EX000723,Renegade Row mit Kettlebells,FLOOR,Freie Bodenfläche,False,2,True,Kein Equipment
EX000724,Renegade Row mit Kurzhanteln,DUMBBELL,Kurzhantel(n),True,1,False,Kurzhanteln
EX000724,Renegade Row mit Kurzhanteln,FLOOR,Freie Bodenfläche,False,2,True,Kein Equipment
EX000725,Block Pull,BARBELL,Langhantel,True,1,False,Langhantel
EX000725,Block Pull,PLATES,Hantelscheiben,False,2,False,Langhantel
EX000725,Block Pull,BOX,Plyo-Box,False,3,False,Functional Training
EX000726,Bänder-Kreuzheben,BAND,Langes Widerstandsband,True,1,False,Widerstandsbänder
EX000726,Bänder-Kreuzheben,FLOOR,Freie Bodenfläche,False,2,True,Kein Equipment
EX000727,Defizit-Kreuzheben,BARBELL,Langhantel,True,1,False,Langhantel
EX000727,Defizit-Kreuzheben,PLATES,Hantelscheiben,False,2,False,Langhantel
EX000727,Defizit-Kreuzheben,STEP,Step/Erhöhung,False,3,False,Kleinzubehör
EX000728,Kabelzug-Kreuzheben,CABLE,Einfacher Kabelzug,True,1,False,Kabelzug
EX000728,Kabelzug-Kreuzheben,FLOOR,Freie Bodenfläche,False,2,True,Kein Equipment
EX000729,Kettlebell-Kreuzheben,KETTLEBELL,Kettlebell(s),True,1,False,Kettlebell
EX000729,Kettlebell-Kreuzheben,FLOOR,Freie Bodenfläche,False,2,True,Kein Equipment
EX000730,Kettlebell-Sumo-Kreuzheben,KETTLEBELL,Kettlebell(s),True,1,False,Kettlebell
EX000730,Kettlebell-Sumo-Kreuzheben,FLOOR,Freie Bodenfläche,False,2,True,Kein Equipment
EX000731,Konventionelles Kreuzheben mit Langhantel,BARBELL,Langhantel,True,1,False,Langhantel
EX000731,Konventionelles Kreuzheben mit Langhantel,PLATES,Hantelscheiben,False,2,False,Langhantel
EX000732,Kreuzheben gegen Widerstandsbänder,BARBELL,Langhantel,True,1,False,Langhantel
EX000732,Kreuzheben gegen Widerstandsbänder,PLATES,Hantelscheiben,False,2,False,Langhantel
EX000732,Kreuzheben gegen Widerstandsbänder,BAND,Langes Widerstandsband,False,3,False,Widerstandsbänder
EX000733,"Kreuzheben mit gestreckten Beinen, Langhantel",BARBELL,Langhantel,True,1,False,Langhantel
EX000733,"Kreuzheben mit gestreckten Beinen, Langhantel",PLATES,Hantelscheiben,False,2,False,Langhantel
EX000734,Kreuzheben mit Kurzhanteln,DUMBBELL,Kurzhantel(n),True,1,False,Kurzhanteln
EX000734,Kreuzheben mit Kurzhanteln,FLOOR,Freie Bodenfläche,False,2,True,Kein Equipment
EX000735,Kreuzheben mit Pause unterhalb des Knies,BARBELL,Langhantel,True,1,False,Langhantel
EX000735,Kreuzheben mit Pause unterhalb des Knies,PLATES,Hantelscheiben,False,2,False,Langhantel
EX000736,Kreuzheben mit Snatch-Griff,BARBELL,Langhantel,True,1,False,Langhantel
EX000736,Kreuzheben mit Snatch-Griff,PLATES,Hantelscheiben,False,2,False,Langhantel
EX000737,Kreuzheben mit zwei Kettlebells,KETTLEBELL,Kettlebell(s),True,1,False,Kettlebell
EX000737,Kreuzheben mit zwei Kettlebells,FLOOR,Freie Bodenfläche,False,2,True,Kein Equipment
EX000738,Landmine-Kreuzheben,BARBELL,Langhantel,False,1,False,Langhantel
EX000738,Landmine-Kreuzheben,PLATES,Hantelscheiben,False,2,False,Langhantel
EX000738,Landmine-Kreuzheben,LANDMINE,Landmine-Aufnahme,True,3,False,Landmine
EX000739,Landmine-Sumo-Kreuzheben,BARBELL,Langhantel,False,1,False,Langhantel
EX000739,Landmine-Sumo-Kreuzheben,PLATES,Hantelscheiben,False,2,False,Langhantel
EX000739,Landmine-Sumo-Kreuzheben,LANDMINE,Landmine-Aufnahme,True,3,False,Landmine
EX000740,Pausen-Konventionelles Kreuzheben mit Langhantel,BARBELL,Langhantel,True,1,False,Langhantel
EX000740,Pausen-Konventionelles Kreuzheben mit Langhantel,PLATES,Hantelscheiben,False,2,False,Langhantel
EX000741,Pausen-Rumänisches Kreuzheben mit Kettlebells,KETTLEBELL,Kettlebell(s),True,1,False,Kettlebell
EX000741,Pausen-Rumänisches Kreuzheben mit Kettlebells,FLOOR,Freie Bodenfläche,False,2,True,Kein Equipment
EX000742,Pausen-Rumänisches Kreuzheben mit Kurzhanteln,DUMBBELL,Kurzhantel(n),True,1,False,Kurzhanteln
EX000742,Pausen-Rumänisches Kreuzheben mit Kurzhanteln,FLOOR,Freie Bodenfläche,False,2,True,Kein Equipment
EX000743,Pausen-Rumänisches Kreuzheben mit Langhantel,BARBELL,Langhantel,True,1,False,Langhantel
EX000743,Pausen-Rumänisches Kreuzheben mit Langhantel,PLATES,Hantelscheiben,False,2,False,Langhantel
EX000744,Pausen-Sumo-Kreuzheben mit Langhantel,BARBELL,Langhantel,True,1,False,Langhantel
EX000744,Pausen-Sumo-Kreuzheben mit Langhantel,PLATES,Hantelscheiben,False,2,False,Langhantel
EX000745,"Pausen-Trap-Bar-Kreuzheben, hohe Griffe",TRAP_BAR,Trap-/Hex-Bar,True,1,False,Spezialhanteln
EX000745,"Pausen-Trap-Bar-Kreuzheben, hohe Griffe",PLATES,Hantelscheiben,False,2,False,Langhantel
EX000746,Rack Pull oberhalb des Knies,BARBELL,Langhantel,True,1,False,Langhantel
EX000746,Rack Pull oberhalb des Knies,PLATES,Hantelscheiben,False,2,False,Langhantel
EX000746,Rack Pull oberhalb des Knies,RACK,Kniebeugenständer/Power Rack,False,3,False,Langhantel mit Rack
EX000747,Rack Pull unterhalb des Knies,BARBELL,Langhantel,True,1,False,Langhantel
EX000747,Rack Pull unterhalb des Knies,PLATES,Hantelscheiben,False,2,False,Langhantel
EX000747,Rack Pull unterhalb des Knies,RACK,Kniebeugenständer/Power Rack,False,3,False,Langhantel mit Rack
EX000748,Rumänisches Kreuzheben mit Kettlebells,KETTLEBELL,Kettlebell(s),True,1,False,Kettlebell
EX000748,Rumänisches Kreuzheben mit Kettlebells,FLOOR,Freie Bodenfläche,False,2,True,Kein Equipment
EX000749,Rumänisches Kreuzheben mit Kurzhanteln,DUMBBELL,Kurzhantel(n),True,1,False,Kurzhanteln
EX000749,Rumänisches Kreuzheben mit Kurzhanteln,FLOOR,Freie Bodenfläche,False,2,True,Kein Equipment
EX000750,Rumänisches Kreuzheben mit Langhantel,BARBELL,Langhantel,True,1,False,Langhantel
EX000750,Rumänisches Kreuzheben mit Langhantel,PLATES,Hantelscheiben,False,2,False,Langhantel
EX000751,Sandsack-Kreuzheben,SANDBAG,Sandsack (Training),True,1,False,Functional Training
EX000751,Sandsack-Kreuzheben,FLOOR,Freie Bodenfläche,False,2,True,Kein Equipment
EX000752,Sumo-Kreuzheben mit Langhantel,BARBELL,Langhantel,True,1,False,Langhantel
EX000752,Sumo-Kreuzheben mit Langhantel,PLATES,Hantelscheiben,False,2,False,Langhantel
EX000753,Tempo-Konventionelles Kreuzheben mit Langhantel (3 Sekunden exzentrisch),BARBELL,Langhantel,True,1,False,Langhantel
EX000753,Tempo-Konventionelles Kreuzheben mit Langhantel (3 Sekunden exzentrisch),PLATES,Hantelscheiben,False,2,False,Langhantel
EX000754,Tempo-Rumänisches Kreuzheben mit Kettlebells (3 Sekunden exzentrisch),KETTLEBELL,Kettlebell(s),True,1,False,Kettlebell
EX000754,Tempo-Rumänisches Kreuzheben mit Kettlebells (3 Sekunden exzentrisch),FLOOR,Freie Bodenfläche,False,2,True,Kein Equipment
EX000755,Tempo-Rumänisches Kreuzheben mit Kurzhanteln (3 Sekunden exzentrisch),DUMBBELL,Kurzhantel(n),True,1,False,Kurzhanteln
EX000755,Tempo-Rumänisches Kreuzheben mit Kurzhanteln (3 Sekunden exzentrisch),FLOOR,Freie Bodenfläche,False,2,True,Kein Equipment
EX000756,Tempo-Rumänisches Kreuzheben mit Langhantel (3 Sekunden exzentrisch),BARBELL,Langhantel,True,1,False,Langhantel
EX000756,Tempo-Rumänisches Kreuzheben mit Langhantel (3 Sekunden exzentrisch),PLATES,Hantelscheiben,False,2,False,Langhantel
EX000757,Tempo-Sumo-Kreuzheben mit Langhantel (3 Sekunden exzentrisch),BARBELL,Langhantel,True,1,False,Langhantel
EX000757,Tempo-Sumo-Kreuzheben mit Langhantel (3 Sekunden exzentrisch),PLATES,Hantelscheiben,False,2,False,Langhantel
EX000758,"Tempo-Trap-Bar-Kreuzheben, hohe Griffe (3 Sekunden exzentrisch)",TRAP_BAR,Trap-/Hex-Bar,True,1,False,Spezialhanteln
EX000758,"Tempo-Trap-Bar-Kreuzheben, hohe Griffe (3 Sekunden exzentrisch)",PLATES,Hantelscheiben,False,2,False,Langhantel
EX000759,"Trap-Bar-Kreuzheben, hohe Griffe",TRAP_BAR,Trap-/Hex-Bar,True,1,False,Spezialhanteln
EX000759,"Trap-Bar-Kreuzheben, hohe Griffe",PLATES,Hantelscheiben,False,2,False,Langhantel
EX000760,"Trap-Bar-Kreuzheben, tiefe Griffe",TRAP_BAR,Trap-/Hex-Bar,True,1,False,Spezialhanteln
EX000760,"Trap-Bar-Kreuzheben, tiefe Griffe",PLATES,Hantelscheiben,False,2,False,Langhantel
EX000761,Bank-Dips,BODY,Körpergewicht,False,1,True,Kein Equipment
EX000761,Bank-Dips,BENCH,Flachbank,True,2,False,Trainingsbank
EX000762,Bank-Dips mit erhöhten Füssen,BODY,Körpergewicht,False,1,True,Kein Equipment
EX000762,Bank-Dips mit erhöhten Füssen,BENCH,Flachbank,True,2,False,Trainingsbank
EX000762,Bank-Dips mit erhöhten Füssen,BOX,Plyo-Box,False,3,False,Functional Training
EX000763,Bank-Dips mit Zusatzgewicht,BODY,Körpergewicht,False,1,True,Kein Equipment
EX000763,Bank-Dips mit Zusatzgewicht,BENCH,Flachbank,True,2,False,Trainingsbank
EX000763,Bank-Dips mit Zusatzgewicht,BOX,Plyo-Box,False,3,False,Functional Training
EX000763,Bank-Dips mit Zusatzgewicht,PLATES,Hantelscheiben,False,4,False,Langhantel
EX000764,Dips am Parallelbarren,BODY,Körpergewicht,False,1,True,Kein Equipment
EX000764,Dips am Parallelbarren,DIP_BARS,Dip-Barren/Parallelbarren,True,2,False,Dip-Barren
EX000765,Dips an Turnringen,BODY,Körpergewicht,False,1,True,Kein Equipment
EX000765,Dips an Turnringen,RINGS,Turnringe,True,2,False,Turnringe
EX000766,Dips mit Widerstandsband-Unterstützung,BODY,Körpergewicht,False,1,True,Kein Equipment
EX000766,Dips mit Widerstandsband-Unterstützung,DIP_BARS,Dip-Barren/Parallelbarren,False,2,False,Dip-Barren
EX000766,Dips mit Widerstandsband-Unterstützung,BAND,Langes Widerstandsband,True,3,False,Widerstandsbänder
EX000767,Dips mit Zusatzgewicht,BODY,Körpergewicht,False,1,True,Kein Equipment
EX000767,Dips mit Zusatzgewicht,DIP_BARS,Dip-Barren/Parallelbarren,True,2,False,Dip-Barren
EX000767,Dips mit Zusatzgewicht,PLATES,Hantelscheiben,False,3,False,Langhantel
EX000768,Trizepsbetonte Dips am Parallelbarren,BODY,Körpergewicht,False,1,True,Kein Equipment
EX000768,Trizepsbetonte Dips am Parallelbarren,DIP_BARS,Dip-Barren/Parallelbarren,True,2,False,Dip-Barren
EX000769,Unterstützte Dips an der Maschine,ASSISTED_PULLUP,Unterstützte Klimmzug-/Dip-Maschine,True,1,False,Kraftmaschinen
EX000770,Unterstützte Ring-Dips,BODY,Körpergewicht,False,1,True,Kein Equipment
EX000770,Unterstützte Ring-Dips,RINGS,Turnringe,True,2,False,Turnringe
EX000770,Unterstützte Ring-Dips,BAND,Langes Widerstandsband,False,3,False,Widerstandsbänder
EX000771,Bench Dip mit gebeugten Beinen,BODY,Körpergewicht,False,1,True,Kein Equipment
EX000771,Bench Dip mit gebeugten Beinen,BENCH,Flachbank,True,2,False,Trainingsbank
EX000772,Bench Dip mit gestreckten Beinen,BODY,Körpergewicht,False,1,True,Kein Equipment
EX000772,Bench Dip mit gestreckten Beinen,BENCH,Flachbank,True,2,False,Trainingsbank
EX000773,Bench Dip mit Zusatzgewicht,BODY,Körpergewicht,False,1,True,Kein Equipment
EX000773,Bench Dip mit Zusatzgewicht,BENCH,Flachbank,True,2,False,Trainingsbank
EX000773,Bench Dip mit Zusatzgewicht,PLATES,Hantelscheiben,False,3,False,Langhantel
EX000774,California Press mit Langhantel,BARBELL,Langhantel,True,1,False,Langhantel
EX000774,California Press mit Langhantel,PLATES,Hantelscheiben,False,2,False,Langhantel
EX000774,California Press mit Langhantel,BENCH,Flachbank,False,3,False,Trainingsbank
EX000774,California Press mit Langhantel,RACK,Kniebeugenständer/Power Rack,False,4,False,Langhantel mit Rack
EX000775,Close-Grip Floor Press mit Kurzhanteln,DUMBBELL,Kurzhantel(n),True,1,False,Kurzhanteln
EX000775,Close-Grip Floor Press mit Kurzhanteln,FLOOR,Freie Bodenfläche,False,2,True,Kein Equipment
EX000776,Einarmige French Press mit Kurzhantel,DUMBBELL,Kurzhantel(n),True,1,False,Kurzhanteln
EX000776,Einarmige French Press mit Kurzhantel,BENCH,Flachbank,False,2,False,Trainingsbank
EX000777,Einarmiges Trizepsdrücken am Kabel,CABLE,Einfacher Kabelzug,True,1,False,Kabelzug
EX000778,Einarmiges Trizepsdrücken an der Maschine,TRICEPS_MACHINE,Trizepsstrecker-Maschine,True,1,False,Kraftmaschinen
EX000779,Einarmiges Trizepsdrücken im Untergriff,CABLE,Einfacher Kabelzug,True,1,False,Kabelzug
EX000780,Einarmiges Trizepsdrücken mit Widerstandsband,BAND,Langes Widerstandsband,True,1,False,Widerstandsbänder
EX000781,Einarmiges Trizepsstrecken am Schlingentrainer,BODY,Körpergewicht,False,1,True,Kein Equipment
EX000781,Einarmiges Trizepsstrecken am Schlingentrainer,TRX,Schlingentrainer/TRX,True,2,False,TRX/Schlingentrainer
EX000782,Einarmiges Trizepsstrecken über Kopf am Kabel,CABLE,Einfacher Kabelzug,True,1,False,Kabelzug
EX000783,Einarmiges Trizepsstrecken über Kopf mit Band,BAND,Langes Widerstandsband,True,1,False,Widerstandsbänder
EX000784,Einarmiges Trizepsstrecken über Kopf mit Kurzhantel,DUMBBELL,Kurzhantel(n),True,1,False,Kurzhanteln
EX000785,Floor Skull Crusher mit Kettlebells,KETTLEBELL,Kettlebell(s),True,1,False,Kettlebell
EX000785,Floor Skull Crusher mit Kettlebells,FLOOR,Freie Bodenfläche,False,2,True,Kein Equipment
EX000786,Floor Skull Crusher mit Kurzhanteln,DUMBBELL,Kurzhantel(n),True,1,False,Kurzhanteln
EX000786,Floor Skull Crusher mit Kurzhanteln,FLOOR,Freie Bodenfläche,False,2,True,Kein Equipment
EX000787,French Press am Kabel auf der Bank,CABLE,Einfacher Kabelzug,True,1,False,Kabelzug
EX000787,French Press am Kabel auf der Bank,BENCH,Flachbank,False,2,False,Trainingsbank
EX000788,French Press am Kabel auf der Schrägbank,CABLE,Einfacher Kabelzug,True,1,False,Kabelzug
EX000788,French Press am Kabel auf der Schrägbank,ADJ_BENCH,Verstellbare Trainingsbank,False,2,False,Trainingsbank
EX000789,French Press auf der Negativbank,EZ_BAR,SZ-Stange,True,1,False,Spezialhanteln
EX000789,French Press auf der Negativbank,PLATES,Hantelscheiben,False,2,False,Langhantel
EX000789,French Press auf der Negativbank,ADJ_BENCH,Verstellbare Trainingsbank,False,3,False,Trainingsbank
EX000790,French Press auf der Schrägbank,EZ_BAR,SZ-Stange,True,1,False,Spezialhanteln
EX000790,French Press auf der Schrägbank,PLATES,Hantelscheiben,False,2,False,Langhantel
EX000790,French Press auf der Schrägbank,ADJ_BENCH,Verstellbare Trainingsbank,False,3,False,Trainingsbank
EX000791,French Press mit Kurzhanteln,DUMBBELL,Kurzhantel(n),True,1,False,Kurzhanteln
EX000791,French Press mit Kurzhanteln,BENCH,Flachbank,False,2,False,Trainingsbank
EX000792,French Press mit Langhantel auf der Flachbank,BARBELL,Langhantel,True,1,False,Langhantel
EX000792,French Press mit Langhantel auf der Flachbank,PLATES,Hantelscheiben,False,2,False,Langhantel
EX000792,French Press mit Langhantel auf der Flachbank,BENCH,Flachbank,False,3,False,Trainingsbank
EX000793,French Press mit SZ-Stange auf der Flachbank,EZ_BAR,SZ-Stange,True,1,False,Spezialhanteln
EX000793,French Press mit SZ-Stange auf der Flachbank,PLATES,Hantelscheiben,False,2,False,Langhantel
EX000793,French Press mit SZ-Stange auf der Flachbank,BENCH,Flachbank,False,3,False,Trainingsbank
EX000794,French Press mit Widerstandsband,BAND,Langes Widerstandsband,True,1,False,Widerstandsbänder
EX000794,French Press mit Widerstandsband,BENCH,Flachbank,False,2,False,Trainingsbank
EX000795,JM Press an der Smith-Maschine,SMITH,Multipresse/Smith Machine,True,1,False,Kraftmaschinen
EX000795,JM Press an der Smith-Maschine,BENCH,Flachbank,False,2,False,Trainingsbank
EX000796,JM Press mit Langhantel,BARBELL,Langhantel,True,1,False,Langhantel
EX000796,JM Press mit Langhantel,PLATES,Hantelscheiben,False,2,False,Langhantel
EX000796,JM Press mit Langhantel,BENCH,Flachbank,False,3,False,Trainingsbank
EX000796,JM Press mit Langhantel,RACK,Kniebeugenständer/Power Rack,False,4,False,Langhantel mit Rack
EX000797,Kniendes Trizepsdrücken am Kabel,CABLE,Einfacher Kabelzug,True,1,False,Kabelzug
EX000798,Körpergewichts-Trizepsstrecken an der Bank,BODY,Körpergewicht,False,1,True,Kein Equipment
EX000798,Körpergewichts-Trizepsstrecken an der Bank,BENCH,Flachbank,True,2,False,Trainingsbank
EX000799,Körpergewichts-Trizepsstrecken an der Stange,BODY,Körpergewicht,False,1,True,Kein Equipment
EX000799,Körpergewichts-Trizepsstrecken an der Stange,BARBELL,Langhantel,True,2,False,Langhantel
EX000799,Körpergewichts-Trizepsstrecken an der Stange,RACK,Kniebeugenständer/Power Rack,False,3,False,Langhantel mit Rack
EX000800,PJR Pullover mit Kurzhantel,DUMBBELL,Kurzhantel(n),True,1,False,Kurzhanteln
EX000800,PJR Pullover mit Kurzhantel,BENCH,Flachbank,False,2,False,Trainingsbank
EX000801,Rolling Triceps Extension mit Kurzhanteln,DUMBBELL,Kurzhantel(n),True,1,False,Kurzhanteln
EX000801,Rolling Triceps Extension mit Kurzhanteln,BENCH,Flachbank,False,2,False,Trainingsbank
EX000802,Sitzendes Trizepsstrecken mit SZ-Stange,EZ_BAR,SZ-Stange,True,1,False,Spezialhanteln
EX000802,Sitzendes Trizepsstrecken mit SZ-Stange,PLATES,Hantelscheiben,False,2,False,Langhantel
EX000802,Sitzendes Trizepsstrecken mit SZ-Stange,BENCH,Flachbank,False,3,False,Trainingsbank
EX000803,Sitzendes Trizepsstrecken über Kopf mit Kurzhantel,DUMBBELL,Kurzhantel(n),True,1,False,Kurzhanteln
EX000803,Sitzendes Trizepsstrecken über Kopf mit Kurzhantel,BENCH,Flachbank,False,2,False,Trainingsbank
EX000804,Sphinx-Liegestütz,BODY,Körpergewicht,True,1,True,Kein Equipment
EX000804,Sphinx-Liegestütz,FLOOR,Freie Bodenfläche,False,2,True,Kein Equipment
EX000805,Tate Press mit Kurzhanteln,DUMBBELL,Kurzhantel(n),True,1,False,Kurzhanteln
EX000805,Tate Press mit Kurzhanteln,BENCH,Flachbank,False,2,False,Trainingsbank
EX000806,Tiger-Bend Push-up,BODY,Körpergewicht,True,1,True,Kein Equipment
EX000806,Tiger-Bend Push-up,FLOOR,Freie Bodenfläche,False,2,True,Kein Equipment
EX000807,Trizeps-Kickback am Kabel,CABLE,Einfacher Kabelzug,True,1,False,Kabelzug
EX000808,Trizeps-Kickback mit beiden Armen,DUMBBELL,Kurzhantel(n),True,1,False,Kurzhanteln
EX000809,Trizeps-Kickback mit Kurzhantel,DUMBBELL,Kurzhantel(n),True,1,False,Kurzhanteln
EX000809,Trizeps-Kickback mit Kurzhantel,BENCH,Flachbank,False,2,False,Trainingsbank
EX000810,Trizeps-Kickback mit Widerstandsband,BAND,Langes Widerstandsband,True,1,False,Widerstandsbänder
EX000811,Trizepsdrücken am Kabel im Untergriff,CABLE,Einfacher Kabelzug,True,1,False,Kabelzug
EX000812,Trizepsdrücken am Kabel mit gekreuzten Griffen,DUAL_CABLE,Doppel-Kabelzug/Crossover,True,1,False,Kabelzug
EX000813,Trizepsdrücken am Kabel mit gerader Stange,CABLE,Einfacher Kabelzug,True,1,False,Kabelzug
EX000814,Trizepsdrücken am Kabel mit langsamer Exzentrik,CABLE,Einfacher Kabelzug,True,1,False,Kabelzug
EX000815,Trizepsdrücken am Kabel mit Pause unten,CABLE,Einfacher Kabelzug,True,1,False,Kabelzug
EX000816,Trizepsdrücken am Kabel mit Seil,CABLE,Einfacher Kabelzug,True,1,False,Kabelzug
EX000817,Trizepsdrücken am Kabel mit V-Griff,CABLE,Einfacher Kabelzug,True,1,False,Kabelzug
EX000818,Trizepsdrücken an der Maschine,TRICEPS_MACHINE,Trizepsstrecker-Maschine,True,1,False,Kraftmaschinen
EX000819,Trizepsdrücken mit Tubeband,TUBE_BAND,Tube-Band mit Griffen,True,1,False,Widerstandsbänder
EX000820,Trizepsdrücken mit Widerstandsband,BAND,Langes Widerstandsband,True,1,False,Widerstandsbänder
EX000821,Trizepsstrecken am Schlingentrainer,BODY,Körpergewicht,False,1,True,Kein Equipment
EX000821,Trizepsstrecken am Schlingentrainer,TRX,Schlingentrainer/TRX,True,2,False,TRX/Schlingentrainer
EX000822,Trizepsstrecken an Turnringen,BODY,Körpergewicht,False,1,True,Kein Equipment
EX000822,Trizepsstrecken an Turnringen,RINGS,Turnringe,True,2,False,Turnringe
EX000823,Trizepsstrecken mit Miniband zwischen den Händen,MINIBAND,Miniband/Loop-Band,True,1,False,Widerstandsbänder
EX000824,Trizepsstrecken über Kopf am Kabel im Kniestand,CABLE,Einfacher Kabelzug,True,1,False,Kabelzug
EX000825,Trizepsstrecken über Kopf am Kabel im Sitzen,CABLE,Einfacher Kabelzug,True,1,False,Kabelzug
EX000825,Trizepsstrecken über Kopf am Kabel im Sitzen,BENCH,Flachbank,False,2,False,Trainingsbank
EX000826,Trizepsstrecken über Kopf am Kabel mit Seil,CABLE,Einfacher Kabelzug,True,1,False,Kabelzug
EX000827,Trizepsstrecken über Kopf mit Kettlebell,KETTLEBELL,Kettlebell(s),True,1,False,Kettlebell
EX000828,Trizepsstrecken über Kopf mit Kurzhantel,DUMBBELL,Kurzhantel(n),True,1,False,Kurzhanteln
EX000829,Trizepsstrecken über Kopf mit SZ-Stange,EZ_BAR,SZ-Stange,True,1,False,Spezialhanteln
EX000829,Trizepsstrecken über Kopf mit SZ-Stange,PLATES,Hantelscheiben,False,2,False,Langhantel
EX000830,Trizepsstrecken über Kopf mit Widerstandsband,BAND,Langes Widerstandsband,True,1,False,Widerstandsbänder
EX000831,Alternierender Hammer Curl,DUMBBELL,Kurzhantel(n),True,1,False,Kurzhanteln
EX000832,Alternierender Kurzhantel-Curl,DUMBBELL,Kurzhantel(n),True,1,False,Kurzhanteln
EX000833,Alternierender Schrägbank-Curl,DUMBBELL,Kurzhantel(n),True,1,False,Kurzhanteln
EX000833,Alternierender Schrägbank-Curl,ADJ_BENCH,Verstellbare Trainingsbank,False,2,False,Trainingsbank
EX000834,Bayesian Cable Curl,CABLE,Einfacher Kabelzug,True,1,False,Kabelzug
EX000835,Bayesian Cable Curl beidarmig,DUAL_CABLE,Doppel-Kabelzug/Crossover,True,1,False,Kabelzug
EX000836,Bizepscurl am Schlingentrainer,BODY,Körpergewicht,False,1,True,Kein Equipment
EX000836,Bizepscurl am Schlingentrainer,TRX,Schlingentrainer/TRX,True,2,False,TRX/Schlingentrainer
EX000837,Bizepscurl an der Maschine,BICEPS_MACHINE,Bizepscurl-Maschine,True,1,False,Kraftmaschinen
EX000838,Bizepscurl mit Widerstandsband,BAND,Langes Widerstandsband,True,1,False,Widerstandsbänder
EX000839,Bottom-up Kettlebell-Curl,KETTLEBELL,Kettlebell(s),True,1,False,Kettlebell
EX000840,Cheat Curl mit Langhantel,BARBELL,Langhantel,True,1,False,Langhantel
EX000840,Cheat Curl mit Langhantel,PLATES,Hantelscheiben,False,2,False,Langhantel
EX000841,Cross-Body Hammer Curl,DUMBBELL,Kurzhantel(n),True,1,False,Kurzhanteln
EX000842,Drag Curl mit Kurzhanteln,DUMBBELL,Kurzhantel(n),True,1,False,Kurzhanteln
EX000843,Drag Curl mit Langhantel,BARBELL,Langhantel,True,1,False,Langhantel
EX000843,Drag Curl mit Langhantel,PLATES,Hantelscheiben,False,2,False,Langhantel
EX000844,Einarmiger Bizepscurl am Schlingentrainer,BODY,Körpergewicht,False,1,True,Kein Equipment
EX000844,Einarmiger Bizepscurl am Schlingentrainer,TRX,Schlingentrainer/TRX,True,2,False,TRX/Schlingentrainer
EX000845,Einarmiger Bizepscurl an der Maschine,BICEPS_MACHINE,Bizepscurl-Maschine,True,1,False,Kraftmaschinen
EX000846,Einarmiger Bizepscurl mit Widerstandsband,BAND,Langes Widerstandsband,True,1,False,Widerstandsbänder
EX000847,Einarmiger Kabel-Curl im Stehen,CABLE,Einfacher Kabelzug,True,1,False,Kabelzug
EX000848,Einarmiger Kabel-Curl von oben,CABLE,Einfacher Kabelzug,True,1,False,Kabelzug
EX000849,Einarmiger Kurzhantel-Curl mit Pause,DUMBBELL,Kurzhantel(n),True,1,False,Kurzhanteln
EX000850,Hammer Curl auf der Schrägbank,DUMBBELL,Kurzhantel(n),True,1,False,Kurzhanteln
EX000850,Hammer Curl auf der Schrägbank,ADJ_BENCH,Verstellbare Trainingsbank,False,2,False,Trainingsbank
EX000851,Hammer Curl auf der Scottbank,DUMBBELL,Kurzhantel(n),True,1,False,Kurzhanteln
EX000851,Hammer Curl auf der Scottbank,PREACHER_BENCH,Scottbank,False,2,False,Trainingsbank
EX000852,Hammer Curl im Stehen,DUMBBELL,Kurzhantel(n),True,1,False,Kurzhanteln
EX000853,Hammer Curl mit Widerstandsband,BAND,Langes Widerstandsband,True,1,False,Widerstandsbänder
EX000854,Kabel-Curl im tiefen Ausfallschritt,CABLE,Einfacher Kabelzug,True,1,False,Kabelzug
EX000855,Kabel-Curl mit gerader Stange,CABLE,Einfacher Kabelzug,True,1,False,Kabelzug
EX000856,Kabel-Curl mit Seil,CABLE,Einfacher Kabelzug,True,1,False,Kabelzug
EX000857,Kabel-Curl mit SZ-Griff,CABLE,Einfacher Kabelzug,True,1,False,Kabelzug
EX000858,Kabel-Curl von oben,DUAL_CABLE,Doppel-Kabelzug/Crossover,True,1,False,Kabelzug
EX000859,Kabel-Hammer-Curl einarmig,CABLE,Einfacher Kabelzug,True,1,False,Kabelzug
EX000860,Kettlebell-Curl im Stehen,KETTLEBELL,Kettlebell(s),True,1,False,Kettlebell
EX000861,Kettlebell-Hammer-Curl,KETTLEBELL,Kettlebell(s),True,1,False,Kettlebell
EX000862,Konzentrationscurl,DUMBBELL,Kurzhantel(n),True,1,False,Kurzhanteln
EX000862,Konzentrationscurl,BENCH,Flachbank,False,2,False,Trainingsbank
EX000863,Kurzhantel-Curl auf der Schrägbank,DUMBBELL,Kurzhantel(n),True,1,False,Kurzhanteln
EX000863,Kurzhantel-Curl auf der Schrägbank,ADJ_BENCH,Verstellbare Trainingsbank,False,2,False,Trainingsbank
EX000864,Kurzhantel-Curl im Sitzen,DUMBBELL,Kurzhantel(n),True,1,False,Kurzhanteln
EX000864,Kurzhantel-Curl im Sitzen,BENCH,Flachbank,False,2,False,Trainingsbank
EX000865,Kurzhantel-Curl im Stehen,DUMBBELL,Kurzhantel(n),True,1,False,Kurzhanteln
EX000866,Kurzhantel-Curl mit langsamer Exzentrik,DUMBBELL,Kurzhantel(n),True,1,False,Kurzhanteln
EX000867,Kurzhantel-Curl mit Supination,DUMBBELL,Kurzhantel(n),True,1,False,Kurzhanteln
EX000868,Langhantel-Curl im Stehen,BARBELL,Langhantel,True,1,False,Langhantel
EX000868,Langhantel-Curl im Stehen,PLATES,Hantelscheiben,False,2,False,Langhantel
EX000869,Langhantel-Curl mit engem Griff,BARBELL,Langhantel,True,1,False,Langhantel
EX000869,Langhantel-Curl mit engem Griff,PLATES,Hantelscheiben,False,2,False,Langhantel
EX000870,Langhantel-Curl mit Pause oben,BARBELL,Langhantel,True,1,False,Langhantel
EX000870,Langhantel-Curl mit Pause oben,PLATES,Hantelscheiben,False,2,False,Langhantel
EX000871,Langhantel-Curl mit weitem Griff,BARBELL,Langhantel,True,1,False,Langhantel
EX000871,Langhantel-Curl mit weitem Griff,PLATES,Hantelscheiben,False,2,False,Langhantel
EX000872,Liegender Kabel-Curl,CABLE,Einfacher Kabelzug,True,1,False,Kabelzug
EX000872,Liegender Kabel-Curl,BENCH,Flachbank,False,2,False,Trainingsbank
EX000873,Reverse Curl am Kabelzug,CABLE,Einfacher Kabelzug,True,1,False,Kabelzug
EX000874,Reverse Curl mit Kurzhanteln,DUMBBELL,Kurzhantel(n),True,1,False,Kurzhanteln
EX000875,Reverse Curl mit Langhantel,BARBELL,Langhantel,True,1,False,Langhantel
EX000875,Reverse Curl mit Langhantel,PLATES,Hantelscheiben,False,2,False,Langhantel
EX000876,Reverse Curl mit SZ-Stange,EZ_BAR,SZ-Stange,True,1,False,Spezialhanteln
EX000876,Reverse Curl mit SZ-Stange,PLATES,Hantelscheiben,False,2,False,Langhantel
EX000877,Scott-Curl am Kabelzug,CABLE,Einfacher Kabelzug,True,1,False,Kabelzug
EX000877,Scott-Curl am Kabelzug,PREACHER_BENCH,Scottbank,False,2,False,Trainingsbank
EX000878,Scott-Curl mit Kurzhantel,DUMBBELL,Kurzhantel(n),True,1,False,Kurzhanteln
EX000878,Scott-Curl mit Kurzhantel,PREACHER_BENCH,Scottbank,False,2,False,Trainingsbank
EX000879,Scott-Curl mit Langhantel,BARBELL,Langhantel,True,1,False,Langhantel
EX000879,Scott-Curl mit Langhantel,PLATES,Hantelscheiben,False,2,False,Langhantel
EX000879,Scott-Curl mit Langhantel,PREACHER_BENCH,Scottbank,False,3,False,Trainingsbank
EX000880,Scott-Curl mit SZ-Stange,EZ_BAR,SZ-Stange,True,1,False,Spezialhanteln
EX000880,Scott-Curl mit SZ-Stange,PLATES,Hantelscheiben,False,2,False,Langhantel
EX000880,Scott-Curl mit SZ-Stange,PREACHER_BENCH,Scottbank,False,3,False,Trainingsbank
EX000881,Sitzender Langhantel-Curl aus halber ROM,BARBELL,Langhantel,True,1,False,Langhantel
EX000881,Sitzender Langhantel-Curl aus halber ROM,PLATES,Hantelscheiben,False,2,False,Langhantel
EX000881,Sitzender Langhantel-Curl aus halber ROM,BENCH,Flachbank,False,3,False,Trainingsbank
EX000882,Spider Curl am Kabelzug,CABLE,Einfacher Kabelzug,True,1,False,Kabelzug
EX000882,Spider Curl am Kabelzug,ADJ_BENCH,Verstellbare Trainingsbank,False,2,False,Trainingsbank
EX000883,Spider Curl mit Kurzhanteln,DUMBBELL,Kurzhantel(n),True,1,False,Kurzhanteln
EX000883,Spider Curl mit Kurzhanteln,ADJ_BENCH,Verstellbare Trainingsbank,False,2,False,Trainingsbank
EX000884,Spider Curl mit Langhantel,BARBELL,Langhantel,True,1,False,Langhantel
EX000884,Spider Curl mit Langhantel,PLATES,Hantelscheiben,False,2,False,Langhantel
EX000884,Spider Curl mit Langhantel,ADJ_BENCH,Verstellbare Trainingsbank,False,3,False,Trainingsbank
EX000885,Spider Curl mit SZ-Stange,EZ_BAR,SZ-Stange,True,1,False,Spezialhanteln
EX000885,Spider Curl mit SZ-Stange,PLATES,Hantelscheiben,False,2,False,Langhantel
EX000885,Spider Curl mit SZ-Stange,ADJ_BENCH,Verstellbare Trainingsbank,False,3,False,Trainingsbank
EX000886,SZ-Curl im Stehen,EZ_BAR,SZ-Stange,True,1,False,Spezialhanteln
EX000886,SZ-Curl im Stehen,PLATES,Hantelscheiben,False,2,False,Langhantel
EX000887,SZ-Curl mit engem Griff,EZ_BAR,SZ-Stange,True,1,False,Spezialhanteln
EX000887,SZ-Curl mit engem Griff,PLATES,Hantelscheiben,False,2,False,Langhantel
EX000888,SZ-Curl mit weitem Griff,EZ_BAR,SZ-Stange,True,1,False,Spezialhanteln
EX000888,SZ-Curl mit weitem Griff,PLATES,Hantelscheiben,False,2,False,Langhantel
EX000889,Zottman Curl,DUMBBELL,Kurzhantel(n),True,1,False,Kurzhanteln
EX000890,Zottman Curl im Sitzen,DUMBBELL,Kurzhantel(n),True,1,False,Kurzhanteln
EX000890,Zottman Curl im Sitzen,BENCH,Flachbank,False,2,False,Trainingsbank
EX000891,Aktives Hängen an der Klimmzugstange,BODY,Körpergewicht,False,1,True,Kein Equipment
EX000891,Aktives Hängen an der Klimmzugstange,PULLUP_BAR,Klimmzugstange,True,2,False,Klimmzugstange
EX000892,Bottom-up Kettlebell Hold,KETTLEBELL,Kettlebell(s),True,1,False,Kettlebell
EX000893,Bottom-up Kettlebell Hold über Kopf,KETTLEBELL,Kettlebell(s),True,1,False,Kettlebell
EX000894,Einarmiger Handgelenkcurl mit Kurzhantel,DUMBBELL,Kurzhantel(n),True,1,False,Kurzhanteln
EX000894,Einarmiger Handgelenkcurl mit Kurzhantel,BENCH,Flachbank,False,2,False,Trainingsbank
EX000895,Einarmiger Hantelscheiben-Pinch Hold,PLATES,Hantelscheiben,True,1,False,Langhantel
EX000896,Einarmiger Pinch-Block Hold,PINCH_BLOCK,Pinch-Block,True,1,False,Kleingeräte
EX000896,Einarmiger Pinch-Block Hold,PLATES,Hantelscheiben,False,2,False,Langhantel
EX000897,Einarmiger Reverse Handgelenkcurl,DUMBBELL,Kurzhantel(n),True,1,False,Kurzhanteln
EX000897,Einarmiger Reverse Handgelenkcurl,BENCH,Flachbank,False,2,False,Trainingsbank
EX000898,Einarmiges Hängen an der Klimmzugstange,BODY,Körpergewicht,False,1,True,Kein Equipment
EX000898,Einarmiges Hängen an der Klimmzugstange,PULLUP_BAR,Klimmzugstange,True,2,False,Klimmzugstange
EX000899,Finger-Liegestütz an der Wand,BODY,Körpergewicht,True,1,True,Kein Equipment
EX000899,Finger-Liegestütz an der Wand,WALL,Wand,False,2,True,Kein Equipment
EX000900,Finger-Liegestütz im Vierfüsslerstand,BODY,Körpergewicht,True,1,True,Kein Equipment
EX000900,Finger-Liegestütz im Vierfüsslerstand,FLOOR,Freie Bodenfläche,False,2,True,Kein Equipment
EX000901,Fingerstrecken mit Miniband,MINIBAND,Miniband/Loop-Band,True,1,False,Widerstandsbänder
EX000902,Handgelenkcurl am Kabelzug,CABLE,Einfacher Kabelzug,True,1,False,Kabelzug
EX000902,Handgelenkcurl am Kabelzug,BENCH,Flachbank,False,2,False,Trainingsbank
EX000903,Handgelenkcurl hinter dem Rücken mit Langhantel,BARBELL,Langhantel,True,1,False,Langhantel
EX000903,Handgelenkcurl hinter dem Rücken mit Langhantel,PLATES,Hantelscheiben,False,2,False,Langhantel
EX000904,Handgelenkcurl mit Kurzhanteln im Sitzen,DUMBBELL,Kurzhantel(n),True,1,False,Kurzhanteln
EX000904,Handgelenkcurl mit Kurzhanteln im Sitzen,BENCH,Flachbank,False,2,False,Trainingsbank
EX000905,Handgelenkcurl mit Langhantel im Sitzen,BARBELL,Langhantel,True,1,False,Langhantel
EX000905,Handgelenkcurl mit Langhantel im Sitzen,PLATES,Hantelscheiben,False,2,False,Langhantel
EX000905,Handgelenkcurl mit Langhantel im Sitzen,BENCH,Flachbank,False,3,False,Trainingsbank
EX000906,Handgelenkcurl mit SZ-Stange,EZ_BAR,SZ-Stange,True,1,False,Spezialhanteln
EX000906,Handgelenkcurl mit SZ-Stange,PLATES,Hantelscheiben,False,2,False,Langhantel
EX000906,Handgelenkcurl mit SZ-Stange,BENCH,Flachbank,False,3,False,Trainingsbank
EX000907,Handgelenkcurl mit Widerstandsband,BAND,Langes Widerstandsband,True,1,False,Widerstandsbänder
EX000908,Handtrainer-Griff isometrisch halten,GRIPPER,Handgripper,True,1,False,Kleinzubehör
EX000909,Handtrainer-Griff mit Negativwiederholung,GRIPPER,Handgripper,True,1,False,Kleinzubehör
EX000910,Handtrainer-Griff schliessen,GRIPPER,Handgripper,True,1,False,Kleinzubehör
EX000911,Handtuch-Hängen an der Klimmzugstange,BODY,Körpergewicht,False,1,True,Kein Equipment
EX000911,Handtuch-Hängen an der Klimmzugstange,PULLUP_BAR,Klimmzugstange,True,2,False,Klimmzugstange
EX000911,Handtuch-Hängen an der Klimmzugstange,TOWEL,Handtuch,False,3,False,Kleingeräte
EX000912,Hantelscheiben-Pinch Hold,PLATES,Hantelscheiben,True,1,False,Langhantel
EX000913,Hängen an Turnringen,BODY,Körpergewicht,False,1,True,Kein Equipment
EX000913,Hängen an Turnringen,RINGS,Turnringe,True,2,False,Turnringe
EX000914,Hängen an zwei Handtüchern,BODY,Körpergewicht,False,1,True,Kein Equipment
EX000914,Hängen an zwei Handtüchern,PULLUP_BAR,Klimmzugstange,True,2,False,Klimmzugstange
EX000914,Hängen an zwei Handtüchern,TOWEL,Handtuch,False,3,False,Kleingeräte
EX000915,Kettlebell-Griffhalten,KETTLEBELL,Kettlebell(s),True,1,False,Kettlebell
EX000916,Knöchel-Liegestütz,BODY,Körpergewicht,True,1,True,Kein Equipment
EX000916,Knöchel-Liegestütz,FLOOR,Freie Bodenfläche,False,2,True,Kein Equipment
EX000917,Kurzhantel-Griffhalten,DUMBBELL,Kurzhantel(n),True,1,False,Kurzhanteln
EX000918,Langhantel-Griffhalten,BARBELL,Langhantel,True,1,False,Langhantel
EX000918,Langhantel-Griffhalten,PLATES,Hantelscheiben,False,2,False,Langhantel
EX000918,Langhantel-Griffhalten,RACK,Kniebeugenständer/Power Rack,False,3,False,Langhantel mit Rack
EX000919,Langhantel-Griffhalten mit Griffverdickung,BARBELL,Langhantel,True,1,False,Langhantel
EX000919,Langhantel-Griffhalten mit Griffverdickung,PLATES,Hantelscheiben,False,2,False,Langhantel
EX000919,Langhantel-Griffhalten mit Griffverdickung,RACK,Kniebeugenständer/Power Rack,False,3,False,Langhantel mit Rack
EX000919,Langhantel-Griffhalten mit Griffverdickung,FAT_GRIP,Griffverdickung,False,4,False,Kleingeräte
EX000920,Passives Hängen an der Klimmzugstange,BODY,Körpergewicht,False,1,True,Kein Equipment
EX000920,Passives Hängen an der Klimmzugstange,PULLUP_BAR,Klimmzugstange,True,2,False,Klimmzugstange
EX000921,Pinch-Block Hold,PINCH_BLOCK,Pinch-Block,True,1,False,Kleingeräte
EX000921,Pinch-Block Hold,PLATES,Hantelscheiben,False,2,False,Langhantel
EX000922,Radialabduktion mit Kurzhantel,DUMBBELL,Kurzhantel(n),True,1,False,Kurzhanteln
EX000922,Radialabduktion mit Kurzhantel,BENCH,Flachbank,False,2,False,Trainingsbank
EX000923,Reverse Handgelenkcurl am Kabelzug,CABLE,Einfacher Kabelzug,True,1,False,Kabelzug
EX000923,Reverse Handgelenkcurl am Kabelzug,BENCH,Flachbank,False,2,False,Trainingsbank
EX000924,Reverse Handgelenkcurl mit Kurzhanteln,DUMBBELL,Kurzhantel(n),True,1,False,Kurzhanteln
EX000924,Reverse Handgelenkcurl mit Kurzhanteln,BENCH,Flachbank,False,2,False,Trainingsbank
EX000925,Reverse Handgelenkcurl mit Langhantel,BARBELL,Langhantel,True,1,False,Langhantel
EX000925,Reverse Handgelenkcurl mit Langhantel,PLATES,Hantelscheiben,False,2,False,Langhantel
EX000925,Reverse Handgelenkcurl mit Langhantel,BENCH,Flachbank,False,3,False,Trainingsbank
EX000926,Reverse Handgelenkcurl mit Widerstandsband,BAND,Langes Widerstandsband,True,1,False,Widerstandsbänder
EX000927,Ulnarabduktion mit Kurzhantel,DUMBBELL,Kurzhantel(n),True,1,False,Kurzhanteln
EX000927,Ulnarabduktion mit Kurzhantel,BENCH,Flachbank,False,2,False,Trainingsbank
EX000928,Unterarm-Pronation am Kabelzug,CABLE,Einfacher Kabelzug,True,1,False,Kabelzug
EX000929,Unterarm-Pronation mit Kurzhantel,DUMBBELL,Kurzhantel(n),True,1,False,Kurzhanteln
EX000929,Unterarm-Pronation mit Kurzhantel,BENCH,Flachbank,False,2,False,Trainingsbank
EX000930,Unterarm-Supination am Kabelzug,CABLE,Einfacher Kabelzug,True,1,False,Kabelzug
EX000931,Unterarm-Supination mit Kurzhantel,DUMBBELL,Kurzhantel(n),True,1,False,Kurzhanteln
EX000931,Unterarm-Supination mit Kurzhantel,BENCH,Flachbank,False,2,False,Trainingsbank
EX000932,Wrist Roller rückwärts,WRIST_ROLLER,Wrist Roller,True,1,False,Kleinzubehör
EX000932,Wrist Roller rückwärts,PLATES,Hantelscheiben,False,2,False,Langhantel
EX000933,Wrist Roller vor dem Körper,WRIST_ROLLER,Wrist Roller,True,1,False,Kleinzubehör
EX000933,Wrist Roller vor dem Körper,PLATES,Hantelscheiben,False,2,False,Langhantel
EX000934,Wrist Roller über Kopf,WRIST_ROLLER,Wrist Roller,True,1,False,Kleinzubehör
EX000934,Wrist Roller über Kopf,PLATES,Hantelscheiben,False,2,False,Langhantel
EX000935,Alternierendes Frontheben mit Kurzhanteln,DUMBBELL,Kurzhantel(n),True,1,False,Kurzhanteln
EX000936,Einarmiges Frontheben am Kabelzug,CABLE,Einfacher Kabelzug,True,1,False,Kabelzug
EX000937,Frontheben am Kabelzug,CABLE,Einfacher Kabelzug,True,1,False,Kabelzug
EX000938,Frontheben mit Hantelscheibe,PLATES,Hantelscheiben,True,1,False,Langhantel
EX000939,"Frontheben mit Kurzhanteln, beidarmig",DUMBBELL,Kurzhantel(n),True,1,False,Kurzhanteln
EX000940,Frontheben mit Langhantel,BARBELL,Langhantel,True,1,False,Langhantel
EX000940,Frontheben mit Langhantel,PLATES,Hantelscheiben,False,2,False,Langhantel
EX000941,Frontheben mit Widerstandsband,BAND,Langes Widerstandsband,True,1,False,Widerstandsbänder
EX000942,Good Morning mit Langhantel,BARBELL,Langhantel,True,1,False,Langhantel
EX000942,Good Morning mit Langhantel,PLATES,Hantelscheiben,False,2,False,Langhantel
EX000942,Good Morning mit Langhantel,RACK,Kniebeugenständer/Power Rack,False,3,False,Langhantel mit Rack
EX000943,Good Morning mit Safety Bar,SSB,Safety-Squat-Bar,True,1,False,Spezialhanteln
EX000943,Good Morning mit Safety Bar,PLATES,Hantelscheiben,False,2,False,Langhantel
EX000943,Good Morning mit Safety Bar,RACK,Kniebeugenständer/Power Rack,False,3,False,Langhantel mit Rack
EX000944,Good Morning mit Sandsack,SANDBAG,Sandsack (Training),True,1,False,Functional Training
EX000944,Good Morning mit Sandsack,FLOOR,Freie Bodenfläche,False,2,True,Kein Equipment
EX000945,Good Morning mit Widerstandsband,BAND,Langes Widerstandsband,True,1,False,Widerstandsbänder
EX000945,Good Morning mit Widerstandsband,FLOOR,Freie Bodenfläche,False,2,True,Kein Equipment
EX000946,Kabelzug Pull-Through,CABLE,Einfacher Kabelzug,True,1,False,Kabelzug
EX000946,Kabelzug Pull-Through,FLOOR,Freie Bodenfläche,False,2,True,Kein Equipment
EX000947,Kettlebell-Hinge an der Wand,KETTLEBELL,Kettlebell(s),True,1,False,Kettlebell
EX000947,Kettlebell-Hinge an der Wand,WALL,Wand,False,2,True,Kein Equipment
EX000947,Kettlebell-Hinge an der Wand,FLOOR,Freie Bodenfläche,False,3,True,Kein Equipment
EX000948,Pull-Through mit Widerstandsband,BAND,Langes Widerstandsband,True,1,False,Widerstandsbänder
EX000948,Pull-Through mit Widerstandsband,FLOOR,Freie Bodenfläche,False,2,True,Kein Equipment
EX000949,Sitzender Good Morning mit Langhantel,BARBELL,Langhantel,True,1,False,Langhantel
EX000949,Sitzender Good Morning mit Langhantel,PLATES,Hantelscheiben,False,2,False,Langhantel
EX000949,Sitzender Good Morning mit Langhantel,RACK,Kniebeugenständer/Power Rack,False,3,False,Langhantel mit Rack
EX000949,Sitzender Good Morning mit Langhantel,BENCH,Flachbank,False,4,False,Trainingsbank
EX000950,B-Stance Hip Thrust mit Langhantel,BARBELL,Langhantel,True,1,False,Langhantel
EX000950,B-Stance Hip Thrust mit Langhantel,PLATES,Hantelscheiben,False,2,False,Langhantel
EX000950,B-Stance Hip Thrust mit Langhantel,BENCH,Flachbank,False,3,False,Trainingsbank
EX000950,B-Stance Hip Thrust mit Langhantel,FLOOR,Freie Bodenfläche,False,4,True,Kein Equipment
EX000951,Einbeiniger Glute Bridge,BODY,Körpergewicht,True,1,True,Kein Equipment
EX000951,Einbeiniger Glute Bridge,FLOOR,Freie Bodenfläche,False,2,True,Kein Equipment
EX000952,Einbeiniger Glute Bridge mit Fuss erhöht,BODY,Körpergewicht,False,1,True,Kein Equipment
EX000952,Einbeiniger Glute Bridge mit Fuss erhöht,FLOOR,Freie Bodenfläche,False,2,True,Kein Equipment
EX000952,Einbeiniger Glute Bridge mit Fuss erhöht,BENCH,Flachbank,True,3,False,Trainingsbank
EX000953,Einbeiniger Hip Thrust,BODY,Körpergewicht,False,1,True,Kein Equipment
EX000953,Einbeiniger Hip Thrust,BENCH,Flachbank,True,2,False,Trainingsbank
EX000953,Einbeiniger Hip Thrust,FLOOR,Freie Bodenfläche,False,3,True,Kein Equipment
EX000954,Einbeiniger Hip Thrust mit Kurzhantel,DUMBBELL,Kurzhantel(n),True,1,False,Kurzhanteln
EX000954,Einbeiniger Hip Thrust mit Kurzhantel,BENCH,Flachbank,False,2,False,Trainingsbank
EX000954,Einbeiniger Hip Thrust mit Kurzhantel,FLOOR,Freie Bodenfläche,False,3,True,Kein Equipment
EX000955,Frog Pumps,BODY,Körpergewicht,True,1,True,Kein Equipment
EX000955,Frog Pumps,FLOOR,Freie Bodenfläche,False,2,True,Kein Equipment
EX000956,Glute Bridge mit Füssen erhöht,BODY,Körpergewicht,False,1,True,Kein Equipment
EX000956,Glute Bridge mit Füssen erhöht,FLOOR,Freie Bodenfläche,False,2,True,Kein Equipment
EX000956,Glute Bridge mit Füssen erhöht,BENCH,Flachbank,True,3,False,Trainingsbank
EX000957,Glute Bridge mit Kurzhantel,DUMBBELL,Kurzhantel(n),True,1,False,Kurzhanteln
EX000957,Glute Bridge mit Kurzhantel,FLOOR,Freie Bodenfläche,False,2,True,Kein Equipment
EX000958,Glute Bridge mit Körpergewicht,BODY,Körpergewicht,True,1,True,Kein Equipment
EX000958,Glute Bridge mit Körpergewicht,FLOOR,Freie Bodenfläche,False,2,True,Kein Equipment
EX000959,Glute Bridge mit Langhantel,BARBELL,Langhantel,True,1,False,Langhantel
EX000959,Glute Bridge mit Langhantel,PLATES,Hantelscheiben,False,2,False,Langhantel
EX000959,Glute Bridge mit Langhantel,FLOOR,Freie Bodenfläche,False,3,True,Kein Equipment
EX000960,Glute Bridge mit Miniband,BODY,Körpergewicht,False,1,True,Kein Equipment
EX000960,Glute Bridge mit Miniband,FLOOR,Freie Bodenfläche,False,2,True,Kein Equipment
EX000960,Glute Bridge mit Miniband,MINIBAND,Miniband/Loop-Band,True,3,False,Widerstandsbänder
EX000961,Glute Bridge mit Schultern und Füssen erhöht,BODY,Körpergewicht,False,1,True,Kein Equipment
EX000961,Glute Bridge mit Schultern und Füssen erhöht,FLOOR,Freie Bodenfläche,False,2,True,Kein Equipment
EX000961,Glute Bridge mit Schultern und Füssen erhöht,BENCH,Flachbank,True,3,False,Trainingsbank
EX000961,Glute Bridge mit Schultern und Füssen erhöht,BOX,Plyo-Box,False,4,False,Functional Training
EX000962,Hip Thrust an der Glute-Drive-Maschine,HIP_THRUST_MACHINE,Hip-Thrust-/Glute-Drive-Maschine,True,1,False,Kraftmaschinen
EX000963,Hip Thrust an der Multipresse,SMITH,Multipresse/Smith Machine,True,1,False,Kraftmaschinen
EX000963,Hip Thrust an der Multipresse,PLATES,Hantelscheiben,False,2,False,Langhantel
EX000963,Hip Thrust an der Multipresse,BENCH,Flachbank,False,3,False,Trainingsbank
EX000964,Hip Thrust mit Kurzhantel,DUMBBELL,Kurzhantel(n),True,1,False,Kurzhanteln
EX000964,Hip Thrust mit Kurzhantel,BENCH,Flachbank,False,2,False,Trainingsbank
EX000964,Hip Thrust mit Kurzhantel,FLOOR,Freie Bodenfläche,False,3,True,Kein Equipment
EX000965,Hip Thrust mit Körpergewicht,BODY,Körpergewicht,False,1,True,Kein Equipment
EX000965,Hip Thrust mit Körpergewicht,BENCH,Flachbank,True,2,False,Trainingsbank
EX000965,Hip Thrust mit Körpergewicht,FLOOR,Freie Bodenfläche,False,3,True,Kein Equipment
EX000966,Hip Thrust mit Langhantel,BARBELL,Langhantel,True,1,False,Langhantel
EX000966,Hip Thrust mit Langhantel,PLATES,Hantelscheiben,False,2,False,Langhantel
EX000966,Hip Thrust mit Langhantel,BENCH,Flachbank,False,3,False,Trainingsbank
EX000966,Hip Thrust mit Langhantel,FLOOR,Freie Bodenfläche,False,4,True,Kein Equipment
EX000967,Hip Thrust mit Miniband,BODY,Körpergewicht,False,1,True,Kein Equipment
EX000967,Hip Thrust mit Miniband,BENCH,Flachbank,False,2,False,Trainingsbank
EX000967,Hip Thrust mit Miniband,FLOOR,Freie Bodenfläche,False,3,True,Kein Equipment
EX000967,Hip Thrust mit Miniband,MINIBAND,Miniband/Loop-Band,True,4,False,Widerstandsbänder
EX000968,Hip Thrust mit Widerstandsband,BAND,Langes Widerstandsband,True,1,False,Widerstandsbänder
EX000968,Hip Thrust mit Widerstandsband,BENCH,Flachbank,False,2,False,Trainingsbank
EX000968,Hip Thrust mit Widerstandsband,FLOOR,Freie Bodenfläche,False,3,True,Kein Equipment
EX000969,KAS Glute Bridge mit Langhantel,BARBELL,Langhantel,True,1,False,Langhantel
EX000969,KAS Glute Bridge mit Langhantel,PLATES,Hantelscheiben,False,2,False,Langhantel
EX000969,KAS Glute Bridge mit Langhantel,BENCH,Flachbank,False,3,False,Trainingsbank
EX000969,KAS Glute Bridge mit Langhantel,FLOOR,Freie Bodenfläche,False,4,True,Kein Equipment
EX000970,Pausen-Einbeiniger Hip Thrust,BODY,Körpergewicht,False,1,True,Kein Equipment
EX000970,Pausen-Einbeiniger Hip Thrust,BENCH,Flachbank,True,2,False,Trainingsbank
EX000970,Pausen-Einbeiniger Hip Thrust,FLOOR,Freie Bodenfläche,False,3,True,Kein Equipment
EX000971,Pausen-Glute Bridge mit Körpergewicht,BODY,Körpergewicht,True,1,True,Kein Equipment
EX000971,Pausen-Glute Bridge mit Körpergewicht,FLOOR,Freie Bodenfläche,False,2,True,Kein Equipment
EX000972,Pausen-Hip Thrust an der Glute-Drive-Maschine,HIP_THRUST_MACHINE,Hip-Thrust-/Glute-Drive-Maschine,True,1,False,Kraftmaschinen
EX000973,Pausen-Hip Thrust an der Multipresse,SMITH,Multipresse/Smith Machine,True,1,False,Kraftmaschinen
EX000973,Pausen-Hip Thrust an der Multipresse,PLATES,Hantelscheiben,False,2,False,Langhantel
EX000973,Pausen-Hip Thrust an der Multipresse,BENCH,Flachbank,False,3,False,Trainingsbank
EX000974,Pausen-Hip Thrust mit Langhantel,BARBELL,Langhantel,True,1,False,Langhantel
EX000974,Pausen-Hip Thrust mit Langhantel,PLATES,Hantelscheiben,False,2,False,Langhantel
EX000974,Pausen-Hip Thrust mit Langhantel,BENCH,Flachbank,False,3,False,Trainingsbank
EX000974,Pausen-Hip Thrust mit Langhantel,FLOOR,Freie Bodenfläche,False,4,True,Kein Equipment
EX000975,Tempo-Einbeiniger Hip Thrust,BODY,Körpergewicht,False,1,True,Kein Equipment
EX000975,Tempo-Einbeiniger Hip Thrust,BENCH,Flachbank,True,2,False,Trainingsbank
EX000975,Tempo-Einbeiniger Hip Thrust,FLOOR,Freie Bodenfläche,False,3,True,Kein Equipment
EX000976,Tempo-Glute Bridge mit Körpergewicht,BODY,Körpergewicht,True,1,True,Kein Equipment
EX000976,Tempo-Glute Bridge mit Körpergewicht,FLOOR,Freie Bodenfläche,False,2,True,Kein Equipment
EX000977,Tempo-Hip Thrust an der Glute-Drive-Maschine,HIP_THRUST_MACHINE,Hip-Thrust-/Glute-Drive-Maschine,True,1,False,Kraftmaschinen
EX000978,Tempo-Hip Thrust an der Multipresse,SMITH,Multipresse/Smith Machine,True,1,False,Kraftmaschinen
EX000978,Tempo-Hip Thrust an der Multipresse,PLATES,Hantelscheiben,False,2,False,Langhantel
EX000978,Tempo-Hip Thrust an der Multipresse,BENCH,Flachbank,False,3,False,Trainingsbank
EX000979,Tempo-Hip Thrust mit Langhantel,BARBELL,Langhantel,True,1,False,Langhantel
EX000979,Tempo-Hip Thrust mit Langhantel,PLATES,Hantelscheiben,False,2,False,Langhantel
EX000979,Tempo-Hip Thrust mit Langhantel,BENCH,Flachbank,False,3,False,Trainingsbank
EX000979,Tempo-Hip Thrust mit Langhantel,FLOOR,Freie Bodenfläche,False,4,True,Kein Equipment
EX000980,Einarmig betontes inverses Rudern,BODY,Körpergewicht,False,1,True,Kein Equipment
EX000980,Einarmig betontes inverses Rudern,RACK,Kniebeugenständer/Power Rack,True,2,False,Langhantel mit Rack
EX000981,Einarmiges inverses Rudern,BODY,Körpergewicht,False,1,True,Kein Equipment
EX000981,Einarmiges inverses Rudern,RACK,Kniebeugenständer/Power Rack,True,2,False,Langhantel mit Rack
EX000982,Einarmiges Ringrudern,BODY,Körpergewicht,False,1,True,Kein Equipment
EX000982,Einarmiges Ringrudern,RINGS,Turnringe,True,2,False,Turnringe
EX000983,Einarmiges Rudern am Schlingentrainer,BODY,Körpergewicht,False,1,True,Kein Equipment
EX000983,Einarmiges Rudern am Schlingentrainer,TRX,Schlingentrainer/TRX,True,2,False,TRX/Schlingentrainer
EX000984,Inverses Rudern an der Multipresse,BODY,Körpergewicht,False,1,True,Kein Equipment
EX000984,Inverses Rudern an der Multipresse,SMITH,Multipresse/Smith Machine,True,2,False,Kraftmaschinen
EX000985,Inverses Rudern an niedriger Stange,BODY,Körpergewicht,False,1,True,Kein Equipment
EX000985,Inverses Rudern an niedriger Stange,RACK,Kniebeugenständer/Power Rack,True,2,False,Langhantel mit Rack
EX000986,Inverses Rudern im Untergriff,BODY,Körpergewicht,False,1,True,Kein Equipment
EX000986,Inverses Rudern im Untergriff,RACK,Kniebeugenständer/Power Rack,True,2,False,Langhantel mit Rack
EX000987,Inverses Rudern mit erhöhten Füssen,BODY,Körpergewicht,False,1,True,Kein Equipment
EX000987,Inverses Rudern mit erhöhten Füssen,RACK,Kniebeugenständer/Power Rack,True,2,False,Langhantel mit Rack
EX000987,Inverses Rudern mit erhöhten Füssen,BENCH,Flachbank,False,3,False,Trainingsbank
EX000988,Inverses Rudern mit weitem Griff,BODY,Körpergewicht,False,1,True,Kein Equipment
EX000988,Inverses Rudern mit weitem Griff,RACK,Kniebeugenständer/Power Rack,True,2,False,Langhantel mit Rack
EX000989,Power Pull am Schlingentrainer,BODY,Körpergewicht,False,1,True,Kein Equipment
EX000989,Power Pull am Schlingentrainer,TRX,Schlingentrainer/TRX,True,2,False,TRX/Schlingentrainer
EX000990,Ringrudern,BODY,Körpergewicht,False,1,True,Kein Equipment
EX000990,Ringrudern,RINGS,Turnringe,True,2,False,Turnringe
EX000991,Ringrudern mit erhöhten Füssen,BODY,Körpergewicht,False,1,True,Kein Equipment
EX000991,Ringrudern mit erhöhten Füssen,RINGS,Turnringe,True,2,False,Turnringe
EX000991,Ringrudern mit erhöhten Füssen,BENCH,Flachbank,False,3,False,Trainingsbank
EX000992,Rudern am Schlingentrainer,BODY,Körpergewicht,False,1,True,Kein Equipment
EX000992,Rudern am Schlingentrainer,TRX,Schlingentrainer/TRX,True,2,False,TRX/Schlingentrainer
EX000993,Rudern am Schlingentrainer mit engem Griff,BODY,Körpergewicht,False,1,True,Kein Equipment
EX000993,Rudern am Schlingentrainer mit engem Griff,TRX,Schlingentrainer/TRX,True,2,False,TRX/Schlingentrainer
EX000994,Rudern am Schlingentrainer mit weitem Griff,BODY,Körpergewicht,False,1,True,Kein Equipment
EX000994,Rudern am Schlingentrainer mit weitem Griff,TRX,Schlingentrainer/TRX,True,2,False,TRX/Schlingentrainer
EX000995,"Beinstrecken an der Maschine, beidbeinig",LEG_EXTENSION,Beinstrecker-Maschine,True,1,False,Kraftmaschinen
EX000996,"Beinstrecken an der Maschine, einbeinig",LEG_EXTENSION,Beinstrecker-Maschine,True,1,False,Kraftmaschinen
EX000997,Beinstrecken mit Widerstandsband,BAND,Langes Widerstandsband,True,1,False,Widerstandsbänder
EX000997,Beinstrecken mit Widerstandsband,CHAIR,Stabiler Stuhl,False,2,False,Haushalt
EX000998,Einbeiniges Beinstrecken am Kabelzug,CABLE,Einfacher Kabelzug,True,1,False,Kabelzug
EX000999,Pausen-Beinstrecken an der Maschine,LEG_EXTENSION,Beinstrecker-Maschine,True,1,False,Kraftmaschinen
EX001000,Reverse Nordic Curl,BODY,Körpergewicht,True,1,True,Kein Equipment
EX001000,Reverse Nordic Curl,FLOOR,Freie Bodenfläche,False,2,True,Kein Equipment
EX001000,Reverse Nordic Curl,MAT,Trainingsmatte,False,3,False,Kleinzubehör
EX001001,Sissy Squat an der Maschine,BODY,Körpergewicht,True,1,True,Kein Equipment
EX001001,Sissy Squat an der Maschine,FLOOR,Freie Bodenfläche,False,2,True,Kein Equipment
EX001002,Sissy Squat mit Körpergewicht,BODY,Körpergewicht,True,1,True,Kein Equipment
EX001002,Sissy Squat mit Körpergewicht,FLOOR,Freie Bodenfläche,False,2,True,Kein Equipment
EX001003,Spanish Squat mit Widerstandsband,BAND,Langes Widerstandsband,True,1,False,Widerstandsbänder
EX001003,Spanish Squat mit Widerstandsband,FLOOR,Freie Bodenfläche,False,2,True,Kein Equipment
EX001004,Tempo-Beinstrecken an der Maschine,LEG_EXTENSION,Beinstrecker-Maschine,True,1,False,Kraftmaschinen
EX001005,Unterstützter Reverse Nordic Curl,BODY,Körpergewicht,False,1,True,Kein Equipment
EX001005,Unterstützter Reverse Nordic Curl,FLOOR,Freie Bodenfläche,False,2,True,Kein Equipment
EX001005,Unterstützter Reverse Nordic Curl,TRX,Schlingentrainer/TRX,True,3,False,TRX/Schlingentrainer
EX001006,Unterstützter Sissy Squat,BODY,Körpergewicht,False,1,True,Kein Equipment
EX001006,Unterstützter Sissy Squat,FLOOR,Freie Bodenfläche,False,2,True,Kein Equipment
EX001006,Unterstützter Sissy Squat,TRX,Schlingentrainer/TRX,True,3,False,TRX/Schlingentrainer
EX001007,Wandsitz,BODY,Körpergewicht,False,1,True,Kein Equipment
EX001007,Wandsitz,WALL,Wand,True,2,True,Kein Equipment
EX001007,Wandsitz,FLOOR,Freie Bodenfläche,False,3,True,Kein Equipment
EX001008,Wandsitz mit Zusatzgewicht,BODY,Körpergewicht,False,1,True,Kein Equipment
EX001008,Wandsitz mit Zusatzgewicht,WALL,Wand,False,2,True,Kein Equipment
EX001008,Wandsitz mit Zusatzgewicht,FLOOR,Freie Bodenfläche,False,3,True,Kein Equipment
EX001008,Wandsitz mit Zusatzgewicht,PLATES,Hantelscheiben,True,4,False,Langhantel
EX001009,Beinbeuger am Gymnastikball,BODY,Körpergewicht,False,1,True,Kein Equipment
EX001009,Beinbeuger am Gymnastikball,FLOOR,Freie Bodenfläche,False,2,True,Kein Equipment
EX001009,Beinbeuger am Gymnastikball,SWISS_BALL,Gymnastikball/Swiss Ball,True,3,False,Kleinzubehör
EX001010,Beinbeuger am Schlingentrainer,BODY,Körpergewicht,False,1,True,Kein Equipment
EX001010,Beinbeuger am Schlingentrainer,FLOOR,Freie Bodenfläche,False,2,True,Kein Equipment
EX001010,Beinbeuger am Schlingentrainer,TRX,Schlingentrainer/TRX,True,3,False,TRX/Schlingentrainer
EX001011,Bänder-Beinbeuger in Bauchlage,BAND,Langes Widerstandsband,True,1,False,Widerstandsbänder
EX001011,Bänder-Beinbeuger in Bauchlage,FLOOR,Freie Bodenfläche,False,2,True,Kein Equipment
EX001012,Einbeiniger Beinbeuger am Gymnastikball,BODY,Körpergewicht,False,1,True,Kein Equipment
EX001012,Einbeiniger Beinbeuger am Gymnastikball,FLOOR,Freie Bodenfläche,False,2,True,Kein Equipment
EX001012,Einbeiniger Beinbeuger am Gymnastikball,SWISS_BALL,Gymnastikball/Swiss Ball,True,3,False,Kleinzubehör
EX001013,Einbeiniger Beinbeuger am Schlingentrainer,BODY,Körpergewicht,False,1,True,Kein Equipment
EX001013,Einbeiniger Beinbeuger am Schlingentrainer,FLOOR,Freie Bodenfläche,False,2,True,Kein Equipment
EX001013,Einbeiniger Beinbeuger am Schlingentrainer,TRX,Schlingentrainer/TRX,True,3,False,TRX/Schlingentrainer
EX001014,Einbeiniger Slider Leg Curl,BODY,Körpergewicht,False,1,True,Kein Equipment
EX001014,Einbeiniger Slider Leg Curl,FLOOR,Freie Bodenfläche,False,2,True,Kein Equipment
EX001014,Einbeiniger Slider Leg Curl,SLIDERS,Gleitpads/Slider,True,3,False,Kleinzubehör
EX001015,Exzentrischer Nordic Curl,BODY,Körpergewicht,True,1,True,Kein Equipment
EX001015,Exzentrischer Nordic Curl,FLOOR,Freie Bodenfläche,False,2,True,Kein Equipment
EX001016,Glute-Ham Raise,GHD,Glute-Ham-Developer,True,1,False,Kraftmaschinen
EX001017,"Kabelzug-Beinbeuger stehend, einbeinig",CABLE,Einfacher Kabelzug,True,1,False,Kabelzug
EX001018,Kurzhantel-Beinbeuger in Bauchlage,DUMBBELL,Kurzhantel(n),True,1,False,Kurzhanteln
EX001018,Kurzhantel-Beinbeuger in Bauchlage,BENCH,Flachbank,False,2,False,Trainingsbank
EX001019,Liegender Beinbeuger an der Maschine,LEG_CURL,Beinbeuger-Maschine,True,1,False,Kraftmaschinen
EX001020,Nordic Hamstring Curl,BODY,Körpergewicht,True,1,True,Kein Equipment
EX001020,Nordic Hamstring Curl,FLOOR,Freie Bodenfläche,False,2,True,Kein Equipment
EX001021,Razor Curl,GHD,Glute-Ham-Developer,True,1,False,Kraftmaschinen
EX001022,Sitzender Beinbeuger an der Maschine,LEG_CURL,Beinbeuger-Maschine,True,1,False,Kraftmaschinen
EX001023,Slider Leg Curl,BODY,Körpergewicht,False,1,True,Kein Equipment
EX001023,Slider Leg Curl,FLOOR,Freie Bodenfläche,False,2,True,Kein Equipment
EX001023,Slider Leg Curl,SLIDERS,Gleitpads/Slider,True,3,False,Kleinzubehör
EX001024,Stehender einbeiniger Beinbeuger an der Maschine,LEG_CURL,Beinbeuger-Maschine,True,1,False,Kraftmaschinen
EX001025,Unterstützter Glute-Ham Raise,GHD,Glute-Ham-Developer,True,1,False,Kraftmaschinen
EX001025,Unterstützter Glute-Ham Raise,BAND,Langes Widerstandsband,False,2,False,Widerstandsbänder
EX001026,Unterstützter Nordic Curl am Schlingentrainer,BODY,Körpergewicht,False,1,True,Kein Equipment
EX001026,Unterstützter Nordic Curl am Schlingentrainer,FLOOR,Freie Bodenfläche,False,2,True,Kein Equipment
EX001026,Unterstützter Nordic Curl am Schlingentrainer,TRX,Schlingentrainer/TRX,True,3,False,TRX/Schlingentrainer
EX001027,Unterstützter Nordic Curl mit Widerstandsband,BODY,Körpergewicht,False,1,True,Kein Equipment
EX001027,Unterstützter Nordic Curl mit Widerstandsband,FLOOR,Freie Bodenfläche,False,2,True,Kein Equipment
EX001027,Unterstützter Nordic Curl mit Widerstandsband,BAND,Langes Widerstandsband,True,3,False,Widerstandsbänder
EX001028,Einarmiges Seitheben mit Kurzhantel,DUMBBELL,Kurzhantel(n),True,1,False,Kurzhanteln
EX001028,Einarmiges Seitheben mit Kurzhantel,FLOOR,Freie Bodenfläche,False,2,True,Kein Equipment
EX001029,Leaning-away Seitheben am Kabelzug,CABLE,Einfacher Kabelzug,True,1,False,Kabelzug
EX001030,Leaning-away Seitheben mit Kurzhantel,DUMBBELL,Kurzhantel(n),True,1,False,Kurzhanteln
EX001030,Leaning-away Seitheben mit Kurzhantel,RACK,Kniebeugenständer/Power Rack,False,2,False,Langhantel mit Rack
EX001031,Schrägbank-Seitheben mit Kurzhantel,DUMBBELL,Kurzhantel(n),True,1,False,Kurzhanteln
EX001031,Schrägbank-Seitheben mit Kurzhantel,ADJ_BENCH,Verstellbare Trainingsbank,False,2,False,Trainingsbank
EX001032,Seitheben am Kabelzug hinter dem Körper,CABLE,Einfacher Kabelzug,True,1,False,Kabelzug
EX001033,"Seitheben am Kabelzug, einarmig",CABLE,Einfacher Kabelzug,True,1,False,Kabelzug
EX001034,Seitheben an der Maschine,SHOULDER_PRESS_MACHINE,Schulterpresse,True,1,False,Kraftmaschinen
EX001035,Seitheben mit Kurzhanteln im Sitzen,DUMBBELL,Kurzhantel(n),True,1,False,Kurzhanteln
EX001035,Seitheben mit Kurzhanteln im Sitzen,BENCH,Flachbank,False,2,False,Trainingsbank
EX001036,Seitheben mit Kurzhanteln im Stand,DUMBBELL,Kurzhantel(n),True,1,False,Kurzhanteln
EX001036,Seitheben mit Kurzhanteln im Stand,FLOOR,Freie Bodenfläche,False,2,True,Kein Equipment
EX001037,Seitheben mit Widerstandsband,BAND,Langes Widerstandsband,True,1,False,Widerstandsbänder
EX001038,Y-Raise am Kabelzug,DUAL_CABLE,Doppel-Kabelzug/Crossover,True,1,False,Kabelzug
EX001039,Y-Raise am Schlingentrainer,BODY,Körpergewicht,False,1,True,Kein Equipment
EX001039,Y-Raise am Schlingentrainer,TRX,Schlingentrainer/TRX,True,2,False,TRX/Schlingentrainer
EX001040,Y-Raise mit Kurzhanteln auf der Schrägbank,DUMBBELL,Kurzhantel(n),True,1,False,Kurzhanteln
EX001040,Y-Raise mit Kurzhanteln auf der Schrägbank,ADJ_BENCH,Verstellbare Trainingsbank,False,2,False,Trainingsbank
EX001041,Einarmiger Latzug mit Widerstandsband,BAND,Langes Widerstandsband,True,1,False,Widerstandsbänder
EX001042,Latzug am Kabel mit Pause unten,LAT_PULLDOWN,Latzugstation,True,1,False,Kabelzug
EX001043,Latzug beidarmig halb kniend,CABLE,Einfacher Kabelzug,True,1,False,Kabelzug
EX001044,Latzug einarmig halb kniend,CABLE,Einfacher Kabelzug,True,1,False,Kabelzug
EX001045,Latzug einarmig im Sitzen,LAT_PULLDOWN,Latzugstation,True,1,False,Kabelzug
EX001046,Latzug hinter den Kopf,LAT_PULLDOWN,Latzugstation,True,1,False,Kabelzug
EX001047,Latzug im Kniestand,CABLE,Einfacher Kabelzug,True,1,False,Kabelzug
EX001048,Latzug mit engem V-Griff,LAT_PULLDOWN,Latzugstation,True,1,False,Kabelzug
EX001049,Latzug mit langsamer Exzentrik,LAT_PULLDOWN,Latzugstation,True,1,False,Kabelzug
EX001050,Latzug mit neutralem Parallelgriff,LAT_PULLDOWN,Latzugstation,True,1,False,Kabelzug
EX001051,Latzug mit unabhängigen Armen,PULLDOWN_MACHINE,Latzugmaschine (Plate-loaded),True,1,False,Kraftmaschinen
EX001052,Latzug mit Widerstandsband,BAND,Langes Widerstandsband,True,1,False,Widerstandsbänder
EX001053,Latzug zur Brust im Untergriff,LAT_PULLDOWN,Latzugstation,True,1,False,Kabelzug
EX001054,"Latzug zur Brust, enger Obergriff",LAT_PULLDOWN,Latzugstation,True,1,False,Kabelzug
EX001055,"Latzug zur Brust, schulterbreiter Obergriff",LAT_PULLDOWN,Latzugstation,True,1,False,Kabelzug
EX001056,"Latzug zur Brust, weiter Obergriff",LAT_PULLDOWN,Latzugstation,True,1,False,Kabelzug
EX001057,"Latzugmaschine, neutraler Griff",PULLDOWN_MACHINE,Latzugmaschine (Plate-loaded),True,1,False,Kraftmaschinen
EX001058,"Latzugmaschine, weiter Griff",PULLDOWN_MACHINE,Latzugmaschine (Plate-loaded),True,1,False,Kraftmaschinen
EX001059,Ausfallschritt rückwärts am Schlingentrainer,TRX,Schlingentrainer/TRX,True,1,False,TRX/Schlingentrainer
EX001059,Ausfallschritt rückwärts am Schlingentrainer,BODY,Körpergewicht,False,2,True,Kein Equipment
EX001059,Ausfallschritt rückwärts am Schlingentrainer,FLOOR,Freie Bodenfläche,False,3,True,Kein Equipment
EX001060,Ausfallschritt rückwärts an der Multipresse,SMITH,Multipresse/Smith Machine,True,1,False,Kraftmaschinen
EX001060,Ausfallschritt rückwärts an der Multipresse,PLATES,Hantelscheiben,False,2,False,Langhantel
EX001061,Ausfallschritt rückwärts im Kettlebell Front Rack,KETTLEBELL,Kettlebell(s),True,1,False,Kettlebell
EX001061,Ausfallschritt rückwärts im Kettlebell Front Rack,FLOOR,Freie Bodenfläche,False,2,True,Kein Equipment
EX001062,Ausfallschritt rückwärts in Goblet-Position,DUMBBELL,Kurzhantel(n),True,1,False,Kurzhanteln
EX001062,Ausfallschritt rückwärts in Goblet-Position,FLOOR,Freie Bodenfläche,False,2,True,Kein Equipment
EX001063,Ausfallschritt rückwärts mit einarmiger Kettlebell über Kopf,KETTLEBELL,Kettlebell(s),True,1,False,Kettlebell
EX001063,Ausfallschritt rückwärts mit einarmiger Kettlebell über Kopf,FLOOR,Freie Bodenfläche,False,2,True,Kein Equipment
EX001064,Ausfallschritt rückwärts mit einarmiger Kurzhantel über Kopf,DUMBBELL,Kurzhantel(n),True,1,False,Kurzhanteln
EX001064,Ausfallschritt rückwärts mit einarmiger Kurzhantel über Kopf,FLOOR,Freie Bodenfläche,False,2,True,Kein Equipment
EX001065,Ausfallschritt rückwärts mit Kettlebells,KETTLEBELL,Kettlebell(s),True,1,False,Kettlebell
EX001065,Ausfallschritt rückwärts mit Kettlebells,FLOOR,Freie Bodenfläche,False,2,True,Kein Equipment
EX001066,Ausfallschritt rückwärts mit Kniehub am Schlingentrainer,TRX,Schlingentrainer/TRX,True,1,False,TRX/Schlingentrainer
EX001066,Ausfallschritt rückwärts mit Kniehub am Schlingentrainer,BODY,Körpergewicht,False,2,True,Kein Equipment
EX001066,Ausfallschritt rückwärts mit Kniehub am Schlingentrainer,FLOOR,Freie Bodenfläche,False,3,True,Kein Equipment
EX001067,Ausfallschritt rückwärts mit Kurzhanteln,DUMBBELL,Kurzhantel(n),True,1,False,Kurzhanteln
EX001067,Ausfallschritt rückwärts mit Kurzhanteln,FLOOR,Freie Bodenfläche,False,2,True,Kein Equipment
EX001068,Ausfallschritt rückwärts mit Körpergewicht,BODY,Körpergewicht,True,1,True,Kein Equipment
EX001068,Ausfallschritt rückwärts mit Körpergewicht,FLOOR,Freie Bodenfläche,False,2,True,Kein Equipment
EX001069,Ausfallschritt rückwärts mit Langhantel,BARBELL,Langhantel,True,1,False,Langhantel
EX001069,Ausfallschritt rückwärts mit Langhantel,PLATES,Hantelscheiben,False,2,False,Langhantel
EX001069,Ausfallschritt rückwärts mit Langhantel,RACK,Kniebeugenständer/Power Rack,False,3,False,Langhantel mit Rack
EX001070,Ausfallschritt rückwärts mit Sandsack im Bear-Hug,SANDBAG,Sandsack (Training),True,1,False,Functional Training
EX001070,Ausfallschritt rückwärts mit Sandsack im Bear-Hug,FLOOR,Freie Bodenfläche,False,2,True,Kein Equipment
EX001071,Ausfallschritt vorwärts an der Multipresse,SMITH,Multipresse/Smith Machine,True,1,False,Kraftmaschinen
EX001071,Ausfallschritt vorwärts an der Multipresse,PLATES,Hantelscheiben,False,2,False,Langhantel
EX001072,Ausfallschritt vorwärts im Kettlebell Front Rack,KETTLEBELL,Kettlebell(s),True,1,False,Kettlebell
EX001072,Ausfallschritt vorwärts im Kettlebell Front Rack,FLOOR,Freie Bodenfläche,False,2,True,Kein Equipment
EX001073,Ausfallschritt vorwärts in Goblet-Position,DUMBBELL,Kurzhantel(n),True,1,False,Kurzhanteln
EX001073,Ausfallschritt vorwärts in Goblet-Position,FLOOR,Freie Bodenfläche,False,2,True,Kein Equipment
EX001074,Ausfallschritt vorwärts mit Kettlebells,KETTLEBELL,Kettlebell(s),True,1,False,Kettlebell
EX001074,Ausfallschritt vorwärts mit Kettlebells,FLOOR,Freie Bodenfläche,False,2,True,Kein Equipment
EX001075,Ausfallschritt vorwärts mit Kurzhanteln,DUMBBELL,Kurzhantel(n),True,1,False,Kurzhanteln
EX001075,Ausfallschritt vorwärts mit Kurzhanteln,FLOOR,Freie Bodenfläche,False,2,True,Kein Equipment
EX001076,Ausfallschritt vorwärts mit Körpergewicht,BODY,Körpergewicht,True,1,True,Kein Equipment
EX001076,Ausfallschritt vorwärts mit Körpergewicht,FLOOR,Freie Bodenfläche,False,2,True,Kein Equipment
EX001077,Ausfallschritt vorwärts mit Langhantel,BARBELL,Langhantel,True,1,False,Langhantel
EX001077,Ausfallschritt vorwärts mit Langhantel,PLATES,Hantelscheiben,False,2,False,Langhantel
EX001077,Ausfallschritt vorwärts mit Langhantel,RACK,Kniebeugenständer/Power Rack,False,3,False,Langhantel mit Rack
EX001078,Ausfallschritt vorwärts mit Sandsack im Bear-Hug,SANDBAG,Sandsack (Training),True,1,False,Functional Training
EX001078,Ausfallschritt vorwärts mit Sandsack im Bear-Hug,FLOOR,Freie Bodenfläche,False,2,True,Kein Equipment
EX001079,Crossover-Ausfallschritt im Kettlebell Front Rack,KETTLEBELL,Kettlebell(s),True,1,False,Kettlebell
EX001079,Crossover-Ausfallschritt im Kettlebell Front Rack,FLOOR,Freie Bodenfläche,False,2,True,Kein Equipment
EX001080,Crossover-Ausfallschritt in Goblet-Position,DUMBBELL,Kurzhantel(n),True,1,False,Kurzhanteln
EX001080,Crossover-Ausfallschritt in Goblet-Position,FLOOR,Freie Bodenfläche,False,2,True,Kein Equipment
EX001081,Crossover-Ausfallschritt mit Kettlebells,KETTLEBELL,Kettlebell(s),True,1,False,Kettlebell
EX001081,Crossover-Ausfallschritt mit Kettlebells,FLOOR,Freie Bodenfläche,False,2,True,Kein Equipment
EX001082,Crossover-Ausfallschritt mit Kurzhanteln,DUMBBELL,Kurzhantel(n),True,1,False,Kurzhanteln
EX001082,Crossover-Ausfallschritt mit Kurzhanteln,FLOOR,Freie Bodenfläche,False,2,True,Kein Equipment
EX001083,Crossover-Ausfallschritt mit Körpergewicht,BODY,Körpergewicht,True,1,True,Kein Equipment
EX001083,Crossover-Ausfallschritt mit Körpergewicht,FLOOR,Freie Bodenfläche,False,2,True,Kein Equipment
EX001084,Crossover-Ausfallschritt mit Sandsack im Bear-Hug,SANDBAG,Sandsack (Training),True,1,False,Functional Training
EX001084,Crossover-Ausfallschritt mit Sandsack im Bear-Hug,FLOOR,Freie Bodenfläche,False,2,True,Kein Equipment
EX001085,Curtsy-Ausfallschritt im Kettlebell Front Rack,KETTLEBELL,Kettlebell(s),True,1,False,Kettlebell
EX001085,Curtsy-Ausfallschritt im Kettlebell Front Rack,FLOOR,Freie Bodenfläche,False,2,True,Kein Equipment
EX001086,Curtsy-Ausfallschritt in Goblet-Position,DUMBBELL,Kurzhantel(n),True,1,False,Kurzhanteln
EX001086,Curtsy-Ausfallschritt in Goblet-Position,FLOOR,Freie Bodenfläche,False,2,True,Kein Equipment
EX001087,Curtsy-Ausfallschritt mit Kettlebells,KETTLEBELL,Kettlebell(s),True,1,False,Kettlebell
EX001087,Curtsy-Ausfallschritt mit Kettlebells,FLOOR,Freie Bodenfläche,False,2,True,Kein Equipment
EX001088,Curtsy-Ausfallschritt mit Kurzhanteln,DUMBBELL,Kurzhantel(n),True,1,False,Kurzhanteln
EX001088,Curtsy-Ausfallschritt mit Kurzhanteln,FLOOR,Freie Bodenfläche,False,2,True,Kein Equipment
EX001089,Curtsy-Ausfallschritt mit Körpergewicht,BODY,Körpergewicht,True,1,True,Kein Equipment
EX001089,Curtsy-Ausfallschritt mit Körpergewicht,FLOOR,Freie Bodenfläche,False,2,True,Kein Equipment
EX001090,Curtsy-Ausfallschritt mit Sandsack im Bear-Hug,SANDBAG,Sandsack (Training),True,1,False,Functional Training
EX001090,Curtsy-Ausfallschritt mit Sandsack im Bear-Hug,FLOOR,Freie Bodenfläche,False,2,True,Kein Equipment
EX001091,Defizit-Ausfallschritt rückwärts an der Multipresse,SMITH,Multipresse/Smith Machine,True,1,False,Kraftmaschinen
EX001091,Defizit-Ausfallschritt rückwärts an der Multipresse,PLATES,Hantelscheiben,False,2,False,Langhantel
EX001091,Defizit-Ausfallschritt rückwärts an der Multipresse,STEP,Step/Erhöhung,False,3,False,Kleinzubehör
EX001092,Defizit-Ausfallschritt rückwärts im Kettlebell Front Rack,KETTLEBELL,Kettlebell(s),True,1,False,Kettlebell
EX001092,Defizit-Ausfallschritt rückwärts im Kettlebell Front Rack,FLOOR,Freie Bodenfläche,False,2,True,Kein Equipment
EX001092,Defizit-Ausfallschritt rückwärts im Kettlebell Front Rack,STEP,Step/Erhöhung,False,3,False,Kleinzubehör
EX001093,Defizit-Ausfallschritt rückwärts in Goblet-Position,DUMBBELL,Kurzhantel(n),True,1,False,Kurzhanteln
EX001093,Defizit-Ausfallschritt rückwärts in Goblet-Position,FLOOR,Freie Bodenfläche,False,2,True,Kein Equipment
EX001093,Defizit-Ausfallschritt rückwärts in Goblet-Position,STEP,Step/Erhöhung,False,3,False,Kleinzubehör
EX001094,Defizit-Ausfallschritt rückwärts mit Kettlebells,KETTLEBELL,Kettlebell(s),True,1,False,Kettlebell
EX001094,Defizit-Ausfallschritt rückwärts mit Kettlebells,FLOOR,Freie Bodenfläche,False,2,True,Kein Equipment
EX001094,Defizit-Ausfallschritt rückwärts mit Kettlebells,STEP,Step/Erhöhung,False,3,False,Kleinzubehör
EX001095,Defizit-Ausfallschritt rückwärts mit Kurzhanteln,DUMBBELL,Kurzhantel(n),True,1,False,Kurzhanteln
EX001095,Defizit-Ausfallschritt rückwärts mit Kurzhanteln,FLOOR,Freie Bodenfläche,False,2,True,Kein Equipment
EX001095,Defizit-Ausfallschritt rückwärts mit Kurzhanteln,STEP,Step/Erhöhung,False,3,False,Kleinzubehör
EX001096,Defizit-Ausfallschritt rückwärts mit Körpergewicht,BODY,Körpergewicht,True,1,True,Kein Equipment
EX001096,Defizit-Ausfallschritt rückwärts mit Körpergewicht,FLOOR,Freie Bodenfläche,False,2,True,Kein Equipment
EX001096,Defizit-Ausfallschritt rückwärts mit Körpergewicht,STEP,Step/Erhöhung,False,3,False,Kleinzubehör
EX001097,Defizit-Ausfallschritt rückwärts mit Langhantel,BARBELL,Langhantel,True,1,False,Langhantel
EX001097,Defizit-Ausfallschritt rückwärts mit Langhantel,PLATES,Hantelscheiben,False,2,False,Langhantel
EX001097,Defizit-Ausfallschritt rückwärts mit Langhantel,RACK,Kniebeugenständer/Power Rack,False,3,False,Langhantel mit Rack
EX001097,Defizit-Ausfallschritt rückwärts mit Langhantel,STEP,Step/Erhöhung,False,4,False,Kleinzubehör
EX001098,Defizit-Ausfallschritt rückwärts mit Sandsack im Bear-Hug,SANDBAG,Sandsack (Training),True,1,False,Functional Training
EX001098,Defizit-Ausfallschritt rückwärts mit Sandsack im Bear-Hug,FLOOR,Freie Bodenfläche,False,2,True,Kein Equipment
EX001098,Defizit-Ausfallschritt rückwärts mit Sandsack im Bear-Hug,STEP,Step/Erhöhung,False,3,False,Kleinzubehör
EX001099,Diagonal-Ausfallschritt im Kettlebell Front Rack,KETTLEBELL,Kettlebell(s),True,1,False,Kettlebell
EX001099,Diagonal-Ausfallschritt im Kettlebell Front Rack,FLOOR,Freie Bodenfläche,False,2,True,Kein Equipment
EX001100,Diagonal-Ausfallschritt in Goblet-Position,DUMBBELL,Kurzhantel(n),True,1,False,Kurzhanteln
EX001100,Diagonal-Ausfallschritt in Goblet-Position,FLOOR,Freie Bodenfläche,False,2,True,Kein Equipment
EX001101,Diagonal-Ausfallschritt mit Kettlebells,KETTLEBELL,Kettlebell(s),True,1,False,Kettlebell
EX001101,Diagonal-Ausfallschritt mit Kettlebells,FLOOR,Freie Bodenfläche,False,2,True,Kein Equipment
EX001102,Diagonal-Ausfallschritt mit Kurzhanteln,DUMBBELL,Kurzhantel(n),True,1,False,Kurzhanteln
EX001102,Diagonal-Ausfallschritt mit Kurzhanteln,FLOOR,Freie Bodenfläche,False,2,True,Kein Equipment
EX001103,Diagonal-Ausfallschritt mit Körpergewicht,BODY,Körpergewicht,True,1,True,Kein Equipment
EX001103,Diagonal-Ausfallschritt mit Körpergewicht,FLOOR,Freie Bodenfläche,False,2,True,Kein Equipment
EX001104,Diagonal-Ausfallschritt mit Sandsack im Bear-Hug,SANDBAG,Sandsack (Training),True,1,False,Functional Training
EX001104,Diagonal-Ausfallschritt mit Sandsack im Bear-Hug,FLOOR,Freie Bodenfläche,False,2,True,Kein Equipment
EX001105,Gehender Ausfallschritt im Kettlebell Front Rack,KETTLEBELL,Kettlebell(s),True,1,False,Kettlebell
EX001105,Gehender Ausfallschritt im Kettlebell Front Rack,FLOOR,Freie Bodenfläche,False,2,True,Kein Equipment
EX001106,Gehender Ausfallschritt in Goblet-Position,DUMBBELL,Kurzhantel(n),True,1,False,Kurzhanteln
EX001106,Gehender Ausfallschritt in Goblet-Position,FLOOR,Freie Bodenfläche,False,2,True,Kein Equipment
EX001107,Gehender Ausfallschritt mit Kettlebells,KETTLEBELL,Kettlebell(s),True,1,False,Kettlebell
EX001107,Gehender Ausfallschritt mit Kettlebells,FLOOR,Freie Bodenfläche,False,2,True,Kein Equipment
EX001108,Gehender Ausfallschritt mit Kurzhanteln,DUMBBELL,Kurzhantel(n),True,1,False,Kurzhanteln
EX001108,Gehender Ausfallschritt mit Kurzhanteln,FLOOR,Freie Bodenfläche,False,2,True,Kein Equipment
EX001109,Gehender Ausfallschritt mit Körpergewicht,BODY,Körpergewicht,True,1,True,Kein Equipment
EX001109,Gehender Ausfallschritt mit Körpergewicht,FLOOR,Freie Bodenfläche,False,2,True,Kein Equipment
EX001110,Gehender Ausfallschritt mit Langhantel,BARBELL,Langhantel,True,1,False,Langhantel
EX001110,Gehender Ausfallschritt mit Langhantel,PLATES,Hantelscheiben,False,2,False,Langhantel
EX001110,Gehender Ausfallschritt mit Langhantel,RACK,Kniebeugenständer/Power Rack,False,3,False,Langhantel mit Rack
EX001111,Gehender Ausfallschritt mit Langhantel über Kopf,BARBELL,Langhantel,True,1,False,Langhantel
EX001111,Gehender Ausfallschritt mit Langhantel über Kopf,PLATES,Hantelscheiben,False,2,False,Langhantel
EX001111,Gehender Ausfallschritt mit Langhantel über Kopf,FLOOR,Freie Bodenfläche,False,3,True,Kein Equipment
EX001112,Gehender Ausfallschritt mit Sandsack im Bear-Hug,SANDBAG,Sandsack (Training),True,1,False,Functional Training
EX001112,Gehender Ausfallschritt mit Sandsack im Bear-Hug,FLOOR,Freie Bodenfläche,False,2,True,Kein Equipment
EX001113,Landmine-Ausfallschritt rückwärts,BARBELL,Langhantel,False,1,False,Langhantel
EX001113,Landmine-Ausfallschritt rückwärts,PLATES,Hantelscheiben,False,2,False,Langhantel
EX001113,Landmine-Ausfallschritt rückwärts,LANDMINE,Landmine-Aufnahme,True,3,False,Landmine
EX001114,Landmine-Ausfallschritt seitlich,BARBELL,Langhantel,False,1,False,Langhantel
EX001114,Landmine-Ausfallschritt seitlich,PLATES,Hantelscheiben,False,2,False,Langhantel
EX001114,Landmine-Ausfallschritt seitlich,LANDMINE,Landmine-Aufnahme,True,3,False,Landmine
EX001115,Seitlicher Ausfallschritt an der Multipresse,SMITH,Multipresse/Smith Machine,True,1,False,Kraftmaschinen
EX001115,Seitlicher Ausfallschritt an der Multipresse,PLATES,Hantelscheiben,False,2,False,Langhantel
EX001116,Seitlicher Ausfallschritt im Kettlebell Front Rack,KETTLEBELL,Kettlebell(s),True,1,False,Kettlebell
EX001116,Seitlicher Ausfallschritt im Kettlebell Front Rack,FLOOR,Freie Bodenfläche,False,2,True,Kein Equipment
EX001117,Seitlicher Ausfallschritt in Goblet-Position,DUMBBELL,Kurzhantel(n),True,1,False,Kurzhanteln
EX001117,Seitlicher Ausfallschritt in Goblet-Position,FLOOR,Freie Bodenfläche,False,2,True,Kein Equipment
EX001118,Seitlicher Ausfallschritt mit Kettlebells,KETTLEBELL,Kettlebell(s),True,1,False,Kettlebell
EX001118,Seitlicher Ausfallschritt mit Kettlebells,FLOOR,Freie Bodenfläche,False,2,True,Kein Equipment
EX001119,Seitlicher Ausfallschritt mit Kurzhanteln,DUMBBELL,Kurzhantel(n),True,1,False,Kurzhanteln
EX001119,Seitlicher Ausfallschritt mit Kurzhanteln,FLOOR,Freie Bodenfläche,False,2,True,Kein Equipment
EX001120,Seitlicher Ausfallschritt mit Körpergewicht,BODY,Körpergewicht,True,1,True,Kein Equipment
EX001120,Seitlicher Ausfallschritt mit Körpergewicht,FLOOR,Freie Bodenfläche,False,2,True,Kein Equipment
EX001121,Seitlicher Ausfallschritt mit Langhantel,BARBELL,Langhantel,True,1,False,Langhantel
EX001121,Seitlicher Ausfallschritt mit Langhantel,PLATES,Hantelscheiben,False,2,False,Langhantel
EX001121,Seitlicher Ausfallschritt mit Langhantel,RACK,Kniebeugenständer/Power Rack,False,3,False,Langhantel mit Rack
EX001122,Seitlicher Ausfallschritt mit Sandsack im Bear-Hug,SANDBAG,Sandsack (Training),True,1,False,Functional Training
EX001122,Seitlicher Ausfallschritt mit Sandsack im Bear-Hug,FLOOR,Freie Bodenfläche,False,2,True,Kein Equipment
EX001123,Band-Brustpresse im Stand,BAND,Langes Widerstandsband,True,1,False,Widerstandsbänder
EX001124,Brustpresse am Kabelzug im Ausfallschritt,DUAL_CABLE,Doppel-Kabelzug/Crossover,True,1,False,Kabelzug
EX001125,Brustpresse an der Maschine,CHEST_PRESS_MACHINE,Brustpresse,True,1,False,Kraftmaschinen
EX001126,Brustpresse an der Maschine im Neutralgriff,CHEST_PRESS_MACHINE,Brustpresse,True,1,False,Kraftmaschinen
EX001127,Brustpresse an der Multipresse,SMITH,Multipresse/Smith Machine,True,1,False,Kraftmaschinen
EX001127,Brustpresse an der Multipresse,PLATES,Hantelscheiben,False,2,False,Langhantel
EX001127,Brustpresse an der Multipresse,BENCH,Flachbank,False,3,False,Trainingsbank
EX001128,Einarmige Band-Brustpresse,BAND,Langes Widerstandsband,True,1,False,Widerstandsbänder
EX001129,Einarmige Brustpresse an der Maschine,CHEST_PRESS_MACHINE,Brustpresse,True,1,False,Kraftmaschinen
EX001130,Einarmige Kabelzug-Brustpresse im Halbkniestand,CABLE,Einfacher Kabelzug,True,1,False,Kabelzug
EX001130,Einarmige Kabelzug-Brustpresse im Halbkniestand,MAT,Trainingsmatte,False,2,False,Kleinzubehör
EX001131,Negativbankdrücken an der Multipresse,SMITH,Multipresse/Smith Machine,True,1,False,Kraftmaschinen
EX001131,Negativbankdrücken an der Multipresse,PLATES,Hantelscheiben,False,2,False,Langhantel
EX001131,Negativbankdrücken an der Multipresse,ADJ_BENCH,Verstellbare Trainingsbank,False,3,False,Trainingsbank
EX001132,Schrägbank-Brustpresse an der Maschine,CHEST_PRESS_MACHINE,Brustpresse,True,1,False,Kraftmaschinen
EX001133,Schrägbankdrücken an der Multipresse,SMITH,Multipresse/Smith Machine,True,1,False,Kraftmaschinen
EX001133,Schrägbankdrücken an der Multipresse,PLATES,Hantelscheiben,False,2,False,Langhantel
EX001133,Schrägbankdrücken an der Multipresse,ADJ_BENCH,Verstellbare Trainingsbank,False,3,False,Trainingsbank
EX001134,Stehende Brustpresse am Doppel-Kabelzug,DUAL_CABLE,Doppel-Kabelzug/Crossover,True,1,False,Kabelzug
EX001135,Stehende einarmige Brustpresse am Kabelzug,CABLE,Einfacher Kabelzug,True,1,False,Kabelzug
EX001136,Alternierendes Schulterdrücken mit Kurzhanteln,DUMBBELL,Kurzhantel(n),True,1,False,Kurzhanteln
EX001136,Alternierendes Schulterdrücken mit Kurzhanteln,FLOOR,Freie Bodenfläche,False,2,True,Kein Equipment
EX001137,Arnold Press,DUMBBELL,Kurzhantel(n),True,1,False,Kurzhanteln
EX001137,Arnold Press,ADJ_BENCH,Verstellbare Trainingsbank,False,2,False,Trainingsbank
EX001138,Bottoms-up Kettlebell Press,KETTLEBELL,Kettlebell(s),True,1,False,Kettlebell
EX001138,Bottoms-up Kettlebell Press,FLOOR,Freie Bodenfläche,False,2,True,Kein Equipment
EX001139,Bradford Press,BARBELL,Langhantel,True,1,False,Langhantel
EX001139,Bradford Press,PLATES,Hantelscheiben,False,2,False,Langhantel
EX001139,Bradford Press,RACK,Kniebeugenständer/Power Rack,False,3,False,Langhantel mit Rack
EX001140,Einarmige Schulterpresse an der Maschine,SHOULDER_PRESS_MACHINE,Schulterpresse,True,1,False,Kraftmaschinen
EX001141,Einarmiger Landmine Press im Halbkniestand,BARBELL,Langhantel,False,1,False,Langhantel
EX001141,Einarmiger Landmine Press im Halbkniestand,PLATES,Hantelscheiben,False,2,False,Langhantel
EX001141,Einarmiger Landmine Press im Halbkniestand,LANDMINE,Landmine-Aufnahme,True,3,False,Landmine
EX001141,Einarmiger Landmine Press im Halbkniestand,MAT,Trainingsmatte,False,4,False,Kleinzubehör
EX001142,Einarmiger Landmine Press im Stand,BARBELL,Langhantel,False,1,False,Langhantel
EX001142,Einarmiger Landmine Press im Stand,PLATES,Hantelscheiben,False,2,False,Langhantel
EX001142,Einarmiger Landmine Press im Stand,LANDMINE,Landmine-Aufnahme,True,3,False,Landmine
EX001143,Einarmiger Landmine Press mit Rotation,BARBELL,Langhantel,False,1,False,Langhantel
EX001143,Einarmiger Landmine Press mit Rotation,PLATES,Hantelscheiben,False,2,False,Langhantel
EX001143,Einarmiger Landmine Press mit Rotation,LANDMINE,Landmine-Aufnahme,True,3,False,Landmine
EX001144,Einarmiges Kettlebell-Schulterdrücken,KETTLEBELL,Kettlebell(s),True,1,False,Kettlebell
EX001144,Einarmiges Kettlebell-Schulterdrücken,FLOOR,Freie Bodenfläche,False,2,True,Kein Equipment
EX001145,Einarmiges Kettlebell-Schulterdrücken im Halbkniestand,KETTLEBELL,Kettlebell(s),True,1,False,Kettlebell
EX001145,Einarmiges Kettlebell-Schulterdrücken im Halbkniestand,MAT,Trainingsmatte,False,2,False,Kleinzubehör
EX001146,Einarmiges Schulterdrücken am Kabelzug,CABLE,Einfacher Kabelzug,True,1,False,Kabelzug
EX001147,Einarmiges Schulterdrücken im Halbkniestand mit Kurzhantel,DUMBBELL,Kurzhantel(n),True,1,False,Kurzhanteln
EX001147,Einarmiges Schulterdrücken im Halbkniestand mit Kurzhantel,MAT,Trainingsmatte,False,2,False,Kleinzubehör
EX001148,Einarmiges Schulterdrücken mit Kurzhantel,DUMBBELL,Kurzhantel(n),True,1,False,Kurzhanteln
EX001148,Einarmiges Schulterdrücken mit Kurzhantel,FLOOR,Freie Bodenfläche,False,2,True,Kein Equipment
EX001149,Einarmiges Schulterdrücken mit Widerstandsband,BAND,Langes Widerstandsband,True,1,False,Widerstandsbänder
EX001149,Einarmiges Schulterdrücken mit Widerstandsband,FLOOR,Freie Bodenfläche,False,2,True,Kein Equipment
EX001150,"Landmine Press, beidarmig",BARBELL,Langhantel,False,1,False,Langhantel
EX001150,"Landmine Press, beidarmig",PLATES,Hantelscheiben,False,2,False,Langhantel
EX001150,"Landmine Press, beidarmig",LANDMINE,Landmine-Aufnahme,True,3,False,Landmine
EX001151,Military Press mit Langhantel,BARBELL,Langhantel,True,1,False,Langhantel
EX001151,Military Press mit Langhantel,PLATES,Hantelscheiben,False,2,False,Langhantel
EX001151,Military Press mit Langhantel,RACK,Kniebeugenständer/Power Rack,False,3,False,Langhantel mit Rack
EX001152,Pausen-Schulterdrücken mit Langhantel,BARBELL,Langhantel,True,1,False,Langhantel
EX001152,Pausen-Schulterdrücken mit Langhantel,PLATES,Hantelscheiben,False,2,False,Langhantel
EX001152,Pausen-Schulterdrücken mit Langhantel,RACK,Kniebeugenständer/Power Rack,False,3,False,Langhantel mit Rack
EX001153,Schulterdrücken an der Multipresse,SMITH,Multipresse/Smith Machine,True,1,False,Kraftmaschinen
EX001153,Schulterdrücken an der Multipresse,PLATES,Hantelscheiben,False,2,False,Langhantel
EX001153,Schulterdrücken an der Multipresse,ADJ_BENCH,Verstellbare Trainingsbank,False,3,False,Trainingsbank
EX001154,Schulterdrücken mit Kurzhanteln im Neutralgriff,DUMBBELL,Kurzhantel(n),True,1,False,Kurzhanteln
EX001154,Schulterdrücken mit Kurzhanteln im Neutralgriff,ADJ_BENCH,Verstellbare Trainingsbank,False,2,False,Trainingsbank
EX001155,Schulterdrücken mit Swiss Bar,SWISS_BAR,Multi-Grip-/Swiss-Bar,True,1,False,Spezialhanteln
EX001155,Schulterdrücken mit Swiss Bar,PLATES,Hantelscheiben,False,2,False,Langhantel
EX001155,Schulterdrücken mit Swiss Bar,RACK,Kniebeugenständer/Power Rack,False,3,False,Langhantel mit Rack
EX001156,Schulterdrücken mit Widerstandsband,BAND,Langes Widerstandsband,True,1,False,Widerstandsbänder
EX001156,Schulterdrücken mit Widerstandsband,FLOOR,Freie Bodenfläche,False,2,True,Kein Equipment
EX001157,Schulterpresse an der Maschine,SHOULDER_PRESS_MACHINE,Schulterpresse,True,1,False,Kraftmaschinen
EX001158,Schulterpresse an der Maschine im Neutralgriff,SHOULDER_PRESS_MACHINE,Schulterpresse,True,1,False,Kraftmaschinen
EX001159,Sitzendes Schulterdrücken mit Kurzhanteln,DUMBBELL,Kurzhantel(n),True,1,False,Kurzhanteln
EX001159,Sitzendes Schulterdrücken mit Kurzhanteln,ADJ_BENCH,Verstellbare Trainingsbank,False,2,False,Trainingsbank
EX001160,Sitzendes Schulterdrücken mit Langhantel,BARBELL,Langhantel,True,1,False,Langhantel
EX001160,Sitzendes Schulterdrücken mit Langhantel,PLATES,Hantelscheiben,False,2,False,Langhantel
EX001160,Sitzendes Schulterdrücken mit Langhantel,RACK,Kniebeugenständer/Power Rack,False,3,False,Langhantel mit Rack
EX001160,Sitzendes Schulterdrücken mit Langhantel,ADJ_BENCH,Verstellbare Trainingsbank,False,4,False,Trainingsbank
EX001161,Stehendes Schulterdrücken am Kabelzug,DUAL_CABLE,Doppel-Kabelzug/Crossover,True,1,False,Kabelzug
EX001162,Stehendes Schulterdrücken mit Kurzhanteln,DUMBBELL,Kurzhantel(n),True,1,False,Kurzhanteln
EX001162,Stehendes Schulterdrücken mit Kurzhanteln,FLOOR,Freie Bodenfläche,False,2,True,Kein Equipment
EX001163,Stehendes Schulterdrücken mit Langhantel,BARBELL,Langhantel,True,1,False,Langhantel
EX001163,Stehendes Schulterdrücken mit Langhantel,PLATES,Hantelscheiben,False,2,False,Langhantel
EX001163,Stehendes Schulterdrücken mit Langhantel,RACK,Kniebeugenständer/Power Rack,False,3,False,Langhantel mit Rack
EX001164,Stehendes Schulterdrücken mit zwei Kettlebells,KETTLEBELL,Kettlebell(s),True,1,False,Kettlebell
EX001164,Stehendes Schulterdrücken mit zwei Kettlebells,FLOOR,Freie Bodenfläche,False,2,True,Kein Equipment
EX001165,Tempo-Schulterdrücken mit Langhantel,BARBELL,Langhantel,True,1,False,Langhantel
EX001165,Tempo-Schulterdrücken mit Langhantel,PLATES,Hantelscheiben,False,2,False,Langhantel
EX001165,Tempo-Schulterdrücken mit Langhantel,RACK,Kniebeugenständer/Power Rack,False,3,False,Langhantel mit Rack
EX001166,Z-Press mit Kurzhanteln,DUMBBELL,Kurzhantel(n),True,1,False,Kurzhanteln
EX001166,Z-Press mit Kurzhanteln,FLOOR,Freie Bodenfläche,False,2,True,Kein Equipment
EX001167,Z-Press mit Langhantel,BARBELL,Langhantel,True,1,False,Langhantel
EX001167,Z-Press mit Langhantel,PLATES,Hantelscheiben,False,2,False,Langhantel
EX001167,Z-Press mit Langhantel,FLOOR,Freie Bodenfläche,False,3,True,Kein Equipment
EX001168,Gerader Armzug am Kabel im Kniestand,CABLE,Einfacher Kabelzug,True,1,False,Kabelzug
EX001169,Gerader Armzug am Kabel im Stehen,CABLE,Einfacher Kabelzug,True,1,False,Kabelzug
EX001170,Gerader Armzug am Kabel mit Pause,CABLE,Einfacher Kabelzug,True,1,False,Kabelzug
EX001171,Gerader Armzug einarmig am Kabel,CABLE,Einfacher Kabelzug,True,1,False,Kabelzug
EX001172,Gerader Armzug mit Seilgriff,CABLE,Einfacher Kabelzug,True,1,False,Kabelzug
EX001173,Gerader Armzug mit Widerstandsband,BAND,Langes Widerstandsband,True,1,False,Widerstandsbänder
EX001174,Kettlebell-Pullover auf der Bank,KETTLEBELL,Kettlebell(s),True,1,False,Kettlebell
EX001174,Kettlebell-Pullover auf der Bank,BENCH,Flachbank,False,2,False,Trainingsbank
EX001175,Kurzhantel-Pullover auf der Flachbank,DUMBBELL,Kurzhantel(n),True,1,False,Kurzhanteln
EX001175,Kurzhantel-Pullover auf der Flachbank,BENCH,Flachbank,False,2,False,Trainingsbank
EX001176,Kurzhantel-Pullover auf der Schrägbank,DUMBBELL,Kurzhantel(n),True,1,False,Kurzhanteln
EX001176,Kurzhantel-Pullover auf der Schrägbank,ADJ_BENCH,Verstellbare Trainingsbank,False,2,False,Trainingsbank
EX001177,Kurzhantel-Pullover quer zur Bank,DUMBBELL,Kurzhantel(n),True,1,False,Kurzhanteln
EX001177,Kurzhantel-Pullover quer zur Bank,BENCH,Flachbank,False,2,False,Trainingsbank
EX001178,Langhantel-Pullover auf der Bank,BARBELL,Langhantel,True,1,False,Langhantel
EX001178,Langhantel-Pullover auf der Bank,PLATES,Hantelscheiben,False,2,False,Langhantel
EX001178,Langhantel-Pullover auf der Bank,BENCH,Flachbank,False,3,False,Trainingsbank
EX001179,Pullover am Kabel auf dem Gymnastikball,CABLE,Einfacher Kabelzug,True,1,False,Kabelzug
EX001179,Pullover am Kabel auf dem Gymnastikball,SWISS_BALL,Gymnastikball/Swiss Ball,False,2,False,Kleinzubehör
EX001180,Pullover am Kabel auf der Bank,CABLE,Einfacher Kabelzug,True,1,False,Kabelzug
EX001180,Pullover am Kabel auf der Bank,BENCH,Flachbank,False,2,False,Trainingsbank
EX001181,Pullover an der Maschine,PULLDOWN_MACHINE,Latzugmaschine (Plate-loaded),True,1,False,Kraftmaschinen
EX001182,SZ-Stangen-Pullover,EZ_BAR,SZ-Stange,True,1,False,Spezialhanteln
EX001182,SZ-Stangen-Pullover,PLATES,Hantelscheiben,False,2,False,Langhantel
EX001182,SZ-Stangen-Pullover,BENCH,Flachbank,False,3,False,Trainingsbank
EX001183,Archer-Klimmzug,BODY,Körpergewicht,False,1,True,Kein Equipment
EX001183,Archer-Klimmzug,PULLUP_BAR,Klimmzugstange,True,2,False,Klimmzugstange
EX001184,Chin-up an Turnringen,BODY,Körpergewicht,False,1,True,Kein Equipment
EX001184,Chin-up an Turnringen,RINGS,Turnringe,True,2,False,Turnringe
EX001185,Chin-up mit Zusatzgewicht,BODY,Körpergewicht,False,1,True,Kein Equipment
EX001185,Chin-up mit Zusatzgewicht,PULLUP_BAR,Klimmzugstange,True,2,False,Klimmzugstange
EX001185,Chin-up mit Zusatzgewicht,PLATES,Hantelscheiben,False,3,False,Langhantel
EX001186,Commando-Klimmzug,BODY,Körpergewicht,False,1,True,Kein Equipment
EX001186,Commando-Klimmzug,PULLUP_BAR,Klimmzugstange,True,2,False,Klimmzugstange
EX001187,Einarmig unterstützter Klimmzug,BODY,Körpergewicht,False,1,True,Kein Equipment
EX001187,Einarmig unterstützter Klimmzug,PULLUP_BAR,Klimmzugstange,False,2,False,Klimmzugstange
EX001187,Einarmig unterstützter Klimmzug,BAND,Langes Widerstandsband,True,3,False,Widerstandsbänder
EX001188,Einarmiger Klimmzug,BODY,Körpergewicht,False,1,True,Kein Equipment
EX001188,Einarmiger Klimmzug,PULLUP_BAR,Klimmzugstange,True,2,False,Klimmzugstange
EX001189,Exzentrischer Klimmzug,BODY,Körpergewicht,False,1,True,Kein Equipment
EX001189,Exzentrischer Klimmzug,PULLUP_BAR,Klimmzugstange,True,2,False,Klimmzugstange
EX001189,Exzentrischer Klimmzug,BOX,Plyo-Box,False,3,False,Functional Training
EX001190,Handtuch-Klimmzug,BODY,Körpergewicht,False,1,True,Kein Equipment
EX001190,Handtuch-Klimmzug,PULLUP_BAR,Klimmzugstange,True,2,False,Klimmzugstange
EX001191,Klimmzug an Turnringen,BODY,Körpergewicht,False,1,True,Kein Equipment
EX001191,Klimmzug an Turnringen,RINGS,Turnringe,True,2,False,Turnringe
EX001192,Klimmzug im gemischten Griff,BODY,Körpergewicht,False,1,True,Kein Equipment
EX001192,Klimmzug im gemischten Griff,PULLUP_BAR,Klimmzugstange,True,2,False,Klimmzugstange
EX001193,Klimmzug im Neutralgriff,BODY,Körpergewicht,False,1,True,Kein Equipment
EX001193,Klimmzug im Neutralgriff,PULLUP_BAR,Klimmzugstange,True,2,False,Klimmzugstange
EX001194,Klimmzug im Obergriff,BODY,Körpergewicht,False,1,True,Kein Equipment
EX001194,Klimmzug im Obergriff,PULLUP_BAR,Klimmzugstange,True,2,False,Klimmzugstange
EX001195,Klimmzug im Untergriff,BODY,Körpergewicht,False,1,True,Kein Equipment
EX001195,Klimmzug im Untergriff,PULLUP_BAR,Klimmzugstange,True,2,False,Klimmzugstange
EX001196,Klimmzug mit engem Obergriff,BODY,Körpergewicht,False,1,True,Kein Equipment
EX001196,Klimmzug mit engem Obergriff,PULLUP_BAR,Klimmzugstange,True,2,False,Klimmzugstange
EX001197,Klimmzug mit weitem Obergriff,BODY,Körpergewicht,False,1,True,Kein Equipment
EX001197,Klimmzug mit weitem Obergriff,PULLUP_BAR,Klimmzugstange,True,2,False,Klimmzugstange
EX001198,Klimmzug mit Widerstandsband-Unterstützung,BODY,Körpergewicht,False,1,True,Kein Equipment
EX001198,Klimmzug mit Widerstandsband-Unterstützung,PULLUP_BAR,Klimmzugstange,False,2,False,Klimmzugstange
EX001198,Klimmzug mit Widerstandsband-Unterstützung,BAND,Langes Widerstandsband,True,3,False,Widerstandsbänder
EX001199,Klimmzug mit Zusatzgewicht,BODY,Körpergewicht,False,1,True,Kein Equipment
EX001199,Klimmzug mit Zusatzgewicht,PULLUP_BAR,Klimmzugstange,True,2,False,Klimmzugstange
EX001199,Klimmzug mit Zusatzgewicht,PLATES,Hantelscheiben,False,3,False,Langhantel
EX001200,L-Sit-Klimmzug,BODY,Körpergewicht,False,1,True,Kein Equipment
EX001200,L-Sit-Klimmzug,PULLUP_BAR,Klimmzugstange,True,2,False,Klimmzugstange
EX001201,Seilklettern ohne Beine,BODY,Körpergewicht,False,1,True,Kein Equipment
EX001201,Seilklettern ohne Beine,ROPE,Kletterseil,True,2,False,Strongman/Functional
EX001202,Sternum-Klimmzug,BODY,Körpergewicht,False,1,True,Kein Equipment
EX001202,Sternum-Klimmzug,PULLUP_BAR,Klimmzugstange,True,2,False,Klimmzugstange
EX001203,Unterstützter Klimmzug an der Maschine,ASSISTED_PULLUP,Unterstützte Klimmzug-/Dip-Maschine,True,1,False,Kraftmaschinen
EX001204,1½-Wiederholungs-Liegestütz,BODY,Körpergewicht,True,1,True,Kein Equipment
EX001204,1½-Wiederholungs-Liegestütz,FLOOR,Freie Bodenfläche,False,2,True,Kein Equipment
EX001205,Archer-Liegestütz,BODY,Körpergewicht,True,1,True,Kein Equipment
EX001205,Archer-Liegestütz,FLOOR,Freie Bodenfläche,False,2,True,Kein Equipment
EX001206,BOSU-Liegestütz,BODY,Körpergewicht,False,1,True,Kein Equipment
EX001206,BOSU-Liegestütz,FLOOR,Freie Bodenfläche,False,2,True,Kein Equipment
EX001206,BOSU-Liegestütz,BOSU,BOSU-Ball,True,3,False,Kleinzubehör
EX001207,Dead-Stop-Liegestütz,BODY,Körpergewicht,True,1,True,Kein Equipment
EX001207,Dead-Stop-Liegestütz,FLOOR,Freie Bodenfläche,False,2,True,Kein Equipment
EX001208,Diamant-Liegestütz,BODY,Körpergewicht,True,1,True,Kein Equipment
EX001208,Diamant-Liegestütz,FLOOR,Freie Bodenfläche,False,2,True,Kein Equipment
EX001209,Einarmig betonter Liegestütz,BODY,Körpergewicht,True,1,True,Kein Equipment
EX001209,Einarmig betonter Liegestütz,FLOOR,Freie Bodenfläche,False,2,True,Kein Equipment
EX001210,Einarmiger Liegestütz,BODY,Körpergewicht,True,1,True,Kein Equipment
EX001210,Einarmiger Liegestütz,FLOOR,Freie Bodenfläche,False,2,True,Kein Equipment
EX001211,Erhöhter Liegestütz,BODY,Körpergewicht,False,1,True,Kein Equipment
EX001211,Erhöhter Liegestütz,BENCH,Flachbank,True,2,False,Trainingsbank
EX001212,Hand-Release-Liegestütz,BODY,Körpergewicht,True,1,True,Kein Equipment
EX001212,Hand-Release-Liegestütz,FLOOR,Freie Bodenfläche,False,2,True,Kein Equipment
EX001213,Liegestütz,BODY,Körpergewicht,True,1,True,Kein Equipment
EX001213,Liegestütz,FLOOR,Freie Bodenfläche,False,2,True,Kein Equipment
EX001214,Liegestütz am Schlingentrainer,BODY,Körpergewicht,False,1,True,Kein Equipment
EX001214,Liegestütz am Schlingentrainer,TRX,Schlingentrainer/TRX,True,2,False,TRX/Schlingentrainer
EX001215,Liegestütz an Turnringen,BODY,Körpergewicht,False,1,True,Kein Equipment
EX001215,Liegestütz an Turnringen,RINGS,Turnringe,True,2,False,Turnringe
EX001216,Liegestütz auf den Knien,BODY,Körpergewicht,True,1,True,Kein Equipment
EX001216,Liegestütz auf den Knien,FLOOR,Freie Bodenfläche,False,2,True,Kein Equipment
EX001216,Liegestütz auf den Knien,MAT,Trainingsmatte,False,3,False,Kleinzubehör
EX001217,Liegestütz auf Medizinbällen,BODY,Körpergewicht,False,1,True,Kein Equipment
EX001217,Liegestütz auf Medizinbällen,FLOOR,Freie Bodenfläche,False,2,True,Kein Equipment
EX001217,Liegestütz auf Medizinbällen,MED_BALL,Medizinball,True,3,False,Functional Training
EX001218,Liegestütz auf Parallettes,BODY,Körpergewicht,False,1,True,Kein Equipment
EX001218,Liegestütz auf Parallettes,FLOOR,Freie Bodenfläche,False,2,True,Kein Equipment
EX001218,Liegestütz auf Parallettes,PARALLETTES,Parallettes/Liegestützgriffe,True,3,False,Kleinzubehör
EX001219,Liegestütz mit engem Griff,BODY,Körpergewicht,True,1,True,Kein Equipment
EX001219,Liegestütz mit engem Griff,FLOOR,Freie Bodenfläche,False,2,True,Kein Equipment
EX001220,Liegestütz mit Gewichtsweste,BODY,Körpergewicht,False,1,True,Kein Equipment
EX001220,Liegestütz mit Gewichtsweste,FLOOR,Freie Bodenfläche,False,2,True,Kein Equipment
EX001220,Liegestütz mit Gewichtsweste,WEIGHT_VEST,Gewichtsweste,True,3,False,Kleinzubehör
EX001221,Liegestütz mit Hantelscheibe,BODY,Körpergewicht,False,1,True,Kein Equipment
EX001221,Liegestütz mit Hantelscheibe,FLOOR,Freie Bodenfläche,False,2,True,Kein Equipment
EX001221,Liegestütz mit Hantelscheibe,PLATES,Hantelscheiben,True,3,False,Langhantel
EX001222,Liegestütz mit Rotation,BODY,Körpergewicht,True,1,True,Kein Equipment
EX001222,Liegestütz mit Rotation,FLOOR,Freie Bodenfläche,False,2,True,Kein Equipment
EX001223,Liegestütz mit Schultertippen,BODY,Körpergewicht,True,1,True,Kein Equipment
EX001223,Liegestütz mit Schultertippen,FLOOR,Freie Bodenfläche,False,2,True,Kein Equipment
EX001224,Liegestütz mit weitem Griff,BODY,Körpergewicht,True,1,True,Kein Equipment
EX001224,Liegestütz mit weitem Griff,FLOOR,Freie Bodenfläche,False,2,True,Kein Equipment
EX001225,Liegestütz mit Widerstandsband,BODY,Körpergewicht,False,1,True,Kein Equipment
EX001225,Liegestütz mit Widerstandsband,FLOOR,Freie Bodenfläche,False,2,True,Kein Equipment
EX001225,Liegestütz mit Widerstandsband,BAND,Langes Widerstandsband,True,3,False,Widerstandsbänder
EX001226,Negativ-Liegestütz mit erhöhten Füssen,BODY,Körpergewicht,False,1,True,Kein Equipment
EX001226,Negativ-Liegestütz mit erhöhten Füssen,BENCH,Flachbank,True,2,False,Trainingsbank
EX001226,Negativ-Liegestütz mit erhöhten Füssen,FLOOR,Freie Bodenfläche,False,3,True,Kein Equipment
EX001227,Pausen-Liegestütz,BODY,Körpergewicht,True,1,True,Kein Equipment
EX001227,Pausen-Liegestütz,FLOOR,Freie Bodenfläche,False,2,True,Kein Equipment
EX001228,Planche-Lean-Liegestütz,BODY,Körpergewicht,False,1,True,Kein Equipment
EX001228,Planche-Lean-Liegestütz,FLOOR,Freie Bodenfläche,False,2,True,Kein Equipment
EX001228,Planche-Lean-Liegestütz,PARALLETTES,Parallettes/Liegestützgriffe,True,3,False,Kleinzubehör
EX001229,Pseudo-Planche-Liegestütz,BODY,Körpergewicht,True,1,True,Kein Equipment
EX001229,Pseudo-Planche-Liegestütz,FLOOR,Freie Bodenfläche,False,2,True,Kein Equipment
EX001230,Ring-Liegestütz mit Turn-out,BODY,Körpergewicht,False,1,True,Kein Equipment
EX001230,Ring-Liegestütz mit Turn-out,RINGS,Turnringe,True,2,False,Turnringe
EX001231,Spiderman-Liegestütz,BODY,Körpergewicht,True,1,True,Kein Equipment
EX001231,Spiderman-Liegestütz,FLOOR,Freie Bodenfläche,False,2,True,Kein Equipment
EX001232,Tempo-Liegestütz,BODY,Körpergewicht,True,1,True,Kein Equipment
EX001232,Tempo-Liegestütz,FLOOR,Freie Bodenfläche,False,2,True,Kein Equipment
EX001233,Einarmiges Reverse Fly am Kabelzug,CABLE,Einfacher Kabelzug,True,1,False,Kabelzug
EX001234,Einarmiges Reverse Fly mit Kurzhantel,DUMBBELL,Kurzhantel(n),True,1,False,Kurzhanteln
EX001234,Einarmiges Reverse Fly mit Kurzhantel,BENCH,Flachbank,False,2,False,Trainingsbank
EX001235,Reverse Fly am Kabelzug,DUAL_CABLE,Doppel-Kabelzug/Crossover,True,1,False,Kabelzug
EX001236,Reverse Fly an der Maschine,REVERSE_FLY_MACHINE,Reverse-Fly-Maschine,True,1,False,Kraftmaschinen
EX001237,Reverse Fly mit Kurzhanteln auf der Schrägbank,DUMBBELL,Kurzhantel(n),True,1,False,Kurzhanteln
EX001237,Reverse Fly mit Kurzhanteln auf der Schrägbank,ADJ_BENCH,Verstellbare Trainingsbank,False,2,False,Trainingsbank
EX001238,Reverse Fly mit Widerstandsband,BAND,Langes Widerstandsband,True,1,False,Widerstandsbänder
EX001239,T-Raise am Schlingentrainer,BODY,Körpergewicht,False,1,True,Kein Equipment
EX001239,T-Raise am Schlingentrainer,TRX,Schlingentrainer/TRX,True,2,False,TRX/Schlingentrainer
EX001240,Vorgebeugtes Reverse Fly mit Kurzhanteln,DUMBBELL,Kurzhantel(n),True,1,False,Kurzhanteln
EX001240,Vorgebeugtes Reverse Fly mit Kurzhanteln,FLOOR,Freie Bodenfläche,False,2,True,Kein Equipment
EX001241,W-Raise am Schlingentrainer,BODY,Körpergewicht,False,1,True,Kein Equipment
EX001241,W-Raise am Schlingentrainer,TRX,Schlingentrainer/TRX,True,2,False,TRX/Schlingentrainer
EX001242,Einarmiges Schulterheben am Kabelzug,CABLE,Einfacher Kabelzug,True,1,False,Kabelzug
EX001243,Einarmiges Schulterheben mit Kurzhantel,DUMBBELL,Kurzhantel(n),True,1,False,Kurzhanteln
EX001244,Kelso Shrug am Kabelzug,CABLE,Einfacher Kabelzug,True,1,False,Kabelzug
EX001244,Kelso Shrug am Kabelzug,BENCH,Flachbank,False,2,False,Trainingsbank
EX001245,Kelso Shrug mit Kurzhanteln,DUMBBELL,Kurzhantel(n),True,1,False,Kurzhanteln
EX001245,Kelso Shrug mit Kurzhanteln,ADJ_BENCH,Verstellbare Trainingsbank,False,2,False,Trainingsbank
EX001246,Kelso Shrug mit Langhantel,BARBELL,Langhantel,True,1,False,Langhantel
EX001246,Kelso Shrug mit Langhantel,PLATES,Hantelscheiben,False,2,False,Langhantel
EX001246,Kelso Shrug mit Langhantel,ADJ_BENCH,Verstellbare Trainingsbank,False,3,False,Trainingsbank
EX001247,Prone Shrug auf der Schrägbank,DUMBBELL,Kurzhantel(n),True,1,False,Kurzhanteln
EX001247,Prone Shrug auf der Schrägbank,ADJ_BENCH,Verstellbare Trainingsbank,False,2,False,Trainingsbank
EX001248,Scapula-Chin-up,BODY,Körpergewicht,False,1,True,Kein Equipment
EX001248,Scapula-Chin-up,PULLUP_BAR,Klimmzugstange,True,2,False,Klimmzugstange
EX001249,Scapula-Klimmzug,BODY,Körpergewicht,False,1,True,Kein Equipment
EX001249,Scapula-Klimmzug,PULLUP_BAR,Klimmzugstange,True,2,False,Klimmzugstange
EX001250,Scapula-Klimmzug an Ringen,BODY,Körpergewicht,False,1,True,Kein Equipment
EX001250,Scapula-Klimmzug an Ringen,RINGS,Turnringe,True,2,False,Turnringe
EX001251,Scapula-Latzug,LAT_PULLDOWN,Latzugstation,True,1,False,Kabelzug
EX001252,Scapula-Rudern am Kabel,CABLE,Einfacher Kabelzug,True,1,False,Kabelzug
EX001253,Scapula-Rudern am Schlingentrainer,BODY,Körpergewicht,False,1,True,Kein Equipment
EX001253,Scapula-Rudern am Schlingentrainer,TRX,Schlingentrainer/TRX,True,2,False,TRX/Schlingentrainer
EX001254,Schräges Schulterheben auf der Bank,DUMBBELL,Kurzhantel(n),True,1,False,Kurzhanteln
EX001254,Schräges Schulterheben auf der Bank,ADJ_BENCH,Verstellbare Trainingsbank,False,2,False,Trainingsbank
EX001255,Schulterheben am Kabelzug,CABLE,Einfacher Kabelzug,True,1,False,Kabelzug
EX001256,Schulterheben an der Smith-Maschine,SMITH,Multipresse/Smith Machine,True,1,False,Kraftmaschinen
EX001257,Schulterheben an der Wadenmaschine,CALF_MACHINE,Wadenheben-Maschine,True,1,False,Kraftmaschinen
EX001258,Schulterheben mit Kettlebells,KETTLEBELL,Kettlebell(s),True,1,False,Kettlebell
EX001259,Schulterheben mit Kurzhanteln,DUMBBELL,Kurzhantel(n),True,1,False,Kurzhanteln
EX001260,Schulterheben mit Kurzhanteln im Sitzen,DUMBBELL,Kurzhantel(n),True,1,False,Kurzhanteln
EX001260,Schulterheben mit Kurzhanteln im Sitzen,BENCH,Flachbank,False,2,False,Trainingsbank
EX001261,Schulterheben mit Langhantel hinter dem Körper,BARBELL,Langhantel,True,1,False,Langhantel
EX001261,Schulterheben mit Langhantel hinter dem Körper,PLATES,Hantelscheiben,False,2,False,Langhantel
EX001262,Schulterheben mit Langhantel vor dem Körper,BARBELL,Langhantel,True,1,False,Langhantel
EX001262,Schulterheben mit Langhantel vor dem Körper,PLATES,Hantelscheiben,False,2,False,Langhantel
EX001263,Schulterheben mit Trap Bar,TRAP_BAR,Trap-/Hex-Bar,True,1,False,Spezialhanteln
EX001263,Schulterheben mit Trap Bar,PLATES,Hantelscheiben,False,2,False,Langhantel
EX001264,Schulterheben mit Widerstandsband,BAND,Langes Widerstandsband,True,1,False,Widerstandsbänder
EX001265,Überkopf-Schulterheben am Kabelzug,CABLE,Einfacher Kabelzug,True,1,False,Kabelzug
EX001266,Überkopf-Schulterheben mit Kurzhanteln,DUMBBELL,Kurzhantel(n),True,1,False,Kurzhanteln
EX001267,Überkopf-Schulterheben mit Langhantel,BARBELL,Langhantel,True,1,False,Langhantel
EX001267,Überkopf-Schulterheben mit Langhantel,PLATES,Hantelscheiben,False,2,False,Langhantel
EX001267,Überkopf-Schulterheben mit Langhantel,RACK,Kniebeugenständer/Power Rack,False,3,False,Langhantel mit Rack
EX001268,B-Stance rumänisches Kreuzheben mit Kurzhanteln,DUMBBELL,Kurzhantel(n),True,1,False,Kurzhanteln
EX001268,B-Stance rumänisches Kreuzheben mit Kurzhanteln,FLOOR,Freie Bodenfläche,False,2,True,Kein Equipment
EX001269,B-Stance rumänisches Kreuzheben mit Langhantel,BARBELL,Langhantel,True,1,False,Langhantel
EX001269,B-Stance rumänisches Kreuzheben mit Langhantel,PLATES,Hantelscheiben,False,2,False,Langhantel
EX001270,Einbeiniges rumänisches Kreuzheben am Kabelzug,CABLE,Einfacher Kabelzug,True,1,False,Kabelzug
EX001270,Einbeiniges rumänisches Kreuzheben am Kabelzug,FLOOR,Freie Bodenfläche,False,2,True,Kein Equipment
EX001271,Einbeiniges rumänisches Kreuzheben an der Landmine,BARBELL,Langhantel,False,1,False,Langhantel
EX001271,Einbeiniges rumänisches Kreuzheben an der Landmine,PLATES,Hantelscheiben,False,2,False,Langhantel
EX001271,Einbeiniges rumänisches Kreuzheben an der Landmine,LANDMINE,Landmine-Aufnahme,True,3,False,Landmine
EX001272,"Einbeiniges rumänisches Kreuzheben mit einer Kurzhantel, ipsilateral",DUMBBELL,Kurzhantel(n),True,1,False,Kurzhanteln
EX001272,"Einbeiniges rumänisches Kreuzheben mit einer Kurzhantel, ipsilateral",FLOOR,Freie Bodenfläche,False,2,True,Kein Equipment
EX001273,"Einbeiniges rumänisches Kreuzheben mit einer Kurzhantel, kontralateral",DUMBBELL,Kurzhantel(n),True,1,False,Kurzhanteln
EX001273,"Einbeiniges rumänisches Kreuzheben mit einer Kurzhantel, kontralateral",FLOOR,Freie Bodenfläche,False,2,True,Kein Equipment
EX001274,"Einbeiniges rumänisches Kreuzheben mit Kettlebell, ipsilateral",KETTLEBELL,Kettlebell(s),True,1,False,Kettlebell
EX001274,"Einbeiniges rumänisches Kreuzheben mit Kettlebell, ipsilateral",FLOOR,Freie Bodenfläche,False,2,True,Kein Equipment
EX001275,"Einbeiniges rumänisches Kreuzheben mit Kettlebell, kontralateral",KETTLEBELL,Kettlebell(s),True,1,False,Kettlebell
EX001275,"Einbeiniges rumänisches Kreuzheben mit Kettlebell, kontralateral",FLOOR,Freie Bodenfläche,False,2,True,Kein Equipment
EX001276,Einbeiniges rumänisches Kreuzheben mit Körpergewicht,BODY,Körpergewicht,True,1,True,Kein Equipment
EX001276,Einbeiniges rumänisches Kreuzheben mit Körpergewicht,FLOOR,Freie Bodenfläche,False,2,True,Kein Equipment
EX001277,Einbeiniges rumänisches Kreuzheben mit Langhantel,BARBELL,Langhantel,True,1,False,Langhantel
EX001277,Einbeiniges rumänisches Kreuzheben mit Langhantel,PLATES,Hantelscheiben,False,2,False,Langhantel
EX001277,Einbeiniges rumänisches Kreuzheben mit Langhantel,FLOOR,Freie Bodenfläche,False,3,True,Kein Equipment
EX001278,Einbeiniges rumänisches Kreuzheben mit Unterstützung am Schlingentrainer,TRX,Schlingentrainer/TRX,True,1,False,TRX/Schlingentrainer
EX001278,Einbeiniges rumänisches Kreuzheben mit Unterstützung am Schlingentrainer,BODY,Körpergewicht,False,2,True,Kein Equipment
EX001278,Einbeiniges rumänisches Kreuzheben mit Unterstützung am Schlingentrainer,FLOOR,Freie Bodenfläche,False,3,True,Kein Equipment
EX001279,Einbeiniges rumänisches Kreuzheben mit zwei Kurzhanteln,DUMBBELL,Kurzhantel(n),True,1,False,Kurzhanteln
EX001279,Einbeiniges rumänisches Kreuzheben mit zwei Kurzhanteln,FLOOR,Freie Bodenfläche,False,2,True,Kein Equipment
EX001280,Kickstand-Kettlebell-RDL,KETTLEBELL,Kettlebell(s),True,1,False,Kettlebell
EX001280,Kickstand-Kettlebell-RDL,FLOOR,Freie Bodenfläche,False,2,True,Kein Equipment
EX001281,Bulgarischer Split Squat an der Multipresse,SMITH,Multipresse/Smith Machine,True,1,False,Kraftmaschinen
EX001281,Bulgarischer Split Squat an der Multipresse,PLATES,Hantelscheiben,False,2,False,Langhantel
EX001281,Bulgarischer Split Squat an der Multipresse,BENCH,Flachbank,False,3,False,Trainingsbank
EX001282,Bulgarischer Split Squat in Goblet-Position,DUMBBELL,Kurzhantel(n),True,1,False,Kurzhanteln
EX001282,Bulgarischer Split Squat in Goblet-Position,BENCH,Flachbank,False,2,False,Trainingsbank
EX001282,Bulgarischer Split Squat in Goblet-Position,FLOOR,Freie Bodenfläche,False,3,True,Kein Equipment
EX001283,Bulgarischer Split Squat mit Kettlebells,KETTLEBELL,Kettlebell(s),True,1,False,Kettlebell
EX001283,Bulgarischer Split Squat mit Kettlebells,FLOOR,Freie Bodenfläche,False,2,True,Kein Equipment
EX001283,Bulgarischer Split Squat mit Kettlebells,BENCH,Flachbank,False,3,False,Trainingsbank
EX001284,Bulgarischer Split Squat mit Kurzhanteln,DUMBBELL,Kurzhantel(n),True,1,False,Kurzhanteln
EX001284,Bulgarischer Split Squat mit Kurzhanteln,FLOOR,Freie Bodenfläche,False,2,True,Kein Equipment
EX001284,Bulgarischer Split Squat mit Kurzhanteln,BENCH,Flachbank,False,3,False,Trainingsbank
EX001285,Bulgarischer Split Squat mit Körpergewicht,BODY,Körpergewicht,False,1,True,Kein Equipment
EX001285,Bulgarischer Split Squat mit Körpergewicht,FLOOR,Freie Bodenfläche,False,2,True,Kein Equipment
EX001285,Bulgarischer Split Squat mit Körpergewicht,BENCH,Flachbank,True,3,False,Trainingsbank
EX001286,Bulgarischer Split Squat mit Landmine,BARBELL,Langhantel,False,1,False,Langhantel
EX001286,Bulgarischer Split Squat mit Landmine,PLATES,Hantelscheiben,False,2,False,Langhantel
EX001286,Bulgarischer Split Squat mit Landmine,LANDMINE,Landmine-Aufnahme,True,3,False,Landmine
EX001286,Bulgarischer Split Squat mit Landmine,BENCH,Flachbank,False,4,False,Trainingsbank
EX001287,Bulgarischer Split Squat mit Langhantel,BARBELL,Langhantel,True,1,False,Langhantel
EX001287,Bulgarischer Split Squat mit Langhantel,PLATES,Hantelscheiben,False,2,False,Langhantel
EX001287,Bulgarischer Split Squat mit Langhantel,RACK,Kniebeugenständer/Power Rack,False,3,False,Langhantel mit Rack
EX001287,Bulgarischer Split Squat mit Langhantel,BENCH,Flachbank,False,4,False,Trainingsbank
EX001288,Bulgarischer Split Squat mit zwei Kettlebells im Front Rack,KETTLEBELL,Kettlebell(s),True,1,False,Kettlebell
EX001288,Bulgarischer Split Squat mit zwei Kettlebells im Front Rack,BENCH,Flachbank,False,2,False,Trainingsbank
EX001288,Bulgarischer Split Squat mit zwei Kettlebells im Front Rack,FLOOR,Freie Bodenfläche,False,3,True,Kein Equipment
EX001289,Defizit-Bulgarian-Split-Squat mit Kurzhanteln,DUMBBELL,Kurzhantel(n),True,1,False,Kurzhanteln
EX001289,Defizit-Bulgarian-Split-Squat mit Kurzhanteln,FLOOR,Freie Bodenfläche,False,2,True,Kein Equipment
EX001289,Defizit-Bulgarian-Split-Squat mit Kurzhanteln,BENCH,Flachbank,False,3,False,Trainingsbank
EX001289,Defizit-Bulgarian-Split-Squat mit Kurzhanteln,STEP,Step/Erhöhung,False,4,False,Kleinzubehör
EX001290,Frontfuss-erhöhter Split Squat mit Kurzhanteln,DUMBBELL,Kurzhantel(n),True,1,False,Kurzhanteln
EX001290,Frontfuss-erhöhter Split Squat mit Kurzhanteln,FLOOR,Freie Bodenfläche,False,2,True,Kein Equipment
EX001290,Frontfuss-erhöhter Split Squat mit Kurzhanteln,STEP,Step/Erhöhung,False,3,False,Kleinzubehör
EX001291,Frontfuss-erhöhter Split Squat mit Körpergewicht,BODY,Körpergewicht,False,1,True,Kein Equipment
EX001291,Frontfuss-erhöhter Split Squat mit Körpergewicht,FLOOR,Freie Bodenfläche,False,2,True,Kein Equipment
EX001291,Frontfuss-erhöhter Split Squat mit Körpergewicht,STEP,Step/Erhöhung,True,3,False,Kleinzubehör
EX001292,Landmine Split Squat,BARBELL,Langhantel,False,1,False,Langhantel
EX001292,Landmine Split Squat,PLATES,Hantelscheiben,False,2,False,Langhantel
EX001292,Landmine Split Squat,LANDMINE,Landmine-Aufnahme,True,3,False,Landmine
EX001293,Split Squat am Schlingentrainer,TRX,Schlingentrainer/TRX,True,1,False,TRX/Schlingentrainer
EX001293,Split Squat am Schlingentrainer,BODY,Körpergewicht,False,2,True,Kein Equipment
EX001293,Split Squat am Schlingentrainer,FLOOR,Freie Bodenfläche,False,3,True,Kein Equipment
EX001294,Split Squat an der Multipresse,SMITH,Multipresse/Smith Machine,True,1,False,Kraftmaschinen
EX001294,Split Squat an der Multipresse,PLATES,Hantelscheiben,False,2,False,Langhantel
EX001295,Split Squat in Front-Rack-Position mit zwei Kettlebells,KETTLEBELL,Kettlebell(s),True,1,False,Kettlebell
EX001295,Split Squat in Front-Rack-Position mit zwei Kettlebells,FLOOR,Freie Bodenfläche,False,2,True,Kein Equipment
EX001296,Split Squat in Goblet-Position,DUMBBELL,Kurzhantel(n),True,1,False,Kurzhanteln
EX001296,Split Squat in Goblet-Position,FLOOR,Freie Bodenfläche,False,2,True,Kein Equipment
EX001297,Split Squat mit Kettlebells,KETTLEBELL,Kettlebell(s),True,1,False,Kettlebell
EX001297,Split Squat mit Kettlebells,FLOOR,Freie Bodenfläche,False,2,True,Kein Equipment
EX001298,Split Squat mit Kurzhanteln,DUMBBELL,Kurzhantel(n),True,1,False,Kurzhanteln
EX001298,Split Squat mit Kurzhanteln,FLOOR,Freie Bodenfläche,False,2,True,Kein Equipment
EX001299,Split Squat mit Körpergewicht,BODY,Körpergewicht,True,1,True,Kein Equipment
EX001299,Split Squat mit Körpergewicht,FLOOR,Freie Bodenfläche,False,2,True,Kein Equipment
EX001300,Split Squat mit Langhantel,BARBELL,Langhantel,True,1,False,Langhantel
EX001300,Split Squat mit Langhantel,PLATES,Hantelscheiben,False,2,False,Langhantel
EX001300,Split Squat mit Langhantel,RACK,Kniebeugenständer/Power Rack,False,3,False,Langhantel mit Rack
EX001301,"Split Squat mit vorderem Rack-Hold, Langhantel",BARBELL,Langhantel,True,1,False,Langhantel
EX001301,"Split Squat mit vorderem Rack-Hold, Langhantel",PLATES,Hantelscheiben,False,2,False,Langhantel
EX001301,"Split Squat mit vorderem Rack-Hold, Langhantel",RACK,Kniebeugenständer/Power Rack,False,3,False,Langhantel mit Rack
EX001302,Zercher Split Squat,BARBELL,Langhantel,True,1,False,Langhantel
EX001302,Zercher Split Squat,PLATES,Hantelscheiben,False,2,False,Langhantel
EX001302,Zercher Split Squat,RACK,Kniebeugenständer/Power Rack,False,3,False,Langhantel mit Rack
EX001303,1½-Wiederholungs-Frontkniebeuge mit Langhantel,BARBELL,Langhantel,True,1,False,Langhantel
EX001303,1½-Wiederholungs-Frontkniebeuge mit Langhantel,PLATES,Hantelscheiben,False,2,False,Langhantel
EX001303,1½-Wiederholungs-Frontkniebeuge mit Langhantel,RACK,Kniebeugenständer/Power Rack,False,3,False,Langhantel mit Rack
EX001304,1½-Wiederholungs-Frontkniebeuge mit zwei Kettlebells,KETTLEBELL,Kettlebell(s),True,1,False,Kettlebell
EX001304,1½-Wiederholungs-Frontkniebeuge mit zwei Kettlebells,FLOOR,Freie Bodenfläche,False,2,True,Kein Equipment
EX001305,1½-Wiederholungs-Frontkniebeuge mit zwei Kurzhanteln,DUMBBELL,Kurzhantel(n),True,1,False,Kurzhanteln
EX001305,1½-Wiederholungs-Frontkniebeuge mit zwei Kurzhanteln,FLOOR,Freie Bodenfläche,False,2,True,Kein Equipment
EX001306,1½-Wiederholungs-Goblet Squat mit Kettlebell,KETTLEBELL,Kettlebell(s),True,1,False,Kettlebell
EX001306,1½-Wiederholungs-Goblet Squat mit Kettlebell,FLOOR,Freie Bodenfläche,False,2,True,Kein Equipment
EX001307,1½-Wiederholungs-Goblet Squat mit Kurzhantel,DUMBBELL,Kurzhantel(n),True,1,False,Kurzhanteln
EX001307,1½-Wiederholungs-Goblet Squat mit Kurzhantel,FLOOR,Freie Bodenfläche,False,2,True,Kein Equipment
EX001308,1½-Wiederholungs-Kniebeuge mit Körpergewicht,BODY,Körpergewicht,True,1,True,Kein Equipment
EX001308,1½-Wiederholungs-Kniebeuge mit Körpergewicht,FLOOR,Freie Bodenfläche,False,2,True,Kein Equipment
EX001309,1½-Wiederholungs-Landmine-Kniebeuge,BARBELL,Langhantel,False,1,False,Langhantel
EX001309,1½-Wiederholungs-Landmine-Kniebeuge,PLATES,Hantelscheiben,False,2,False,Langhantel
EX001309,1½-Wiederholungs-Landmine-Kniebeuge,LANDMINE,Landmine-Aufnahme,True,3,False,Landmine
EX001310,"1½-Wiederholungs-Langhantel-Kniebeuge, High-Bar",BARBELL,Langhantel,True,1,False,Langhantel
EX001310,"1½-Wiederholungs-Langhantel-Kniebeuge, High-Bar",PLATES,Hantelscheiben,False,2,False,Langhantel
EX001310,"1½-Wiederholungs-Langhantel-Kniebeuge, High-Bar",RACK,Kniebeugenständer/Power Rack,False,3,False,Langhantel mit Rack
EX001311,"1½-Wiederholungs-Langhantel-Kniebeuge, Low-Bar",BARBELL,Langhantel,True,1,False,Langhantel
EX001311,"1½-Wiederholungs-Langhantel-Kniebeuge, Low-Bar",PLATES,Hantelscheiben,False,2,False,Langhantel
EX001311,"1½-Wiederholungs-Langhantel-Kniebeuge, Low-Bar",RACK,Kniebeugenständer/Power Rack,False,3,False,Langhantel mit Rack
EX001312,1½-Wiederholungs-Safety-Bar-Kniebeuge,SSB,Safety-Squat-Bar,True,1,False,Spezialhanteln
EX001312,1½-Wiederholungs-Safety-Bar-Kniebeuge,PLATES,Hantelscheiben,False,2,False,Langhantel
EX001312,1½-Wiederholungs-Safety-Bar-Kniebeuge,RACK,Kniebeugenständer/Power Rack,False,3,False,Langhantel mit Rack
EX001313,Anderson-Kniebeuge,BARBELL,Langhantel,True,1,False,Langhantel
EX001313,Anderson-Kniebeuge,PLATES,Hantelscheiben,False,2,False,Langhantel
EX001313,Anderson-Kniebeuge,RACK,Kniebeugenständer/Power Rack,False,3,False,Langhantel mit Rack
EX001314,Belt Squat,BELT_SQUAT,Belt-Squat-Maschine,True,1,False,Kraftmaschinen
EX001315,Box-Kniebeuge mit Langhantel,BARBELL,Langhantel,True,1,False,Langhantel
EX001315,Box-Kniebeuge mit Langhantel,PLATES,Hantelscheiben,False,2,False,Langhantel
EX001315,Box-Kniebeuge mit Langhantel,RACK,Kniebeugenständer/Power Rack,False,3,False,Langhantel mit Rack
EX001315,Box-Kniebeuge mit Langhantel,BOX,Plyo-Box,False,4,False,Functional Training
EX001316,Fersenerhöhte High-Bar-Kniebeuge,BARBELL,Langhantel,True,1,False,Langhantel
EX001316,Fersenerhöhte High-Bar-Kniebeuge,PLATES,Hantelscheiben,False,2,False,Langhantel
EX001316,Fersenerhöhte High-Bar-Kniebeuge,RACK,Kniebeugenständer/Power Rack,False,3,False,Langhantel mit Rack
EX001316,Fersenerhöhte High-Bar-Kniebeuge,SLANT_BOARD,Keilbrett/Slant Board,False,4,False,Kleinzubehör
EX001317,Fersenerhöhte Kniebeuge mit Körpergewicht,BODY,Körpergewicht,False,1,True,Kein Equipment
EX001317,Fersenerhöhte Kniebeuge mit Körpergewicht,FLOOR,Freie Bodenfläche,False,2,True,Kein Equipment
EX001317,Fersenerhöhte Kniebeuge mit Körpergewicht,SLANT_BOARD,Keilbrett/Slant Board,True,3,False,Kleinzubehör
EX001318,Frontkniebeuge an der Multipresse,SMITH,Multipresse/Smith Machine,True,1,False,Kraftmaschinen
EX001318,Frontkniebeuge an der Multipresse,PLATES,Hantelscheiben,False,2,False,Langhantel
EX001319,Frontkniebeuge mit Langhantel,BARBELL,Langhantel,True,1,False,Langhantel
EX001319,Frontkniebeuge mit Langhantel,PLATES,Hantelscheiben,False,2,False,Langhantel
EX001319,Frontkniebeuge mit Langhantel,RACK,Kniebeugenständer/Power Rack,False,3,False,Langhantel mit Rack
EX001320,Frontkniebeuge mit zwei Kettlebells,KETTLEBELL,Kettlebell(s),True,1,False,Kettlebell
EX001320,Frontkniebeuge mit zwei Kettlebells,FLOOR,Freie Bodenfläche,False,2,True,Kein Equipment
EX001321,Frontkniebeuge mit zwei Kurzhanteln,DUMBBELL,Kurzhantel(n),True,1,False,Kurzhanteln
EX001321,Frontkniebeuge mit zwei Kurzhanteln,FLOOR,Freie Bodenfläche,False,2,True,Kein Equipment
EX001322,Gefangenen-Kniebeuge,BODY,Körpergewicht,True,1,True,Kein Equipment
EX001322,Gefangenen-Kniebeuge,FLOOR,Freie Bodenfläche,False,2,True,Kein Equipment
EX001323,Goblet Squat mit Kettlebell,KETTLEBELL,Kettlebell(s),True,1,False,Kettlebell
EX001323,Goblet Squat mit Kettlebell,FLOOR,Freie Bodenfläche,False,2,True,Kein Equipment
EX001324,Goblet Squat mit Kurzhantel,DUMBBELL,Kurzhantel(n),True,1,False,Kurzhanteln
EX001324,Goblet Squat mit Kurzhantel,FLOOR,Freie Bodenfläche,False,2,True,Kein Equipment
EX001325,Hackenschmidt-Kniebeuge,HACK_SQUAT,Hackenschmidt-Maschine,True,1,False,Kraftmaschinen
EX001326,"Kettlebell-Overhead-Squat, einarmig",KETTLEBELL,Kettlebell(s),True,1,False,Kettlebell
EX001326,"Kettlebell-Overhead-Squat, einarmig",FLOOR,Freie Bodenfläche,False,2,True,Kein Equipment
EX001327,Kniebeuge an der Multipresse,SMITH,Multipresse/Smith Machine,True,1,False,Kraftmaschinen
EX001327,Kniebeuge an der Multipresse,PLATES,Hantelscheiben,False,2,False,Langhantel
EX001328,"Kniebeuge mit breitem Stand, Langhantel",BARBELL,Langhantel,True,1,False,Langhantel
EX001328,"Kniebeuge mit breitem Stand, Langhantel",PLATES,Hantelscheiben,False,2,False,Langhantel
EX001328,"Kniebeuge mit breitem Stand, Langhantel",RACK,Kniebeugenständer/Power Rack,False,3,False,Langhantel mit Rack
EX001329,"Kniebeuge mit engem Stand, Langhantel",BARBELL,Langhantel,True,1,False,Langhantel
EX001329,"Kniebeuge mit engem Stand, Langhantel",PLATES,Hantelscheiben,False,2,False,Langhantel
EX001329,"Kniebeuge mit engem Stand, Langhantel",RACK,Kniebeugenständer/Power Rack,False,3,False,Langhantel mit Rack
EX001330,Kniebeuge mit Körpergewicht,BODY,Körpergewicht,True,1,True,Kein Equipment
EX001330,Kniebeuge mit Körpergewicht,FLOOR,Freie Bodenfläche,False,2,True,Kein Equipment
EX001331,Kniebeuge zur Box mit Körpergewicht,BODY,Körpergewicht,False,1,True,Kein Equipment
EX001331,Kniebeuge zur Box mit Körpergewicht,FLOOR,Freie Bodenfläche,False,2,True,Kein Equipment
EX001331,Kniebeuge zur Box mit Körpergewicht,BOX,Plyo-Box,True,3,False,Functional Training
EX001332,"Kurzhantel-Overhead-Squat, einarmig",DUMBBELL,Kurzhantel(n),True,1,False,Kurzhanteln
EX001332,"Kurzhantel-Overhead-Squat, einarmig",FLOOR,Freie Bodenfläche,False,2,True,Kein Equipment
EX001333,Landmine-Kniebeuge,BARBELL,Langhantel,False,1,False,Langhantel
EX001333,Landmine-Kniebeuge,PLATES,Hantelscheiben,False,2,False,Langhantel
EX001333,Landmine-Kniebeuge,LANDMINE,Landmine-Aufnahme,True,3,False,Landmine
EX001334,"Langhantel-Kniebeuge, High-Bar",BARBELL,Langhantel,True,1,False,Langhantel
EX001334,"Langhantel-Kniebeuge, High-Bar",PLATES,Hantelscheiben,False,2,False,Langhantel
EX001334,"Langhantel-Kniebeuge, High-Bar",RACK,Kniebeugenständer/Power Rack,False,3,False,Langhantel mit Rack
EX001335,"Langhantel-Kniebeuge, Low-Bar",BARBELL,Langhantel,True,1,False,Langhantel
EX001335,"Langhantel-Kniebeuge, Low-Bar",PLATES,Hantelscheiben,False,2,False,Langhantel
EX001335,"Langhantel-Kniebeuge, Low-Bar",RACK,Kniebeugenständer/Power Rack,False,3,False,Langhantel mit Rack
EX001336,Pausen-Belt Squat,BELT_SQUAT,Belt-Squat-Maschine,True,1,False,Kraftmaschinen
EX001337,Pausen-Frontkniebeuge mit Langhantel,BARBELL,Langhantel,True,1,False,Langhantel
EX001337,Pausen-Frontkniebeuge mit Langhantel,PLATES,Hantelscheiben,False,2,False,Langhantel
EX001337,Pausen-Frontkniebeuge mit Langhantel,RACK,Kniebeugenständer/Power Rack,False,3,False,Langhantel mit Rack
EX001338,Pausen-Frontkniebeuge mit zwei Kettlebells,KETTLEBELL,Kettlebell(s),True,1,False,Kettlebell
EX001338,Pausen-Frontkniebeuge mit zwei Kettlebells,FLOOR,Freie Bodenfläche,False,2,True,Kein Equipment
EX001339,Pausen-Frontkniebeuge mit zwei Kurzhanteln,DUMBBELL,Kurzhantel(n),True,1,False,Kurzhanteln
EX001339,Pausen-Frontkniebeuge mit zwei Kurzhanteln,FLOOR,Freie Bodenfläche,False,2,True,Kein Equipment
EX001340,Pausen-Goblet Squat mit Kettlebell,KETTLEBELL,Kettlebell(s),True,1,False,Kettlebell
EX001340,Pausen-Goblet Squat mit Kettlebell,FLOOR,Freie Bodenfläche,False,2,True,Kein Equipment
EX001341,Pausen-Goblet Squat mit Kurzhantel,DUMBBELL,Kurzhantel(n),True,1,False,Kurzhanteln
EX001341,Pausen-Goblet Squat mit Kurzhantel,FLOOR,Freie Bodenfläche,False,2,True,Kein Equipment
EX001342,Pausen-Hackenschmidt-Kniebeuge,HACK_SQUAT,Hackenschmidt-Maschine,True,1,False,Kraftmaschinen
EX001343,Pausen-Kniebeuge an der Multipresse,SMITH,Multipresse/Smith Machine,True,1,False,Kraftmaschinen
EX001343,Pausen-Kniebeuge an der Multipresse,PLATES,Hantelscheiben,False,2,False,Langhantel
EX001344,Pausen-Kniebeuge mit Körpergewicht,BODY,Körpergewicht,True,1,True,Kein Equipment
EX001344,Pausen-Kniebeuge mit Körpergewicht,FLOOR,Freie Bodenfläche,False,2,True,Kein Equipment
EX001345,Pausen-Landmine-Kniebeuge,BARBELL,Langhantel,False,1,False,Langhantel
EX001345,Pausen-Landmine-Kniebeuge,PLATES,Hantelscheiben,False,2,False,Langhantel
EX001345,Pausen-Landmine-Kniebeuge,LANDMINE,Landmine-Aufnahme,True,3,False,Landmine
EX001346,"Pausen-Langhantel-Kniebeuge, High-Bar",BARBELL,Langhantel,True,1,False,Langhantel
EX001346,"Pausen-Langhantel-Kniebeuge, High-Bar",PLATES,Hantelscheiben,False,2,False,Langhantel
EX001346,"Pausen-Langhantel-Kniebeuge, High-Bar",RACK,Kniebeugenständer/Power Rack,False,3,False,Langhantel mit Rack
EX001347,"Pausen-Langhantel-Kniebeuge, Low-Bar",BARBELL,Langhantel,True,1,False,Langhantel
EX001347,"Pausen-Langhantel-Kniebeuge, Low-Bar",PLATES,Hantelscheiben,False,2,False,Langhantel
EX001347,"Pausen-Langhantel-Kniebeuge, Low-Bar",RACK,Kniebeugenständer/Power Rack,False,3,False,Langhantel mit Rack
EX001348,Pausen-Safety-Bar-Kniebeuge,SSB,Safety-Squat-Bar,True,1,False,Spezialhanteln
EX001348,Pausen-Safety-Bar-Kniebeuge,PLATES,Hantelscheiben,False,2,False,Langhantel
EX001348,Pausen-Safety-Bar-Kniebeuge,RACK,Kniebeugenständer/Power Rack,False,3,False,Langhantel mit Rack
EX001349,Pin-Kniebeuge mit Langhantel,BARBELL,Langhantel,True,1,False,Langhantel
EX001349,Pin-Kniebeuge mit Langhantel,PLATES,Hantelscheiben,False,2,False,Langhantel
EX001349,Pin-Kniebeuge mit Langhantel,RACK,Kniebeugenständer/Power Rack,False,3,False,Langhantel mit Rack
EX001350,Safety-Bar-Kniebeuge,SSB,Safety-Squat-Bar,True,1,False,Spezialhanteln
EX001350,Safety-Bar-Kniebeuge,PLATES,Hantelscheiben,False,2,False,Langhantel
EX001350,Safety-Bar-Kniebeuge,RACK,Kniebeugenständer/Power Rack,False,3,False,Langhantel mit Rack
EX001351,Sandsack-Frontkniebeuge,SANDBAG,Sandsack (Training),True,1,False,Functional Training
EX001351,Sandsack-Frontkniebeuge,FLOOR,Freie Bodenfläche,False,2,True,Kein Equipment
EX001352,Sandsack-Kniebeuge im Bear-Hug,SANDBAG,Sandsack (Training),True,1,False,Functional Training
EX001352,Sandsack-Kniebeuge im Bear-Hug,FLOOR,Freie Bodenfläche,False,2,True,Kein Equipment
EX001353,Tempo-Belt Squat (3-1-1),BELT_SQUAT,Belt-Squat-Maschine,True,1,False,Kraftmaschinen
EX001354,Tempo-Frontkniebeuge mit Langhantel (3-1-1),BARBELL,Langhantel,True,1,False,Langhantel
EX001354,Tempo-Frontkniebeuge mit Langhantel (3-1-1),PLATES,Hantelscheiben,False,2,False,Langhantel
EX001354,Tempo-Frontkniebeuge mit Langhantel (3-1-1),RACK,Kniebeugenständer/Power Rack,False,3,False,Langhantel mit Rack
EX001355,Tempo-Frontkniebeuge mit zwei Kettlebells (3-1-1),KETTLEBELL,Kettlebell(s),True,1,False,Kettlebell
EX001355,Tempo-Frontkniebeuge mit zwei Kettlebells (3-1-1),FLOOR,Freie Bodenfläche,False,2,True,Kein Equipment
EX001356,Tempo-Frontkniebeuge mit zwei Kurzhanteln (3-1-1),DUMBBELL,Kurzhantel(n),True,1,False,Kurzhanteln
EX001356,Tempo-Frontkniebeuge mit zwei Kurzhanteln (3-1-1),FLOOR,Freie Bodenfläche,False,2,True,Kein Equipment
EX001357,Tempo-Goblet Squat mit Kettlebell (3-1-1),KETTLEBELL,Kettlebell(s),True,1,False,Kettlebell
EX001357,Tempo-Goblet Squat mit Kettlebell (3-1-1),FLOOR,Freie Bodenfläche,False,2,True,Kein Equipment
EX001358,Tempo-Goblet Squat mit Kurzhantel (3-1-1),DUMBBELL,Kurzhantel(n),True,1,False,Kurzhanteln
EX001358,Tempo-Goblet Squat mit Kurzhantel (3-1-1),FLOOR,Freie Bodenfläche,False,2,True,Kein Equipment
EX001359,Tempo-Hackenschmidt-Kniebeuge (3-1-1),HACK_SQUAT,Hackenschmidt-Maschine,True,1,False,Kraftmaschinen
EX001360,Tempo-Kniebeuge an der Multipresse (3-1-1),SMITH,Multipresse/Smith Machine,True,1,False,Kraftmaschinen
EX001360,Tempo-Kniebeuge an der Multipresse (3-1-1),PLATES,Hantelscheiben,False,2,False,Langhantel
EX001361,Tempo-Kniebeuge mit Körpergewicht (3-1-1),BODY,Körpergewicht,True,1,True,Kein Equipment
EX001361,Tempo-Kniebeuge mit Körpergewicht (3-1-1),FLOOR,Freie Bodenfläche,False,2,True,Kein Equipment
EX001362,Tempo-Landmine-Kniebeuge (3-1-1),BARBELL,Langhantel,False,1,False,Langhantel
EX001362,Tempo-Landmine-Kniebeuge (3-1-1),PLATES,Hantelscheiben,False,2,False,Langhantel
EX001362,Tempo-Landmine-Kniebeuge (3-1-1),LANDMINE,Landmine-Aufnahme,True,3,False,Landmine
EX001363,"Tempo-Langhantel-Kniebeuge, High-Bar (3-1-1)",BARBELL,Langhantel,True,1,False,Langhantel
EX001363,"Tempo-Langhantel-Kniebeuge, High-Bar (3-1-1)",PLATES,Hantelscheiben,False,2,False,Langhantel
EX001363,"Tempo-Langhantel-Kniebeuge, High-Bar (3-1-1)",RACK,Kniebeugenständer/Power Rack,False,3,False,Langhantel mit Rack
EX001364,"Tempo-Langhantel-Kniebeuge, Low-Bar (3-1-1)",BARBELL,Langhantel,True,1,False,Langhantel
EX001364,"Tempo-Langhantel-Kniebeuge, Low-Bar (3-1-1)",PLATES,Hantelscheiben,False,2,False,Langhantel
EX001364,"Tempo-Langhantel-Kniebeuge, Low-Bar (3-1-1)",RACK,Kniebeugenständer/Power Rack,False,3,False,Langhantel mit Rack
EX001365,Tempo-Safety-Bar-Kniebeuge (3-1-1),SSB,Safety-Squat-Bar,True,1,False,Spezialhanteln
EX001365,Tempo-Safety-Bar-Kniebeuge (3-1-1),PLATES,Hantelscheiben,False,2,False,Langhantel
EX001365,Tempo-Safety-Bar-Kniebeuge (3-1-1),RACK,Kniebeugenständer/Power Rack,False,3,False,Langhantel mit Rack
EX001366,Zercher-Kniebeuge,BARBELL,Langhantel,True,1,False,Langhantel
EX001366,Zercher-Kniebeuge,PLATES,Hantelscheiben,False,2,False,Langhantel
EX001366,Zercher-Kniebeuge,RACK,Kniebeugenständer/Power Rack,False,3,False,Langhantel mit Rack
EX001367,Überkopfkniebeuge mit Langhantel,BARBELL,Langhantel,True,1,False,Langhantel
EX001367,Überkopfkniebeuge mit Langhantel,PLATES,Hantelscheiben,False,2,False,Langhantel
EX001367,Überkopfkniebeuge mit Langhantel,RACK,Kniebeugenständer/Power Rack,False,3,False,Langhantel mit Rack
EX001368,Crossover-Step-up mit Kurzhanteln,DUMBBELL,Kurzhantel(n),True,1,False,Kurzhanteln
EX001368,Crossover-Step-up mit Kurzhanteln,BOX,Plyo-Box,False,2,False,Functional Training
EX001369,Crossover-Step-up mit Körpergewicht,BODY,Körpergewicht,True,1,True,Kein Equipment
EX001369,Crossover-Step-up mit Körpergewicht,BOX,Plyo-Box,False,2,False,Functional Training
EX001370,Fersen-Tap vom Step,BODY,Körpergewicht,False,1,True,Kein Equipment
EX001370,Fersen-Tap vom Step,STEP,Step/Erhöhung,True,2,False,Kleinzubehör
EX001371,Hoher Step-up mit Kurzhanteln,DUMBBELL,Kurzhantel(n),True,1,False,Kurzhanteln
EX001371,Hoher Step-up mit Kurzhanteln,BOX,Plyo-Box,False,2,False,Functional Training
EX001372,Kontrollierter Step-down seitlich,BODY,Körpergewicht,True,1,True,Kein Equipment
EX001372,Kontrollierter Step-down seitlich,BOX,Plyo-Box,False,2,False,Functional Training
EX001373,Kontrollierter Step-down vorwärts,BODY,Körpergewicht,True,1,True,Kein Equipment
EX001373,Kontrollierter Step-down vorwärts,BOX,Plyo-Box,False,2,False,Functional Training
EX001374,Landmine Step-up,BARBELL,Langhantel,False,1,False,Langhantel
EX001374,Landmine Step-up,PLATES,Hantelscheiben,False,2,False,Langhantel
EX001374,Landmine Step-up,LANDMINE,Landmine-Aufnahme,True,3,False,Landmine
EX001374,Landmine Step-up,BOX,Plyo-Box,False,4,False,Functional Training
EX001375,Pausen-Kontrollierter Step-down seitlich,BODY,Körpergewicht,True,1,True,Kein Equipment
EX001375,Pausen-Kontrollierter Step-down seitlich,BOX,Plyo-Box,False,2,False,Functional Training
EX001376,Pausen-Kontrollierter Step-down vorwärts,BODY,Körpergewicht,True,1,True,Kein Equipment
EX001376,Pausen-Kontrollierter Step-down vorwärts,BOX,Plyo-Box,False,2,False,Functional Training
EX001377,Pausen-Seitlicher Step-up mit Kurzhanteln,DUMBBELL,Kurzhantel(n),True,1,False,Kurzhanteln
EX001377,Pausen-Seitlicher Step-up mit Kurzhanteln,BOX,Plyo-Box,False,2,False,Functional Training
EX001378,"Pausen-Step-up mit Kniehub, Körpergewicht",BODY,Körpergewicht,True,1,True,Kein Equipment
EX001378,"Pausen-Step-up mit Kniehub, Körpergewicht",BOX,Plyo-Box,False,2,False,Functional Training
EX001379,Pausen-Step-up mit Kurzhanteln,DUMBBELL,Kurzhantel(n),True,1,False,Kurzhanteln
EX001379,Pausen-Step-up mit Kurzhanteln,BOX,Plyo-Box,False,2,False,Functional Training
EX001380,Peterson Step-up,BODY,Körpergewicht,False,1,True,Kein Equipment
EX001380,Peterson Step-up,STEP,Step/Erhöhung,True,2,False,Kleinzubehör
EX001381,Poliquin Step-up,BODY,Körpergewicht,False,1,True,Kein Equipment
EX001381,Poliquin Step-up,SLANT_BOARD,Keilbrett/Slant Board,True,2,False,Kleinzubehör
EX001382,Seitlicher Step-up mit Kurzhanteln,DUMBBELL,Kurzhantel(n),True,1,False,Kurzhanteln
EX001382,Seitlicher Step-up mit Kurzhanteln,BOX,Plyo-Box,False,2,False,Functional Training
EX001383,Seitlicher Step-up mit Körpergewicht,BODY,Körpergewicht,True,1,True,Kein Equipment
EX001383,Seitlicher Step-up mit Körpergewicht,BOX,Plyo-Box,False,2,False,Functional Training
EX001384,Step-up an der Multipresse,SMITH,Multipresse/Smith Machine,True,1,False,Kraftmaschinen
EX001384,Step-up an der Multipresse,PLATES,Hantelscheiben,False,2,False,Langhantel
EX001384,Step-up an der Multipresse,BOX,Plyo-Box,False,3,False,Functional Training
EX001385,Step-up mit Kettlebells,KETTLEBELL,Kettlebell(s),True,1,False,Kettlebell
EX001385,Step-up mit Kettlebells,BOX,Plyo-Box,False,2,False,Functional Training
EX001386,Step-up mit Kniehub und Kurzhanteln,DUMBBELL,Kurzhantel(n),True,1,False,Kurzhanteln
EX001386,Step-up mit Kniehub und Kurzhanteln,BOX,Plyo-Box,False,2,False,Functional Training
EX001387,"Step-up mit Kniehub, Körpergewicht",BODY,Körpergewicht,True,1,True,Kein Equipment
EX001387,"Step-up mit Kniehub, Körpergewicht",BOX,Plyo-Box,False,2,False,Functional Training
EX001388,Step-up mit Kurzhanteln,DUMBBELL,Kurzhantel(n),True,1,False,Kurzhanteln
EX001388,Step-up mit Kurzhanteln,BOX,Plyo-Box,False,2,False,Functional Training
EX001389,Step-up mit Langhantel,BARBELL,Langhantel,True,1,False,Langhantel
EX001389,Step-up mit Langhantel,PLATES,Hantelscheiben,False,2,False,Langhantel
EX001389,Step-up mit Langhantel,RACK,Kniebeugenständer/Power Rack,False,3,False,Langhantel mit Rack
EX001389,Step-up mit Langhantel,BOX,Plyo-Box,False,4,False,Functional Training
EX001390,"Step-up, hoch, mit Körpergewicht",BODY,Körpergewicht,True,1,True,Kein Equipment
EX001390,"Step-up, hoch, mit Körpergewicht",BOX,Plyo-Box,False,2,False,Functional Training
EX001391,"Step-up, niedrig, mit Körpergewicht",BODY,Körpergewicht,True,1,True,Kein Equipment
EX001391,"Step-up, niedrig, mit Körpergewicht",BOX,Plyo-Box,False,2,False,Functional Training
EX001392,Tempo-Kontrollierter Step-down seitlich,BODY,Körpergewicht,True,1,True,Kein Equipment
EX001392,Tempo-Kontrollierter Step-down seitlich,BOX,Plyo-Box,False,2,False,Functional Training
EX001393,Tempo-Kontrollierter Step-down vorwärts,BODY,Körpergewicht,True,1,True,Kein Equipment
EX001393,Tempo-Kontrollierter Step-down vorwärts,BOX,Plyo-Box,False,2,False,Functional Training
EX001394,Tempo-Seitlicher Step-up mit Kurzhanteln,DUMBBELL,Kurzhantel(n),True,1,False,Kurzhanteln
EX001394,Tempo-Seitlicher Step-up mit Kurzhanteln,BOX,Plyo-Box,False,2,False,Functional Training
EX001395,"Tempo-Step-up mit Kniehub, Körpergewicht",BODY,Körpergewicht,True,1,True,Kein Equipment
EX001395,"Tempo-Step-up mit Kniehub, Körpergewicht",BOX,Plyo-Box,False,2,False,Functional Training
EX001396,Tempo-Step-up mit Kurzhanteln,DUMBBELL,Kurzhantel(n),True,1,False,Kurzhanteln
EX001396,Tempo-Step-up mit Kurzhanteln,BOX,Plyo-Box,False,2,False,Functional Training
